detected_utc,detected_taipei,src_update_time,n_seats
2026-06-27T10:34:32+00:00,2026-06-27T18:34:32+08:00,2026-06-27T18:25:01+08:00,1794
2026-06-27T10:40:02+00:00,2026-06-27T18:40:02+08:00,2026-06-27T18:35:01+08:00,1728
2026-06-27T10:50:03+00:00,2026-06-27T18:50:03+08:00,2026-06-27T18:45:01+08:00,1718
2026-06-27T11:00:04+00:00,2026-06-27T19:00:04+08:00,2026-06-27T18:55:01+08:00,1580
2026-06-27T11:02:56+00:00,2026-06-27T19:02:56+08:00,2026-06-27T18:55:01+08:00,130
2026-06-27T11:10:03+00:00,2026-06-27T19:10:03+08:00,2026-06-27T19:05:01+08:00,130
2026-06-27T11:20:03+00:00,2026-06-27T19:20:03+08:00,2026-06-27T19:15:01+08:00,124
2026-06-27T11:30:03+00:00,2026-06-27T19:30:03+08:00,2026-06-27T19:25:01+08:00,121
2026-06-27T11:40:03+00:00,2026-06-27T19:40:03+08:00,2026-06-27T19:35:01+08:00,118
2026-06-27T11:50:03+00:00,2026-06-27T19:50:03+08:00,2026-06-27T19:45:01+08:00,115
2026-06-27T12:00:03+00:00,2026-06-27T20:00:03+08:00,2026-06-27T19:55:01+08:00,106
2026-06-27T12:10:03+00:00,2026-06-27T20:10:03+08:00,2026-06-27T20:05:01+08:00,106
2026-06-27T12:20:03+00:00,2026-06-27T20:20:03+08:00,2026-06-27T20:15:01+08:00,100
2026-06-27T12:30:03+00:00,2026-06-27T20:30:03+08:00,2026-06-27T20:25:01+08:00,97
2026-06-27T12:40:03+00:00,2026-06-27T20:40:03+08:00,2026-06-27T20:35:01+08:00,91
2026-06-27T12:50:03+00:00,2026-06-27T20:50:03+08:00,2026-06-27T20:45:01+08:00,88
2026-06-27T13:00:05+00:00,2026-06-27T21:00:05+08:00,2026-06-27T20:55:01+08:00,79
2026-06-27T13:10:04+00:00,2026-06-27T21:10:04+08:00,2026-06-27T21:05:01+08:00,79
2026-06-27T13:20:03+00:00,2026-06-27T21:20:03+08:00,2026-06-27T21:15:01+08:00,73
2026-06-27T13:30:04+00:00,2026-06-27T21:30:04+08:00,2026-06-27T21:25:01+08:00,70
2026-06-27T13:40:04+00:00,2026-06-27T21:40:04+08:00,2026-06-27T21:35:01+08:00,67
2026-06-27T13:50:03+00:00,2026-06-27T21:50:03+08:00,2026-06-27T21:45:01+08:00,64
2026-06-27T14:00:04+00:00,2026-06-27T22:00:04+08:00,2026-06-27T21:55:01+08:00,55
2026-06-27T14:10:03+00:00,2026-06-27T22:10:03+08:00,2026-06-27T22:05:01+08:00,55
2026-06-27T14:20:03+00:00,2026-06-27T22:20:03+08:00,2026-06-27T22:15:01+08:00,49
2026-06-27T14:30:03+00:00,2026-06-27T22:30:03+08:00,2026-06-27T22:25:01+08:00,46
2026-06-27T14:50:03+00:00,2026-06-27T22:50:03+08:00,2026-06-27T22:45:01+08:00,40
2026-06-27T15:00:04+00:00,2026-06-27T23:00:04+08:00,2026-06-27T22:55:01+08:00,31
2026-06-27T15:10:03+00:00,2026-06-27T23:10:03+08:00,2026-06-27T23:05:01+08:00,31
2026-06-27T15:20:03+00:00,2026-06-27T23:20:03+08:00,2026-06-27T23:15:01+08:00,28
2026-06-27T15:30:03+00:00,2026-06-27T23:30:03+08:00,2026-06-27T23:25:01+08:00,25
2026-06-27T15:40:03+00:00,2026-06-27T23:40:03+08:00,2026-06-27T23:35:01+08:00,21
2026-06-27T16:00:03+00:00,2026-06-28T00:00:03+08:00,2026-06-27T23:50:01+08:00,498
2026-06-27T16:10:03+00:00,2026-06-28T00:10:03+08:00,2026-06-27T23:50:01+08:00,498
2026-06-27T16:20:04+00:00,2026-06-28T00:20:04+08:00,2026-06-27T23:50:01+08:00,498
2026-06-27T16:30:03+00:00,2026-06-28T00:30:03+08:00,2026-06-27T23:50:01+08:00,498
2026-06-27T16:40:03+00:00,2026-06-28T00:40:03+08:00,2026-06-27T23:50:01+08:00,498
2026-06-27T17:00:04+00:00,2026-06-28T01:00:04+08:00,2026-06-27T23:50:01+08:00,498
2026-06-27T17:20:05+00:00,2026-06-28T01:20:05+08:00,2026-06-27T23:50:01+08:00,498
2026-06-27T17:40:05+00:00,2026-06-28T01:40:05+08:00,2026-06-27T23:50:01+08:00,498
2026-06-27T18:00:05+00:00,2026-06-28T02:00:05+08:00,2026-06-27T23:50:01+08:00,498
2026-06-27T18:20:05+00:00,2026-06-28T02:20:05+08:00,2026-06-27T23:50:01+08:00,498
2026-06-27T18:40:26+00:00,2026-06-28T02:40:26+08:00,2026-06-27T23:50:01+08:00,498
2026-06-27T19:00:05+00:00,2026-06-28T03:00:05+08:00,2026-06-27T23:50:01+08:00,498
2026-06-27T19:20:05+00:00,2026-06-28T03:20:05+08:00,2026-06-27T23:50:01+08:00,498
2026-06-27T19:40:05+00:00,2026-06-28T03:40:05+08:00,2026-06-27T23:50:01+08:00,498
2026-06-27T20:00:05+00:00,2026-06-28T04:00:05+08:00,2026-06-27T23:50:01+08:00,498
2026-06-27T20:20:05+00:00,2026-06-28T04:20:05+08:00,2026-06-27T23:50:01+08:00,498
2026-06-27T20:40:05+00:00,2026-06-28T04:40:05+08:00,2026-06-27T23:50:01+08:00,498
2026-06-27T20:50:04+00:00,2026-06-28T04:50:04+08:00,2026-06-27T23:50:01+08:00,498
2026-06-27T20:51:05+00:00,2026-06-28T04:51:05+08:00,2026-06-27T23:50:01+08:00,498
2026-06-27T20:52:05+00:00,2026-06-28T04:52:05+08:00,2026-06-27T23:50:01+08:00,498
2026-06-27T20:53:07+00:00,2026-06-28T04:53:07+08:00,2026-06-27T23:50:01+08:00,498
2026-06-27T20:54:05+00:00,2026-06-28T04:54:05+08:00,2026-06-27T23:50:01+08:00,498
2026-06-27T20:55:05+00:00,2026-06-28T04:55:05+08:00,2026-06-27T23:50:01+08:00,498
2026-06-27T20:56:05+00:00,2026-06-28T04:56:05+08:00,2026-06-27T23:50:01+08:00,498
2026-06-27T20:57:05+00:00,2026-06-28T04:57:05+08:00,2026-06-27T23:50:01+08:00,498
2026-06-27T20:58:05+00:00,2026-06-28T04:58:05+08:00,2026-06-27T23:50:01+08:00,498
2026-06-27T20:59:05+00:00,2026-06-28T04:59:05+08:00,2026-06-27T23:50:01+08:00,498
2026-06-27T21:00:05+00:00,2026-06-28T05:00:05+08:00,2026-06-27T23:50:01+08:00,498
2026-06-27T21:01:05+00:00,2026-06-28T05:01:05+08:00,2026-06-27T23:50:01+08:00,498
2026-06-27T21:02:05+00:00,2026-06-28T05:02:05+08:00,2026-06-27T23:50:01+08:00,498
2026-06-27T21:03:05+00:00,2026-06-28T05:03:05+08:00,2026-06-27T23:50:01+08:00,498
2026-06-27T21:04:05+00:00,2026-06-28T05:04:05+08:00,2026-06-27T23:50:01+08:00,498
2026-06-27T21:05:05+00:00,2026-06-28T05:05:05+08:00,,0
2026-06-27T21:06:05+00:00,2026-06-28T05:06:05+08:00,,0
2026-06-27T21:07:25+00:00,2026-06-28T05:07:25+08:00,,0
2026-06-27T21:08:05+00:00,2026-06-28T05:08:05+08:00,,0
2026-06-27T21:30:05+00:00,2026-06-28T05:30:05+08:00,2026-06-28T05:25:01+08:00,498
2026-06-27T21:40:05+00:00,2026-06-28T05:40:05+08:00,2026-06-28T05:35:01+08:00,498
2026-06-27T21:50:05+00:00,2026-06-28T05:50:05+08:00,2026-06-28T05:45:01+08:00,498
2026-06-27T22:00:05+00:00,2026-06-28T06:00:05+08:00,2026-06-28T05:55:01+08:00,498
2026-06-27T22:10:05+00:00,2026-06-28T06:10:05+08:00,2026-06-28T06:05:01+08:00,498
2026-06-27T22:20:05+00:00,2026-06-28T06:20:05+08:00,2026-06-28T06:15:01+08:00,498
2026-06-27T22:30:05+00:00,2026-06-28T06:30:05+08:00,2026-06-28T06:25:01+08:00,498
2026-06-27T22:40:25+00:00,2026-06-28T06:40:25+08:00,2026-06-28T06:35:01+08:00,498
2026-06-27T22:50:05+00:00,2026-06-28T06:50:05+08:00,2026-06-28T06:45:01+08:00,498
2026-06-27T23:00:05+00:00,2026-06-28T07:00:05+08:00,2026-06-28T06:55:01+08:00,498
2026-06-27T23:10:05+00:00,2026-06-28T07:10:05+08:00,2026-06-28T07:05:01+08:00,498
2026-06-27T23:20:05+00:00,2026-06-28T07:20:05+08:00,2026-06-28T07:15:01+08:00,498
2026-06-27T23:30:05+00:00,2026-06-28T07:30:05+08:00,2026-06-28T07:25:01+08:00,497
2026-06-27T23:40:05+00:00,2026-06-28T07:40:05+08:00,2026-06-28T07:35:01+08:00,496
2026-06-27T23:50:05+00:00,2026-06-28T07:50:05+08:00,2026-06-28T07:45:01+08:00,496
2026-06-28T00:00:05+00:00,2026-06-28T08:00:05+08:00,2026-06-28T07:55:01+08:00,496
2026-06-28T00:10:05+00:00,2026-06-28T08:10:05+08:00,2026-06-28T08:05:01+08:00,493
2026-06-28T00:20:05+00:00,2026-06-28T08:20:05+08:00,2026-06-28T08:15:01+08:00,492
2026-06-28T00:30:05+00:00,2026-06-28T08:30:05+08:00,2026-06-28T08:25:01+08:00,489
2026-06-28T00:40:05+00:00,2026-06-28T08:40:05+08:00,2026-06-28T08:35:01+08:00,489
2026-06-28T00:50:06+00:00,2026-06-28T08:50:06+08:00,2026-06-28T08:45:01+08:00,483
2026-06-28T01:00:04+00:00,2026-06-28T09:00:04+08:00,2026-06-28T08:55:01+08:00,477
2026-06-28T01:10:05+00:00,2026-06-28T09:10:05+08:00,2026-06-28T09:05:01+08:00,477
2026-06-28T01:20:05+00:00,2026-06-28T09:20:05+08:00,2026-06-28T09:15:01+08:00,468
2026-06-28T01:30:05+00:00,2026-06-28T09:30:05+08:00,2026-06-28T09:25:01+08:00,468
2026-06-28T01:40:05+00:00,2026-06-28T09:40:05+08:00,2026-06-28T09:35:01+08:00,462
2026-06-28T01:50:05+00:00,2026-06-28T09:50:05+08:00,2026-06-28T09:45:01+08:00,459
2026-06-28T02:00:05+00:00,2026-06-28T10:00:05+08:00,2026-06-28T09:55:01+08:00,450
2026-06-28T02:10:05+00:00,2026-06-28T10:10:05+08:00,2026-06-28T10:05:01+08:00,450
2026-06-28T02:20:05+00:00,2026-06-28T10:20:05+08:00,2026-06-28T10:15:01+08:00,441
2026-06-28T02:30:05+00:00,2026-06-28T10:30:05+08:00,2026-06-28T10:25:01+08:00,438
2026-06-28T02:40:26+00:00,2026-06-28T10:40:26+08:00,2026-06-28T10:35:01+08:00,435
2026-06-28T02:50:05+00:00,2026-06-28T10:50:05+08:00,2026-06-28T10:45:01+08:00,432
2026-06-28T03:00:05+00:00,2026-06-28T11:00:05+08:00,2026-06-28T10:55:01+08:00,423
2026-06-28T03:10:05+00:00,2026-06-28T11:10:05+08:00,2026-06-28T11:05:01+08:00,423
2026-06-28T03:20:05+00:00,2026-06-28T11:20:05+08:00,2026-06-28T11:15:01+08:00,414
2026-06-28T03:30:05+00:00,2026-06-28T11:30:05+08:00,2026-06-28T11:25:01+08:00,411
2026-06-28T03:40:05+00:00,2026-06-28T11:40:05+08:00,2026-06-28T11:35:01+08:00,405
2026-06-28T04:00:05+00:00,2026-06-28T12:00:05+08:00,2026-06-28T11:55:01+08:00,393
2026-06-28T04:10:05+00:00,2026-06-28T12:10:05+08:00,2026-06-28T12:05:01+08:00,393
2026-06-28T04:20:05+00:00,2026-06-28T12:20:05+08:00,2026-06-28T12:15:01+08:00,387
2026-06-28T04:30:05+00:00,2026-06-28T12:30:05+08:00,2026-06-28T12:25:01+08:00,384
2026-06-28T04:40:05+00:00,2026-06-28T12:40:05+08:00,2026-06-28T12:35:01+08:00,381
2026-06-28T04:50:05+00:00,2026-06-28T12:50:05+08:00,2026-06-28T12:45:01+08:00,378
2026-06-28T05:00:05+00:00,2026-06-28T13:00:05+08:00,2026-06-28T12:55:01+08:00,369
2026-06-28T05:10:06+00:00,2026-06-28T13:10:06+08:00,2026-06-28T13:05:01+08:00,366
2026-06-28T05:20:05+00:00,2026-06-28T13:20:05+08:00,2026-06-28T13:15:01+08:00,360
2026-06-28T05:30:05+00:00,2026-06-28T13:30:05+08:00,2026-06-28T13:25:01+08:00,357
2026-06-28T05:40:05+00:00,2026-06-28T13:40:05+08:00,2026-06-28T13:35:01+08:00,354
2026-06-28T05:50:05+00:00,2026-06-28T13:50:05+08:00,2026-06-28T13:45:01+08:00,351
2026-06-28T06:00:05+00:00,2026-06-28T14:00:05+08:00,2026-06-28T13:55:01+08:00,342
2026-06-28T06:10:05+00:00,2026-06-28T14:10:05+08:00,2026-06-28T14:05:01+08:00,342
2026-06-28T06:20:06+00:00,2026-06-28T14:20:06+08:00,2026-06-28T14:15:01+08:00,333
2026-06-28T06:30:05+00:00,2026-06-28T14:30:05+08:00,2026-06-28T14:25:01+08:00,330
2026-06-28T06:40:27+00:00,2026-06-28T14:40:27+08:00,2026-06-28T14:35:01+08:00,326
2026-06-28T06:50:05+00:00,2026-06-28T14:50:05+08:00,2026-06-28T14:45:01+08:00,323
2026-06-28T07:00:05+00:00,2026-06-28T15:00:05+08:00,2026-06-28T14:55:01+08:00,314
2026-06-28T07:10:05+00:00,2026-06-28T15:10:05+08:00,2026-06-28T15:05:01+08:00,314
2026-06-28T07:20:05+00:00,2026-06-28T15:20:05+08:00,2026-06-28T15:15:01+08:00,305
2026-06-28T07:30:05+00:00,2026-06-28T15:30:05+08:00,2026-06-28T15:25:01+08:00,302
2026-06-28T07:40:05+00:00,2026-06-28T15:40:05+08:00,2026-06-28T15:35:01+08:00,295
2026-06-28T07:50:05+00:00,2026-06-28T15:50:05+08:00,2026-06-28T15:45:01+08:00,292
2026-06-28T08:00:05+00:00,2026-06-28T16:00:05+08:00,2026-06-28T15:55:01+08:00,282
2026-06-28T08:10:05+00:00,2026-06-28T16:10:05+08:00,2026-06-28T16:05:01+08:00,282
2026-06-28T08:20:03+00:00,2026-06-28T16:20:03+08:00,2026-06-28T16:15:01+08:00,273
2026-06-28T08:30:03+00:00,2026-06-28T16:30:03+08:00,2026-06-28T16:25:01+08:00,270
2026-06-28T08:40:03+00:00,2026-06-28T16:40:03+08:00,2026-06-28T16:35:01+08:00,263
2026-06-28T08:50:03+00:00,2026-06-28T16:50:03+08:00,2026-06-28T16:45:01+08:00,260
2026-06-28T09:00:03+00:00,2026-06-28T17:00:03+08:00,2026-06-28T16:55:01+08:00,250
2026-06-28T09:10:03+00:00,2026-06-28T17:10:03+08:00,2026-06-28T17:05:01+08:00,247
2026-06-28T09:20:03+00:00,2026-06-28T17:20:03+08:00,2026-06-28T17:15:01+08:00,238
2026-06-28T09:30:03+00:00,2026-06-28T17:30:03+08:00,2026-06-28T17:25:01+08:00,235
2026-06-28T09:40:03+00:00,2026-06-28T17:40:03+08:00,2026-06-28T17:35:01+08:00,228
2026-06-28T09:50:03+00:00,2026-06-28T17:50:03+08:00,2026-06-28T17:45:01+08:00,225
2026-06-28T10:00:03+00:00,2026-06-28T18:00:03+08:00,2026-06-28T17:55:01+08:00,215
2026-06-28T10:10:03+00:00,2026-06-28T18:10:03+08:00,2026-06-28T18:05:01+08:00,212
2026-06-28T10:20:03+00:00,2026-06-28T18:20:03+08:00,2026-06-28T18:15:01+08:00,203
2026-06-28T10:30:03+00:00,2026-06-28T18:30:03+08:00,2026-06-28T18:25:01+08:00,200
2026-06-28T10:40:24+00:00,2026-06-28T18:40:24+08:00,2026-06-28T18:35:01+08:00,193
2026-06-28T10:50:03+00:00,2026-06-28T18:50:03+08:00,2026-06-28T18:45:01+08:00,190
2026-06-28T11:00:03+00:00,2026-06-28T19:00:03+08:00,2026-06-28T18:55:01+08:00,180
2026-06-28T11:10:03+00:00,2026-06-28T19:10:03+08:00,2026-06-28T19:05:01+08:00,180
2026-06-28T11:20:03+00:00,2026-06-28T19:20:03+08:00,2026-06-28T19:15:01+08:00,171
2026-06-28T11:30:04+00:00,2026-06-28T19:30:04+08:00,2026-06-28T19:25:01+08:00,168
2026-06-28T11:40:03+00:00,2026-06-28T19:40:03+08:00,2026-06-28T19:35:01+08:00,161
2026-06-28T11:50:03+00:00,2026-06-28T19:50:03+08:00,2026-06-28T19:45:01+08:00,158
2026-06-28T12:00:04+00:00,2026-06-28T20:00:04+08:00,2026-06-28T19:55:01+08:00,148
2026-06-28T12:10:03+00:00,2026-06-28T20:10:03+08:00,2026-06-28T20:05:01+08:00,145
2026-06-28T12:20:04+00:00,2026-06-28T20:20:04+08:00,2026-06-28T20:15:01+08:00,136
2026-06-28T12:30:03+00:00,2026-06-28T20:30:03+08:00,2026-06-28T20:25:01+08:00,133
2026-06-28T12:40:03+00:00,2026-06-28T20:40:03+08:00,2026-06-28T20:35:01+08:00,126
2026-06-28T12:50:03+00:00,2026-06-28T20:50:03+08:00,2026-06-28T20:45:01+08:00,123
2026-06-28T13:00:03+00:00,2026-06-28T21:00:03+08:00,2026-06-28T20:55:01+08:00,113
2026-06-28T13:10:03+00:00,2026-06-28T21:10:03+08:00,2026-06-28T21:05:01+08:00,110
2026-06-28T13:20:03+00:00,2026-06-28T21:20:03+08:00,2026-06-28T21:15:01+08:00,101
2026-06-28T13:30:03+00:00,2026-06-28T21:30:03+08:00,2026-06-28T21:25:01+08:00,98
2026-06-28T13:40:03+00:00,2026-06-28T21:40:03+08:00,2026-06-28T21:35:01+08:00,91
2026-06-28T13:50:03+00:00,2026-06-28T21:50:03+08:00,2026-06-28T21:45:01+08:00,88
2026-06-28T14:00:03+00:00,2026-06-28T22:00:03+08:00,2026-06-28T21:55:01+08:00,78
2026-06-28T14:10:03+00:00,2026-06-28T22:10:03+08:00,2026-06-28T22:05:01+08:00,75
2026-06-28T14:20:04+00:00,2026-06-28T22:20:04+08:00,2026-06-28T22:15:01+08:00,66
2026-06-28T14:30:03+00:00,2026-06-28T22:30:03+08:00,2026-06-28T22:25:01+08:00,63
2026-06-28T14:40:03+00:00,2026-06-28T22:40:03+08:00,2026-06-28T22:35:01+08:00,56
2026-06-28T14:50:03+00:00,2026-06-28T22:50:03+08:00,2026-06-28T22:45:01+08:00,53
2026-06-28T15:00:04+00:00,2026-06-28T23:00:04+08:00,2026-06-28T22:55:01+08:00,44
2026-06-28T15:10:03+00:00,2026-06-28T23:10:03+08:00,2026-06-28T23:05:01+08:00,38
2026-06-28T15:20:03+00:00,2026-06-28T23:20:03+08:00,2026-06-28T23:15:01+08:00,33
2026-06-28T15:30:04+00:00,2026-06-28T23:30:04+08:00,2026-06-28T23:25:01+08:00,30
2026-06-28T15:40:03+00:00,2026-06-28T23:40:03+08:00,2026-06-28T23:35:01+08:00,23
2026-06-28T16:00:03+00:00,2026-06-29T00:00:03+08:00,2026-06-28T23:50:01+08:00,440
2026-06-28T16:10:05+00:00,2026-06-29T00:10:05+08:00,2026-06-28T23:50:01+08:00,440
2026-06-28T16:20:07+00:00,2026-06-29T00:20:07+08:00,2026-06-28T23:50:01+08:00,440
2026-06-28T16:30:05+00:00,2026-06-29T00:30:05+08:00,2026-06-28T23:50:01+08:00,440
2026-06-28T16:40:04+00:00,2026-06-29T00:40:04+08:00,2026-06-28T23:50:01+08:00,440
2026-06-28T17:00:04+00:00,2026-06-29T01:00:04+08:00,2026-06-28T23:50:01+08:00,440
2026-06-28T17:20:04+00:00,2026-06-29T01:20:04+08:00,2026-06-28T23:50:01+08:00,440
2026-06-28T17:40:07+00:00,2026-06-29T01:40:07+08:00,2026-06-28T23:50:01+08:00,440
2026-06-28T18:00:04+00:00,2026-06-29T02:00:04+08:00,2026-06-28T23:50:01+08:00,440
2026-06-28T18:20:05+00:00,2026-06-29T02:20:05+08:00,2026-06-28T23:50:01+08:00,440
2026-06-28T18:40:28+00:00,2026-06-29T02:40:28+08:00,2026-06-28T23:50:01+08:00,440
2026-06-28T19:00:05+00:00,2026-06-29T03:00:05+08:00,2026-06-28T23:50:01+08:00,440
2026-06-28T19:20:04+00:00,2026-06-29T03:20:04+08:00,2026-06-28T23:50:01+08:00,440
2026-06-28T19:40:07+00:00,2026-06-29T03:40:07+08:00,2026-06-28T23:50:01+08:00,440
2026-06-28T20:00:04+00:00,2026-06-29T04:00:04+08:00,2026-06-28T23:50:01+08:00,440
2026-06-28T20:20:04+00:00,2026-06-29T04:20:04+08:00,2026-06-28T23:50:01+08:00,440
2026-06-28T20:40:07+00:00,2026-06-29T04:40:07+08:00,2026-06-28T23:50:01+08:00,440
2026-06-28T20:55:04+00:00,2026-06-29T04:55:04+08:00,2026-06-28T23:50:01+08:00,440
2026-06-28T20:56:05+00:00,2026-06-29T04:56:05+08:00,2026-06-28T23:50:01+08:00,440
2026-06-28T20:57:04+00:00,2026-06-29T04:57:04+08:00,2026-06-28T23:50:01+08:00,440
2026-06-28T20:58:04+00:00,2026-06-29T04:58:04+08:00,2026-06-28T23:50:01+08:00,440
2026-06-28T20:59:04+00:00,2026-06-29T04:59:04+08:00,2026-06-28T23:50:01+08:00,440
2026-06-28T21:00:04+00:00,2026-06-29T05:00:04+08:00,2026-06-28T23:50:01+08:00,440
2026-06-28T21:01:04+00:00,2026-06-29T05:01:04+08:00,2026-06-28T23:50:01+08:00,440
2026-06-28T21:02:04+00:00,2026-06-29T05:02:04+08:00,2026-06-28T23:50:01+08:00,440
2026-06-28T21:03:04+00:00,2026-06-29T05:03:04+08:00,2026-06-28T23:50:01+08:00,440
2026-06-28T21:04:04+00:00,2026-06-29T05:04:04+08:00,2026-06-28T23:50:01+08:00,440
2026-06-28T21:05:05+00:00,2026-06-29T05:05:05+08:00,,0
2026-06-28T21:06:04+00:00,2026-06-29T05:06:04+08:00,,0
2026-06-28T21:07:28+00:00,2026-06-29T05:07:28+08:00,,0
2026-06-28T21:08:04+00:00,2026-06-29T05:08:04+08:00,,0
2026-06-28T21:09:04+00:00,2026-06-29T05:09:04+08:00,,0
2026-06-28T21:10:04+00:00,2026-06-29T05:10:04+08:00,2026-06-29T05:05:01+08:00,440
2026-06-28T21:11:04+00:00,2026-06-29T05:11:04+08:00,2026-06-29T05:05:01+08:00,440
2026-06-28T21:12:04+00:00,2026-06-29T05:12:04+08:00,2026-06-29T05:05:01+08:00,440
2026-06-28T21:13:04+00:00,2026-06-29T05:13:04+08:00,2026-06-29T05:05:01+08:00,440
2026-06-28T21:14:04+00:00,2026-06-29T05:14:04+08:00,2026-06-29T05:05:01+08:00,440
2026-06-28T21:15:04+00:00,2026-06-29T05:15:04+08:00,2026-06-29T05:10:01+08:00,440
2026-06-28T21:16:07+00:00,2026-06-29T05:16:07+08:00,2026-06-29T05:10:01+08:00,440
2026-06-28T21:17:04+00:00,2026-06-29T05:17:04+08:00,2026-06-29T05:10:01+08:00,440
2026-06-28T21:18:04+00:00,2026-06-29T05:18:04+08:00,2026-06-29T05:10:01+08:00,440
2026-06-28T21:19:04+00:00,2026-06-29T05:19:04+08:00,2026-06-29T05:10:01+08:00,440
2026-06-28T21:21:04+00:00,2026-06-29T05:21:04+08:00,2026-06-29T05:15:01+08:00,440
2026-06-28T21:22:04+00:00,2026-06-29T05:22:04+08:00,2026-06-29T05:15:01+08:00,440
2026-06-28T21:23:04+00:00,2026-06-29T05:23:04+08:00,2026-06-29T05:15:01+08:00,440
2026-06-28T21:24:04+00:00,2026-06-29T05:24:04+08:00,2026-06-29T05:15:01+08:00,440
2026-06-28T21:25:04+00:00,2026-06-29T05:25:04+08:00,2026-06-29T05:20:01+08:00,440
2026-06-28T21:26:05+00:00,2026-06-29T05:26:05+08:00,2026-06-29T05:20:01+08:00,440
2026-06-28T21:27:31+00:00,2026-06-29T05:27:31+08:00,2026-06-29T05:20:01+08:00,440
2026-06-28T21:28:04+00:00,2026-06-29T05:28:04+08:00,2026-06-29T05:20:01+08:00,440
2026-06-28T21:29:04+00:00,2026-06-29T05:29:04+08:00,2026-06-29T05:20:01+08:00,440
2026-06-28T21:30:04+00:00,2026-06-29T05:30:04+08:00,2026-06-29T05:25:01+08:00,440
2026-06-28T21:31:04+00:00,2026-06-29T05:31:04+08:00,2026-06-29T05:25:01+08:00,440
2026-06-28T21:32:04+00:00,2026-06-29T05:32:04+08:00,2026-06-29T05:25:01+08:00,440
2026-06-28T21:33:04+00:00,2026-06-29T05:33:04+08:00,2026-06-29T05:25:01+08:00,440
2026-06-28T21:34:05+00:00,2026-06-29T05:34:05+08:00,2026-06-29T05:25:01+08:00,440
2026-06-28T21:35:04+00:00,2026-06-29T05:35:04+08:00,2026-06-29T05:30:01+08:00,440
2026-06-28T21:36:04+00:00,2026-06-29T05:36:04+08:00,2026-06-29T05:30:01+08:00,440
2026-06-28T21:37:06+00:00,2026-06-29T05:37:06+08:00,2026-06-29T05:30:01+08:00,440
2026-06-28T21:38:04+00:00,2026-06-29T05:38:04+08:00,2026-06-29T05:30:01+08:00,440
2026-06-28T21:39:04+00:00,2026-06-29T05:39:04+08:00,2026-06-29T05:30:01+08:00,440
2026-06-28T21:40:04+00:00,2026-06-29T05:40:04+08:00,2026-06-29T05:35:01+08:00,440
2026-06-28T21:50:04+00:00,2026-06-29T05:50:04+08:00,2026-06-29T05:45:01+08:00,440
2026-06-28T22:00:04+00:00,2026-06-29T06:00:04+08:00,2026-06-29T05:55:01+08:00,440
2026-06-28T22:10:04+00:00,2026-06-29T06:10:04+08:00,2026-06-29T06:05:01+08:00,440
2026-06-28T22:20:04+00:00,2026-06-29T06:20:04+08:00,2026-06-29T06:15:01+08:00,440
2026-06-28T22:30:04+00:00,2026-06-29T06:30:04+08:00,2026-06-29T06:25:01+08:00,440
2026-06-28T22:40:26+00:00,2026-06-29T06:40:26+08:00,2026-06-29T06:35:01+08:00,440
2026-06-28T22:50:04+00:00,2026-06-29T06:50:04+08:00,2026-06-29T06:45:01+08:00,440
2026-06-28T23:00:04+00:00,2026-06-29T07:00:04+08:00,2026-06-29T06:55:01+08:00,440
2026-06-28T23:10:04+00:00,2026-06-29T07:10:04+08:00,2026-06-29T07:05:01+08:00,440
2026-06-28T23:20:04+00:00,2026-06-29T07:20:04+08:00,2026-06-29T07:15:01+08:00,440
2026-06-28T23:30:05+00:00,2026-06-29T07:30:05+08:00,2026-06-29T07:25:01+08:00,439
2026-06-28T23:40:04+00:00,2026-06-29T07:40:04+08:00,2026-06-29T07:35:01+08:00,438
2026-06-28T23:50:04+00:00,2026-06-29T07:50:04+08:00,2026-06-29T07:45:01+08:00,438
2026-06-29T00:00:05+00:00,2026-06-29T08:00:05+08:00,2026-06-29T07:55:01+08:00,437
2026-06-29T00:10:05+00:00,2026-06-29T08:10:05+08:00,2026-06-29T08:05:01+08:00,434
2026-06-29T00:20:07+00:00,2026-06-29T08:20:07+08:00,2026-06-29T08:15:01+08:00,433
2026-06-29T00:30:06+00:00,2026-06-29T08:30:06+08:00,2026-06-29T08:25:01+08:00,424
2026-06-29T00:40:06+00:00,2026-06-29T08:40:06+08:00,2026-06-29T08:35:01+08:00,423
2026-06-29T00:50:05+00:00,2026-06-29T08:50:05+08:00,2026-06-29T08:45:01+08:00,417
2026-06-29T01:00:04+00:00,2026-06-29T09:00:04+08:00,2026-06-29T08:55:01+08:00,407
2026-06-29T01:10:05+00:00,2026-06-29T09:10:05+08:00,2026-06-29T09:05:01+08:00,404
2026-06-29T01:20:06+00:00,2026-06-29T09:20:06+08:00,2026-06-29T09:15:01+08:00,395
2026-06-29T01:30:06+00:00,2026-06-29T09:30:06+08:00,2026-06-29T09:25:01+08:00,395
2026-06-29T01:40:05+00:00,2026-06-29T09:40:05+08:00,2026-06-29T09:35:01+08:00,388
2026-06-29T01:50:06+00:00,2026-06-29T09:50:06+08:00,2026-06-29T09:45:01+08:00,385
2026-06-29T02:00:06+00:00,2026-06-29T10:00:06+08:00,2026-06-29T09:55:01+08:00,376
2026-06-29T02:10:05+00:00,2026-06-29T10:10:05+08:00,2026-06-29T10:05:01+08:00,373
2026-06-29T02:20:07+00:00,2026-06-29T10:20:07+08:00,2026-06-29T10:15:01+08:00,364
2026-06-29T02:30:08+00:00,2026-06-29T10:30:08+08:00,2026-06-29T10:25:01+08:00,361
2026-06-29T02:40:27+00:00,2026-06-29T10:40:27+08:00,2026-06-29T10:35:01+08:00,355
2026-06-29T02:50:05+00:00,2026-06-29T10:50:05+08:00,2026-06-29T10:45:01+08:00,352
2026-06-29T03:00:06+00:00,2026-06-29T11:00:06+08:00,2026-06-29T10:55:01+08:00,343
2026-06-29T03:10:05+00:00,2026-06-29T11:10:05+08:00,2026-06-29T11:05:01+08:00,343
2026-06-29T03:20:06+00:00,2026-06-29T11:20:06+08:00,2026-06-29T11:15:01+08:00,337
2026-06-29T03:30:05+00:00,2026-06-29T11:30:05+08:00,2026-06-29T11:25:01+08:00,334
2026-06-29T03:40:05+00:00,2026-06-29T11:40:05+08:00,2026-06-29T11:35:01+08:00,328
2026-06-29T04:00:05+00:00,2026-06-29T12:00:05+08:00,2026-06-29T11:55:01+08:00,316
2026-06-29T04:10:06+00:00,2026-06-29T12:10:06+08:00,2026-06-29T12:05:01+08:00,316
2026-06-29T04:20:05+00:00,2026-06-29T12:20:05+08:00,2026-06-29T12:15:01+08:00,307
2026-06-29T04:30:05+00:00,2026-06-29T12:30:05+08:00,2026-06-29T12:25:01+08:00,304
2026-06-29T04:40:09+00:00,2026-06-29T12:40:09+08:00,2026-06-29T12:35:01+08:00,301
2026-06-29T04:50:05+00:00,2026-06-29T12:50:05+08:00,2026-06-29T12:45:01+08:00,298
2026-06-29T05:00:05+00:00,2026-06-29T13:00:05+08:00,2026-06-29T12:55:01+08:00,289
2026-06-29T05:10:05+00:00,2026-06-29T13:10:05+08:00,2026-06-29T13:05:01+08:00,286
2026-06-29T05:20:07+00:00,2026-06-29T13:20:07+08:00,2026-06-29T13:15:01+08:00,280
2026-06-29T05:30:06+00:00,2026-06-29T13:30:06+08:00,2026-06-29T13:25:01+08:00,277
2026-06-29T05:40:05+00:00,2026-06-29T13:40:05+08:00,2026-06-29T13:35:01+08:00,274
2026-06-29T05:50:05+00:00,2026-06-29T13:50:05+08:00,2026-06-29T13:45:01+08:00,271
2026-06-29T06:00:05+00:00,2026-06-29T14:00:05+08:00,2026-06-29T13:55:01+08:00,262
2026-06-29T06:10:05+00:00,2026-06-29T14:10:05+08:00,2026-06-29T14:05:01+08:00,262
2026-06-29T06:20:05+00:00,2026-06-29T14:20:05+08:00,2026-06-29T14:15:01+08:00,256
2026-06-29T06:30:05+00:00,2026-06-29T14:30:05+08:00,2026-06-29T14:25:01+08:00,253
2026-06-29T06:40:27+00:00,2026-06-29T14:40:27+08:00,2026-06-29T14:35:01+08:00,250
2026-06-29T06:50:05+00:00,2026-06-29T14:50:05+08:00,2026-06-29T14:45:01+08:00,247
2026-06-29T07:00:05+00:00,2026-06-29T15:00:05+08:00,2026-06-29T14:55:01+08:00,238
2026-06-29T07:10:05+00:00,2026-06-29T15:10:05+08:00,2026-06-29T15:05:01+08:00,238
2026-06-29T07:20:06+00:00,2026-06-29T15:20:06+08:00,2026-06-29T15:15:01+08:00,232
2026-06-29T07:30:05+00:00,2026-06-29T15:30:05+08:00,2026-06-29T15:25:01+08:00,229
2026-06-29T07:40:05+00:00,2026-06-29T15:40:05+08:00,2026-06-29T15:35:01+08:00,226
2026-06-29T07:50:06+00:00,2026-06-29T15:50:06+08:00,2026-06-29T15:45:01+08:00,223
2026-06-29T08:00:05+00:00,2026-06-29T16:00:05+08:00,2026-06-29T15:55:01+08:00,214
2026-06-29T08:10:05+00:00,2026-06-29T16:10:05+08:00,2026-06-29T16:05:01+08:00,214
2026-06-29T08:20:05+00:00,2026-06-29T16:20:05+08:00,2026-06-29T16:15:01+08:00,208
2026-06-29T08:30:07+00:00,2026-06-29T16:30:07+08:00,2026-06-29T16:25:01+08:00,205
2026-06-29T08:40:04+00:00,2026-06-29T16:40:04+08:00,2026-06-29T16:35:01+08:00,202
2026-06-29T08:50:05+00:00,2026-06-29T16:50:05+08:00,2026-06-29T16:45:01+08:00,199
2026-06-29T09:00:05+00:00,2026-06-29T17:00:05+08:00,2026-06-29T16:55:01+08:00,190
2026-06-29T09:10:04+00:00,2026-06-29T17:10:04+08:00,2026-06-29T17:05:01+08:00,190
2026-06-29T09:20:04+00:00,2026-06-29T17:20:04+08:00,2026-06-29T17:15:01+08:00,181
2026-06-29T09:30:04+00:00,2026-06-29T17:30:04+08:00,2026-06-29T17:25:01+08:00,178
2026-06-29T09:40:05+00:00,2026-06-29T17:40:05+08:00,2026-06-29T17:35:01+08:00,175
2026-06-29T09:50:05+00:00,2026-06-29T17:50:05+08:00,2026-06-29T17:45:01+08:00,172
2026-06-29T10:00:05+00:00,2026-06-29T18:00:05+08:00,2026-06-29T17:55:01+08:00,163
2026-06-29T10:10:04+00:00,2026-06-29T18:10:04+08:00,2026-06-29T18:05:01+08:00,160
2026-06-29T10:20:04+00:00,2026-06-29T18:20:04+08:00,2026-06-29T18:15:01+08:00,151
2026-06-29T10:30:05+00:00,2026-06-29T18:30:05+08:00,2026-06-29T18:25:01+08:00,148
2026-06-29T10:40:24+00:00,2026-06-29T18:40:24+08:00,2026-06-29T18:35:01+08:00,141
2026-06-29T10:50:04+00:00,2026-06-29T18:50:04+08:00,2026-06-29T18:45:01+08:00,138
2026-06-29T11:00:05+00:00,2026-06-29T19:00:05+08:00,2026-06-29T18:55:01+08:00,129
2026-06-29T11:10:04+00:00,2026-06-29T19:10:04+08:00,2026-06-29T19:05:01+08:00,125
2026-06-29T11:20:05+00:00,2026-06-29T19:20:05+08:00,2026-06-29T19:15:01+08:00,116
2026-06-29T11:30:04+00:00,2026-06-29T19:30:04+08:00,2026-06-29T19:25:01+08:00,113
2026-06-29T11:40:04+00:00,2026-06-29T19:40:04+08:00,2026-06-29T19:35:01+08:00,110
2026-06-29T11:50:04+00:00,2026-06-29T19:50:04+08:00,2026-06-29T19:45:01+08:00,107
2026-06-29T12:00:05+00:00,2026-06-29T20:00:05+08:00,2026-06-29T19:55:01+08:00,97
2026-06-29T12:10:04+00:00,2026-06-29T20:10:04+08:00,2026-06-29T20:05:01+08:00,97
2026-06-29T12:20:04+00:00,2026-06-29T20:20:04+08:00,2026-06-29T20:15:01+08:00,91
2026-06-29T12:30:04+00:00,2026-06-29T20:30:04+08:00,2026-06-29T20:25:01+08:00,88
2026-06-29T12:40:04+00:00,2026-06-29T20:40:04+08:00,2026-06-29T20:35:01+08:00,82
2026-06-29T12:50:04+00:00,2026-06-29T20:50:04+08:00,2026-06-29T20:45:01+08:00,79
2026-06-29T13:00:06+00:00,2026-06-29T21:00:06+08:00,2026-06-29T20:55:01+08:00,70
2026-06-29T13:10:04+00:00,2026-06-29T21:10:04+08:00,2026-06-29T21:05:01+08:00,70
2026-06-29T13:20:04+00:00,2026-06-29T21:20:04+08:00,2026-06-29T21:15:01+08:00,64
2026-06-29T13:30:04+00:00,2026-06-29T21:30:04+08:00,2026-06-29T21:25:01+08:00,61
2026-06-29T13:40:04+00:00,2026-06-29T21:40:04+08:00,2026-06-29T21:35:01+08:00,58
2026-06-29T13:50:04+00:00,2026-06-29T21:50:04+08:00,2026-06-29T21:45:01+08:00,55
2026-06-29T14:00:05+00:00,2026-06-29T22:00:05+08:00,2026-06-29T21:55:01+08:00,49
2026-06-29T14:10:05+00:00,2026-06-29T22:10:05+08:00,2026-06-29T22:05:01+08:00,49
2026-06-29T14:20:05+00:00,2026-06-29T22:20:05+08:00,2026-06-29T22:15:01+08:00,43
2026-06-29T14:30:07+00:00,2026-06-29T22:30:07+08:00,2026-06-29T22:25:01+08:00,43
2026-06-29T14:40:26+00:00,2026-06-29T22:40:26+08:00,2026-06-29T22:35:01+08:00,40
2026-06-29T14:50:04+00:00,2026-06-29T22:50:04+08:00,2026-06-29T22:45:01+08:00,37
2026-06-29T15:00:05+00:00,2026-06-29T23:00:05+08:00,2026-06-29T22:55:01+08:00,31
2026-06-29T15:10:04+00:00,2026-06-29T23:10:04+08:00,2026-06-29T23:05:01+08:00,31
2026-06-29T15:20:04+00:00,2026-06-29T23:20:04+08:00,2026-06-29T23:15:01+08:00,28
2026-06-29T15:30:04+00:00,2026-06-29T23:30:04+08:00,2026-06-29T23:25:01+08:00,25
2026-06-29T15:40:05+00:00,2026-06-29T23:40:05+08:00,2026-06-29T23:35:01+08:00,21
2026-06-29T16:00:05+00:00,2026-06-30T00:00:05+08:00,2026-06-29T23:50:01+08:00,419
2026-06-29T16:10:06+00:00,2026-06-30T00:10:06+08:00,2026-06-29T23:50:01+08:00,419
2026-06-29T16:20:09+00:00,2026-06-30T00:20:09+08:00,2026-06-29T23:50:01+08:00,419
2026-06-29T16:30:08+00:00,2026-06-30T00:30:08+08:00,2026-06-29T23:50:01+08:00,419
2026-06-29T16:40:06+00:00,2026-06-30T00:40:06+08:00,2026-06-29T23:50:01+08:00,419
2026-06-29T17:20:04+00:00,2026-06-30T01:20:04+08:00,2026-06-29T23:50:01+08:00,419
2026-06-29T17:40:06+00:00,2026-06-30T01:40:06+08:00,2026-06-29T23:50:01+08:00,419
2026-06-29T18:00:05+00:00,2026-06-30T02:00:05+08:00,2026-06-29T23:50:01+08:00,419
2026-06-29T18:20:05+00:00,2026-06-30T02:20:05+08:00,2026-06-29T23:50:01+08:00,419
2026-06-29T18:40:06+00:00,2026-06-30T02:40:06+08:00,2026-06-29T23:50:01+08:00,419
2026-06-29T19:00:04+00:00,2026-06-30T03:00:04+08:00,2026-06-29T23:50:01+08:00,419
2026-06-29T19:20:08+00:00,2026-06-30T03:20:08+08:00,2026-06-29T23:50:01+08:00,419
2026-06-29T19:40:07+00:00,2026-06-30T03:40:07+08:00,2026-06-29T23:50:01+08:00,419
2026-06-29T20:00:07+00:00,2026-06-30T04:00:07+08:00,2026-06-29T23:50:01+08:00,419
2026-06-29T20:20:04+00:00,2026-06-30T04:20:04+08:00,2026-06-29T23:50:01+08:00,419
2026-06-29T20:40:05+00:00,2026-06-30T04:40:05+08:00,2026-06-29T23:50:01+08:00,419
2026-06-29T20:55:04+00:00,2026-06-30T04:55:04+08:00,2026-06-29T23:50:01+08:00,419
2026-06-29T20:56:04+00:00,2026-06-30T04:56:04+08:00,2026-06-29T23:50:01+08:00,419
2026-06-29T20:57:04+00:00,2026-06-30T04:57:04+08:00,2026-06-29T23:50:01+08:00,419
2026-06-29T20:58:04+00:00,2026-06-30T04:58:04+08:00,2026-06-29T23:50:01+08:00,419
2026-06-29T20:59:04+00:00,2026-06-30T04:59:04+08:00,2026-06-29T23:50:01+08:00,419
2026-06-29T21:00:05+00:00,2026-06-30T05:00:05+08:00,2026-06-29T23:50:01+08:00,419
2026-06-29T21:01:05+00:00,2026-06-30T05:01:05+08:00,2026-06-29T23:50:01+08:00,419
2026-06-29T21:02:04+00:00,2026-06-30T05:02:04+08:00,2026-06-29T23:50:01+08:00,419
2026-06-29T21:03:04+00:00,2026-06-30T05:03:04+08:00,2026-06-29T23:50:01+08:00,419
2026-06-29T21:04:04+00:00,2026-06-30T05:04:04+08:00,2026-06-29T23:50:01+08:00,419
2026-06-29T21:05:04+00:00,2026-06-30T05:05:04+08:00,,0
2026-06-29T21:06:04+00:00,2026-06-30T05:06:04+08:00,,0
2026-06-29T21:07:28+00:00,2026-06-30T05:07:28+08:00,,0
2026-06-29T21:08:04+00:00,2026-06-30T05:08:04+08:00,,0
2026-06-29T21:09:04+00:00,2026-06-30T05:09:04+08:00,,0
2026-06-29T21:10:04+00:00,2026-06-30T05:10:04+08:00,2026-06-30T05:05:01+08:00,419
2026-06-29T21:11:04+00:00,2026-06-30T05:11:04+08:00,2026-06-30T05:05:01+08:00,419
2026-06-29T21:12:05+00:00,2026-06-30T05:12:05+08:00,2026-06-30T05:05:01+08:00,419
2026-06-29T21:13:05+00:00,2026-06-30T05:13:05+08:00,2026-06-30T05:05:01+08:00,419
2026-06-29T21:14:04+00:00,2026-06-30T05:14:04+08:00,2026-06-30T05:05:01+08:00,419
2026-06-29T21:15:05+00:00,2026-06-30T05:15:05+08:00,2026-06-30T05:10:01+08:00,419
2026-06-29T21:16:04+00:00,2026-06-30T05:16:04+08:00,2026-06-30T05:10:01+08:00,419
2026-06-29T21:17:05+00:00,2026-06-30T05:17:05+08:00,2026-06-30T05:10:01+08:00,419
2026-06-29T21:18:04+00:00,2026-06-30T05:18:04+08:00,2026-06-30T05:10:01+08:00,419
2026-06-29T21:19:04+00:00,2026-06-30T05:19:04+08:00,2026-06-30T05:10:01+08:00,419
2026-06-29T21:20:04+00:00,2026-06-30T05:20:04+08:00,2026-06-30T05:15:01+08:00,419
2026-06-29T21:21:04+00:00,2026-06-30T05:21:04+08:00,2026-06-30T05:15:01+08:00,419
2026-06-29T21:22:04+00:00,2026-06-30T05:22:04+08:00,2026-06-30T05:15:01+08:00,419
2026-06-29T21:23:04+00:00,2026-06-30T05:23:04+08:00,2026-06-30T05:15:01+08:00,419
2026-06-29T21:24:05+00:00,2026-06-30T05:24:05+08:00,2026-06-30T05:15:01+08:00,419
2026-06-29T21:25:04+00:00,2026-06-30T05:25:04+08:00,2026-06-30T05:20:01+08:00,419
2026-06-29T21:26:04+00:00,2026-06-30T05:26:04+08:00,2026-06-30T05:20:01+08:00,419
2026-06-29T21:27:28+00:00,2026-06-30T05:27:28+08:00,2026-06-30T05:20:01+08:00,419
2026-06-29T21:28:04+00:00,2026-06-30T05:28:04+08:00,2026-06-30T05:20:01+08:00,419
2026-06-29T21:29:04+00:00,2026-06-30T05:29:04+08:00,2026-06-30T05:20:01+08:00,419
2026-06-29T21:30:04+00:00,2026-06-30T05:30:04+08:00,2026-06-30T05:25:01+08:00,419
2026-06-29T21:31:04+00:00,2026-06-30T05:31:04+08:00,2026-06-30T05:25:01+08:00,419
2026-06-29T21:32:04+00:00,2026-06-30T05:32:04+08:00,2026-06-30T05:25:01+08:00,419
2026-06-29T21:33:04+00:00,2026-06-30T05:33:04+08:00,2026-06-30T05:25:01+08:00,419
2026-06-29T21:34:05+00:00,2026-06-30T05:34:05+08:00,2026-06-30T05:25:01+08:00,419
2026-06-29T21:35:04+00:00,2026-06-30T05:35:04+08:00,2026-06-30T05:30:01+08:00,419
2026-06-29T21:36:05+00:00,2026-06-30T05:36:05+08:00,2026-06-30T05:30:01+08:00,419
2026-06-29T21:37:29+00:00,2026-06-30T05:37:29+08:00,2026-06-30T05:30:01+08:00,419
2026-06-29T21:38:04+00:00,2026-06-30T05:38:04+08:00,2026-06-30T05:30:01+08:00,419
2026-06-29T21:39:04+00:00,2026-06-30T05:39:04+08:00,2026-06-30T05:30:01+08:00,419
2026-06-29T21:40:04+00:00,2026-06-30T05:40:04+08:00,2026-06-30T05:35:01+08:00,419
2026-06-29T21:50:04+00:00,2026-06-30T05:50:04+08:00,2026-06-30T05:45:01+08:00,419
2026-06-29T22:00:06+00:00,2026-06-30T06:00:06+08:00,2026-06-30T05:55:01+08:00,419
2026-06-29T22:10:04+00:00,2026-06-30T06:10:04+08:00,2026-06-30T06:05:01+08:00,419
2026-06-29T22:20:04+00:00,2026-06-30T06:20:04+08:00,2026-06-30T06:15:01+08:00,419
2026-06-29T22:30:04+00:00,2026-06-30T06:30:04+08:00,2026-06-30T06:25:01+08:00,419
2026-06-29T22:40:26+00:00,2026-06-30T06:40:26+08:00,2026-06-30T06:35:01+08:00,419
2026-06-29T22:50:04+00:00,2026-06-30T06:50:04+08:00,2026-06-30T06:45:01+08:00,419
2026-06-29T23:00:05+00:00,2026-06-30T07:00:05+08:00,2026-06-30T06:55:01+08:00,419
2026-06-29T23:10:04+00:00,2026-06-30T07:10:04+08:00,2026-06-30T07:05:01+08:00,419
2026-06-29T23:20:04+00:00,2026-06-30T07:20:04+08:00,2026-06-30T07:15:01+08:00,419
2026-06-29T23:30:04+00:00,2026-06-30T07:30:04+08:00,2026-06-30T07:25:01+08:00,418
2026-06-29T23:40:04+00:00,2026-06-30T07:40:04+08:00,2026-06-30T07:35:01+08:00,417
2026-06-29T23:50:04+00:00,2026-06-30T07:50:04+08:00,2026-06-30T07:45:01+08:00,417
2026-06-30T00:00:05+00:00,2026-06-30T08:00:05+08:00,2026-06-30T07:55:01+08:00,416
2026-06-30T00:10:04+00:00,2026-06-30T08:10:04+08:00,2026-06-30T08:05:01+08:00,413
2026-06-30T00:20:05+00:00,2026-06-30T08:20:05+08:00,2026-06-30T08:15:01+08:00,412
2026-06-30T00:30:06+00:00,2026-06-30T08:30:06+08:00,2026-06-30T08:25:01+08:00,406
2026-06-30T00:40:05+00:00,2026-06-30T08:40:05+08:00,2026-06-30T08:35:01+08:00,405
2026-06-30T00:50:05+00:00,2026-06-30T08:50:05+08:00,2026-06-30T08:45:01+08:00,399
2026-06-30T01:00:04+00:00,2026-06-30T09:00:04+08:00,2026-06-30T08:55:01+08:00,389
2026-06-30T01:20:05+00:00,2026-06-30T09:20:05+08:00,2026-06-30T09:15:01+08:00,377
2026-06-30T01:30:05+00:00,2026-06-30T09:30:05+08:00,2026-06-30T09:25:01+08:00,377
2026-06-30T01:40:06+00:00,2026-06-30T09:40:06+08:00,2026-06-30T09:35:01+08:00,370
2026-06-30T01:50:05+00:00,2026-06-30T09:50:05+08:00,2026-06-30T09:45:01+08:00,367
2026-06-30T02:00:05+00:00,2026-06-30T10:00:05+08:00,2026-06-30T09:55:01+08:00,358
2026-06-30T02:10:06+00:00,2026-06-30T10:10:06+08:00,2026-06-30T10:05:01+08:00,355
2026-06-30T02:20:06+00:00,2026-06-30T10:20:06+08:00,2026-06-30T10:15:01+08:00,349
2026-06-30T02:30:06+00:00,2026-06-30T10:30:06+08:00,2026-06-30T10:25:01+08:00,346
2026-06-30T02:40:29+00:00,2026-06-30T10:40:29+08:00,2026-06-30T10:35:01+08:00,343
2026-06-30T02:50:05+00:00,2026-06-30T10:50:05+08:00,2026-06-30T10:45:01+08:00,340
2026-06-30T03:00:05+00:00,2026-06-30T11:00:05+08:00,2026-06-30T10:55:01+08:00,331
2026-06-30T03:10:05+00:00,2026-06-30T11:10:05+08:00,2026-06-30T11:05:01+08:00,328
2026-06-30T03:20:05+00:00,2026-06-30T11:20:05+08:00,2026-06-30T11:15:01+08:00,322
2026-06-30T03:30:04+00:00,2026-06-30T11:30:04+08:00,2026-06-30T11:25:01+08:00,319
2026-06-30T03:40:04+00:00,2026-06-30T11:40:04+08:00,2026-06-30T11:35:01+08:00,316
2026-06-30T04:00:05+00:00,2026-06-30T12:00:05+08:00,2026-06-30T11:55:01+08:00,304
2026-06-30T04:10:05+00:00,2026-06-30T12:10:05+08:00,2026-06-30T12:05:01+08:00,304
2026-06-30T04:20:05+00:00,2026-06-30T12:20:05+08:00,2026-06-30T12:15:01+08:00,298
2026-06-30T04:30:05+00:00,2026-06-30T12:30:05+08:00,2026-06-30T12:25:01+08:00,295
2026-06-30T04:40:04+00:00,2026-06-30T12:40:04+08:00,2026-06-30T12:35:01+08:00,292
2026-06-30T04:50:04+00:00,2026-06-30T12:50:04+08:00,2026-06-30T12:45:01+08:00,289
2026-06-30T05:00:04+00:00,2026-06-30T13:00:04+08:00,2026-06-30T12:55:01+08:00,280
2026-06-30T05:10:04+00:00,2026-06-30T13:10:04+08:00,2026-06-30T13:05:01+08:00,280
2026-06-30T05:20:04+00:00,2026-06-30T13:20:04+08:00,2026-06-30T13:15:01+08:00,274
2026-06-30T05:30:04+00:00,2026-06-30T13:30:04+08:00,2026-06-30T13:25:01+08:00,274
2026-06-30T05:40:05+00:00,2026-06-30T13:40:05+08:00,2026-06-30T13:35:01+08:00,271
2026-06-30T05:50:04+00:00,2026-06-30T13:50:04+08:00,2026-06-30T13:45:01+08:00,268
2026-06-30T06:00:05+00:00,2026-06-30T14:00:05+08:00,2026-06-30T13:55:01+08:00,262
2026-06-30T06:10:05+00:00,2026-06-30T14:10:05+08:00,2026-06-30T14:05:01+08:00,262
2026-06-30T06:20:04+00:00,2026-06-30T14:20:04+08:00,2026-06-30T14:15:01+08:00,256
2026-06-30T06:30:04+00:00,2026-06-30T14:30:04+08:00,2026-06-30T14:25:01+08:00,253
2026-06-30T06:40:27+00:00,2026-06-30T14:40:27+08:00,2026-06-30T14:35:01+08:00,250
2026-06-30T06:50:05+00:00,2026-06-30T14:50:05+08:00,2026-06-30T14:45:01+08:00,247
2026-06-30T07:00:05+00:00,2026-06-30T15:00:05+08:00,2026-06-30T14:55:01+08:00,238
2026-06-30T07:10:04+00:00,2026-06-30T15:10:04+08:00,2026-06-30T15:05:01+08:00,238
2026-06-30T07:20:04+00:00,2026-06-30T15:20:04+08:00,2026-06-30T15:15:01+08:00,232
2026-06-30T07:30:04+00:00,2026-06-30T15:30:04+08:00,2026-06-30T15:25:01+08:00,229
2026-06-30T07:40:04+00:00,2026-06-30T15:40:04+08:00,2026-06-30T15:35:01+08:00,226
2026-06-30T07:50:05+00:00,2026-06-30T15:50:05+08:00,2026-06-30T15:45:01+08:00,223
2026-06-30T08:00:05+00:00,2026-06-30T16:00:05+08:00,2026-06-30T15:55:01+08:00,214
2026-06-30T08:10:04+00:00,2026-06-30T16:10:04+08:00,2026-06-30T16:05:01+08:00,214
2026-06-30T08:20:05+00:00,2026-06-30T16:20:05+08:00,2026-06-30T16:15:01+08:00,208
2026-06-30T08:30:05+00:00,2026-06-30T16:30:05+08:00,2026-06-30T16:25:01+08:00,205
2026-06-30T08:40:04+00:00,2026-06-30T16:40:04+08:00,2026-06-30T16:35:01+08:00,202
2026-06-30T08:50:04+00:00,2026-06-30T16:50:04+08:00,2026-06-30T16:45:01+08:00,199
2026-06-30T09:00:05+00:00,2026-06-30T17:00:05+08:00,2026-06-30T16:55:01+08:00,190
2026-06-30T09:10:04+00:00,2026-06-30T17:10:04+08:00,2026-06-30T17:05:01+08:00,190
2026-06-30T09:20:04+00:00,2026-06-30T17:20:04+08:00,2026-06-30T17:15:01+08:00,181
2026-06-30T09:30:05+00:00,2026-06-30T17:30:05+08:00,2026-06-30T17:25:01+08:00,178
2026-06-30T09:40:04+00:00,2026-06-30T17:40:04+08:00,2026-06-30T17:35:01+08:00,175
2026-06-30T09:50:04+00:00,2026-06-30T17:50:04+08:00,2026-06-30T17:45:01+08:00,172
2026-06-30T10:00:05+00:00,2026-06-30T18:00:05+08:00,2026-06-30T17:55:01+08:00,163
2026-06-30T10:10:04+00:00,2026-06-30T18:10:04+08:00,2026-06-30T18:05:01+08:00,160
2026-06-30T10:20:05+00:00,2026-06-30T18:20:05+08:00,2026-06-30T18:15:01+08:00,151
2026-06-30T10:30:04+00:00,2026-06-30T18:30:04+08:00,2026-06-30T18:25:01+08:00,148
2026-06-30T10:40:24+00:00,2026-06-30T18:40:24+08:00,2026-06-30T18:35:01+08:00,141
2026-06-30T10:50:04+00:00,2026-06-30T18:50:04+08:00,2026-06-30T18:45:01+08:00,138
2026-06-30T11:00:05+00:00,2026-06-30T19:00:05+08:00,2026-06-30T18:55:01+08:00,129
2026-06-30T11:10:04+00:00,2026-06-30T19:10:04+08:00,2026-06-30T19:05:01+08:00,125
2026-06-30T11:20:04+00:00,2026-06-30T19:20:04+08:00,2026-06-30T19:15:01+08:00,116
2026-06-30T11:30:04+00:00,2026-06-30T19:30:04+08:00,2026-06-30T19:25:01+08:00,113
2026-06-30T11:40:04+00:00,2026-06-30T19:40:04+08:00,2026-06-30T19:35:01+08:00,110
2026-06-30T11:50:04+00:00,2026-06-30T19:50:04+08:00,2026-06-30T19:45:01+08:00,107
2026-06-30T12:00:05+00:00,2026-06-30T20:00:05+08:00,2026-06-30T19:55:01+08:00,97
2026-06-30T12:10:04+00:00,2026-06-30T20:10:04+08:00,2026-06-30T20:05:01+08:00,97
2026-06-30T12:20:05+00:00,2026-06-30T20:20:05+08:00,2026-06-30T20:15:01+08:00,91
2026-06-30T12:30:05+00:00,2026-06-30T20:30:05+08:00,2026-06-30T20:25:01+08:00,88
2026-06-30T12:40:04+00:00,2026-06-30T20:40:04+08:00,2026-06-30T20:35:01+08:00,82
2026-06-30T12:50:04+00:00,2026-06-30T20:50:04+08:00,2026-06-30T20:45:01+08:00,79
2026-06-30T13:00:05+00:00,2026-06-30T21:00:05+08:00,2026-06-30T20:55:01+08:00,70
2026-06-30T13:10:04+00:00,2026-06-30T21:10:04+08:00,2026-06-30T21:05:01+08:00,70
2026-06-30T13:20:04+00:00,2026-06-30T21:20:04+08:00,2026-06-30T21:15:01+08:00,64
2026-06-30T13:30:05+00:00,2026-06-30T21:30:05+08:00,2026-06-30T21:25:01+08:00,61
2026-06-30T13:40:04+00:00,2026-06-30T21:40:04+08:00,2026-06-30T21:35:01+08:00,58
2026-06-30T13:50:05+00:00,2026-06-30T21:50:05+08:00,2026-06-30T21:45:01+08:00,55
2026-06-30T14:00:05+00:00,2026-06-30T22:00:05+08:00,2026-06-30T21:55:01+08:00,49
2026-06-30T14:10:04+00:00,2026-06-30T22:10:04+08:00,2026-06-30T22:05:01+08:00,49
2026-06-30T14:20:04+00:00,2026-06-30T22:20:04+08:00,2026-06-30T22:15:01+08:00,43
2026-06-30T14:30:04+00:00,2026-06-30T22:30:04+08:00,2026-06-30T22:25:01+08:00,43
2026-06-30T14:40:25+00:00,2026-06-30T22:40:25+08:00,2026-06-30T22:35:01+08:00,40
2026-06-30T14:50:04+00:00,2026-06-30T22:50:04+08:00,2026-06-30T22:45:01+08:00,37
2026-06-30T15:00:04+00:00,2026-06-30T23:00:04+08:00,2026-06-30T22:55:01+08:00,31
2026-06-30T15:10:04+00:00,2026-06-30T23:10:04+08:00,2026-06-30T23:05:01+08:00,31
2026-06-30T15:20:04+00:00,2026-06-30T23:20:04+08:00,2026-06-30T23:15:01+08:00,28
2026-06-30T15:30:04+00:00,2026-06-30T23:30:04+08:00,2026-06-30T23:25:01+08:00,25
2026-06-30T15:40:04+00:00,2026-06-30T23:40:04+08:00,2026-06-30T23:35:01+08:00,21
2026-06-30T16:00:05+00:00,2026-07-01T00:00:05+08:00,2026-06-30T23:50:01+08:00,425
2026-06-30T16:10:06+00:00,2026-07-01T00:10:06+08:00,2026-06-30T23:50:01+08:00,425
2026-06-30T16:20:04+00:00,2026-07-01T00:20:04+08:00,2026-06-30T23:50:01+08:00,425
2026-06-30T16:30:06+00:00,2026-07-01T00:30:06+08:00,2026-06-30T23:50:01+08:00,425
2026-06-30T16:40:06+00:00,2026-07-01T00:40:06+08:00,2026-06-30T23:50:01+08:00,425
2026-06-30T17:20:04+00:00,2026-07-01T01:20:04+08:00,2026-06-30T23:50:01+08:00,425
2026-06-30T17:40:06+00:00,2026-07-01T01:40:06+08:00,2026-06-30T23:50:01+08:00,425
2026-06-30T18:00:06+00:00,2026-07-01T02:00:06+08:00,2026-06-30T23:50:01+08:00,425
2026-06-30T18:20:04+00:00,2026-07-01T02:20:04+08:00,2026-06-30T23:50:01+08:00,425
2026-06-30T18:40:26+00:00,2026-07-01T02:40:26+08:00,2026-06-30T23:50:01+08:00,425
2026-06-30T19:00:04+00:00,2026-07-01T03:00:04+08:00,2026-06-30T23:50:01+08:00,425
2026-06-30T19:20:06+00:00,2026-07-01T03:20:06+08:00,2026-06-30T23:50:01+08:00,425
2026-06-30T19:40:07+00:00,2026-07-01T03:40:07+08:00,2026-06-30T23:50:01+08:00,425
2026-06-30T20:00:04+00:00,2026-07-01T04:00:04+08:00,2026-06-30T23:50:01+08:00,425
2026-06-30T20:20:04+00:00,2026-07-01T04:20:04+08:00,2026-06-30T23:50:01+08:00,425
2026-06-30T20:40:06+00:00,2026-07-01T04:40:06+08:00,2026-06-30T23:50:01+08:00,425
2026-06-30T20:55:06+00:00,2026-07-01T04:55:06+08:00,2026-06-30T23:50:01+08:00,425
2026-06-30T20:56:04+00:00,2026-07-01T04:56:04+08:00,2026-06-30T23:50:01+08:00,425
2026-06-30T20:57:04+00:00,2026-07-01T04:57:04+08:00,2026-06-30T23:50:01+08:00,425
2026-06-30T20:58:04+00:00,2026-07-01T04:58:04+08:00,2026-06-30T23:50:01+08:00,425
2026-06-30T20:59:04+00:00,2026-07-01T04:59:04+08:00,2026-06-30T23:50:01+08:00,425
2026-06-30T21:00:04+00:00,2026-07-01T05:00:04+08:00,2026-06-30T23:50:01+08:00,425
2026-06-30T21:01:05+00:00,2026-07-01T05:01:05+08:00,2026-06-30T23:50:01+08:00,425
2026-06-30T21:02:04+00:00,2026-07-01T05:02:04+08:00,2026-06-30T23:50:01+08:00,425
2026-06-30T21:03:04+00:00,2026-07-01T05:03:04+08:00,2026-06-30T23:50:01+08:00,425
2026-06-30T21:04:04+00:00,2026-07-01T05:04:04+08:00,2026-06-30T23:50:01+08:00,425
2026-06-30T21:05:04+00:00,2026-07-01T05:05:04+08:00,,0
2026-06-30T21:06:04+00:00,2026-07-01T05:06:04+08:00,,0
2026-06-30T21:07:28+00:00,2026-07-01T05:07:28+08:00,,0
2026-06-30T21:08:04+00:00,2026-07-01T05:08:04+08:00,,0
2026-06-30T21:09:04+00:00,2026-07-01T05:09:04+08:00,,0
2026-06-30T21:10:07+00:00,2026-07-01T05:10:07+08:00,2026-07-01T05:05:01+08:00,425
2026-06-30T21:11:20+00:00,2026-07-01T05:11:20+08:00,2026-07-01T05:05:01+08:00,425
2026-06-30T21:12:17+00:00,2026-07-01T05:12:17+08:00,2026-07-01T05:05:01+08:00,425
2026-06-30T21:13:08+00:00,2026-07-01T05:13:08+08:00,2026-07-01T05:05:01+08:00,425
2026-06-30T21:14:07+00:00,2026-07-01T05:14:07+08:00,2026-07-01T05:05:01+08:00,425
2026-06-30T21:15:29+00:00,2026-07-01T05:15:29+08:00,2026-07-01T05:10:01+08:00,425
2026-06-30T21:16:05+00:00,2026-07-01T05:16:05+08:00,2026-07-01T05:10:01+08:00,425
2026-06-30T21:17:05+00:00,2026-07-01T05:17:05+08:00,2026-07-01T05:10:01+08:00,425
2026-06-30T21:18:04+00:00,2026-07-01T05:18:04+08:00,2026-07-01T05:10:01+08:00,425
2026-06-30T21:19:05+00:00,2026-07-01T05:19:05+08:00,2026-07-01T05:10:01+08:00,425
2026-06-30T21:21:04+00:00,2026-07-01T05:21:04+08:00,2026-07-01T05:15:01+08:00,425
2026-06-30T21:22:04+00:00,2026-07-01T05:22:04+08:00,2026-07-01T05:15:01+08:00,425
2026-06-30T21:23:04+00:00,2026-07-01T05:23:04+08:00,2026-07-01T05:15:01+08:00,425
2026-06-30T21:24:04+00:00,2026-07-01T05:24:04+08:00,2026-07-01T05:15:01+08:00,425
2026-06-30T21:25:05+00:00,2026-07-01T05:25:05+08:00,2026-07-01T05:20:01+08:00,425
2026-06-30T21:26:05+00:00,2026-07-01T05:26:05+08:00,2026-07-01T05:20:01+08:00,425
2026-06-30T21:27:30+00:00,2026-07-01T05:27:30+08:00,2026-07-01T05:20:01+08:00,425
2026-06-30T21:28:05+00:00,2026-07-01T05:28:05+08:00,2026-07-01T05:20:01+08:00,425
2026-06-30T21:29:04+00:00,2026-07-01T05:29:04+08:00,2026-07-01T05:20:01+08:00,425
2026-06-30T21:30:04+00:00,2026-07-01T05:30:04+08:00,2026-07-01T05:25:01+08:00,425
2026-06-30T21:31:04+00:00,2026-07-01T05:31:04+08:00,2026-07-01T05:25:01+08:00,425
2026-06-30T21:32:05+00:00,2026-07-01T05:32:05+08:00,2026-07-01T05:25:01+08:00,425
2026-06-30T21:33:05+00:00,2026-07-01T05:33:05+08:00,2026-07-01T05:25:01+08:00,425
2026-06-30T21:34:05+00:00,2026-07-01T05:34:05+08:00,2026-07-01T05:25:01+08:00,425
2026-06-30T21:35:05+00:00,2026-07-01T05:35:05+08:00,2026-07-01T05:30:01+08:00,425
2026-06-30T21:36:05+00:00,2026-07-01T05:36:05+08:00,2026-07-01T05:30:01+08:00,425
2026-06-30T21:37:07+00:00,2026-07-01T05:37:07+08:00,2026-07-01T05:30:01+08:00,425
2026-06-30T21:38:04+00:00,2026-07-01T05:38:04+08:00,2026-07-01T05:30:01+08:00,425
2026-06-30T21:39:04+00:00,2026-07-01T05:39:04+08:00,2026-07-01T05:30:01+08:00,425
2026-06-30T21:40:04+00:00,2026-07-01T05:40:04+08:00,2026-07-01T05:35:01+08:00,425
2026-06-30T21:50:04+00:00,2026-07-01T05:50:04+08:00,2026-07-01T05:45:01+08:00,425
2026-06-30T22:00:04+00:00,2026-07-01T06:00:04+08:00,2026-07-01T05:55:01+08:00,425
2026-06-30T22:10:05+00:00,2026-07-01T06:10:05+08:00,2026-07-01T06:05:01+08:00,425
2026-06-30T22:20:04+00:00,2026-07-01T06:20:04+08:00,2026-07-01T06:15:01+08:00,425
2026-06-30T22:30:04+00:00,2026-07-01T06:30:04+08:00,2026-07-01T06:25:01+08:00,425
2026-06-30T22:40:25+00:00,2026-07-01T06:40:25+08:00,2026-07-01T06:35:01+08:00,425
2026-06-30T22:50:04+00:00,2026-07-01T06:50:04+08:00,2026-07-01T06:45:01+08:00,425
2026-06-30T23:00:04+00:00,2026-07-01T07:00:04+08:00,2026-07-01T06:55:01+08:00,425
2026-06-30T23:10:04+00:00,2026-07-01T07:10:04+08:00,2026-07-01T07:05:01+08:00,425
2026-06-30T23:20:05+00:00,2026-07-01T07:20:05+08:00,2026-07-01T07:15:01+08:00,425
2026-06-30T23:30:05+00:00,2026-07-01T07:30:05+08:00,2026-07-01T07:25:01+08:00,424
2026-06-30T23:40:04+00:00,2026-07-01T07:40:04+08:00,2026-07-01T07:35:01+08:00,423
2026-06-30T23:50:04+00:00,2026-07-01T07:50:04+08:00,2026-07-01T07:45:01+08:00,423
2026-07-01T00:00:05+00:00,2026-07-01T08:00:05+08:00,2026-07-01T07:55:01+08:00,422
2026-07-01T00:10:04+00:00,2026-07-01T08:10:04+08:00,2026-07-01T08:05:01+08:00,419
2026-07-01T00:20:05+00:00,2026-07-01T08:20:05+08:00,2026-07-01T08:15:01+08:00,418
2026-07-01T00:30:05+00:00,2026-07-01T08:30:05+08:00,2026-07-01T08:25:01+08:00,412
2026-07-01T00:40:04+00:00,2026-07-01T08:40:04+08:00,2026-07-01T08:35:01+08:00,411
2026-07-01T00:50:04+00:00,2026-07-01T08:50:04+08:00,2026-07-01T08:45:01+08:00,405
2026-07-01T01:00:05+00:00,2026-07-01T09:00:05+08:00,2026-07-01T08:55:01+08:00,395
2026-07-01T01:20:05+00:00,2026-07-01T09:20:05+08:00,2026-07-01T09:15:01+08:00,383
2026-07-01T01:30:05+00:00,2026-07-01T09:30:05+08:00,2026-07-01T09:25:01+08:00,383
2026-07-03T02:35:59+00:00,2026-07-03T10:35:59+08:00,2026-07-03T10:30:01+08:00,435
2026-07-03T02:37:00+00:00,2026-07-03T10:37:00+08:00,2026-07-03T10:30:01+08:00,435
2026-07-03T02:38:57+00:00,2026-07-03T10:38:57+08:00,2026-07-03T10:30:01+08:00,435
2026-07-03T02:39:55+00:00,2026-07-03T10:39:55+08:00,2026-07-03T10:35:01+08:00,435
2026-07-03T02:40:55+00:00,2026-07-03T10:40:55+08:00,2026-07-03T10:35:01+08:00,435
2026-07-03T02:41:48+00:00,2026-07-03T10:41:48+08:00,2026-07-03T10:35:01+08:00,435
2026-07-03T02:42:49+00:00,2026-07-03T10:42:49+08:00,2026-07-03T10:35:01+08:00,435
2026-07-03T02:43:47+00:00,2026-07-03T10:43:47+08:00,2026-07-03T10:35:01+08:00,435
2026-07-03T02:44:46+00:00,2026-07-03T10:44:46+08:00,2026-07-03T10:40:01+08:00,435
2026-07-03T02:45:46+00:00,2026-07-03T10:45:46+08:00,2026-07-03T10:40:01+08:00,435
2026-07-03T02:46:45+00:00,2026-07-03T10:46:45+08:00,2026-07-03T10:40:01+08:00,435
2026-07-03T02:47:45+00:00,2026-07-03T10:47:45+08:00,2026-07-03T10:40:01+08:00,435
2026-07-03T02:48:45+00:00,2026-07-03T10:48:45+08:00,2026-07-03T10:40:01+08:00,435
2026-07-03T02:49:45+00:00,2026-07-03T10:49:45+08:00,2026-07-03T10:45:01+08:00,432
2026-07-03T02:50:45+00:00,2026-07-03T10:50:45+08:00,2026-07-03T10:45:01+08:00,432
2026-07-03T02:51:45+00:00,2026-07-03T10:51:45+08:00,2026-07-03T10:45:01+08:00,432
2026-07-03T02:52:45+00:00,2026-07-03T10:52:45+08:00,2026-07-03T10:45:01+08:00,432
2026-07-03T02:53:45+00:00,2026-07-03T10:53:45+08:00,2026-07-03T10:45:01+08:00,432
2026-07-03T02:54:51+00:00,2026-07-03T10:54:51+08:00,2026-07-03T10:50:01+08:00,426
2026-07-03T02:55:46+00:00,2026-07-03T10:55:46+08:00,2026-07-03T10:50:01+08:00,426
2026-07-03T02:56:46+00:00,2026-07-03T10:56:46+08:00,2026-07-03T10:50:01+08:00,426
2026-07-03T02:57:45+00:00,2026-07-03T10:57:45+08:00,2026-07-03T10:50:01+08:00,426
2026-07-03T02:58:45+00:00,2026-07-03T10:58:45+08:00,2026-07-03T10:50:01+08:00,426
2026-07-03T02:59:45+00:00,2026-07-03T10:59:45+08:00,2026-07-03T10:55:01+08:00,423
2026-07-03T03:00:45+00:00,2026-07-03T11:00:45+08:00,2026-07-03T10:55:01+08:00,423
2026-07-03T03:01:45+00:00,2026-07-03T11:01:45+08:00,2026-07-03T10:55:01+08:00,423
2026-07-03T03:02:45+00:00,2026-07-03T11:02:45+08:00,2026-07-03T10:55:01+08:00,423
2026-07-03T03:03:45+00:00,2026-07-03T11:03:45+08:00,2026-07-03T10:55:01+08:00,423
2026-07-03T03:04:45+00:00,2026-07-03T11:04:45+08:00,2026-07-03T11:00:01+08:00,423
2026-07-03T03:05:45+00:00,2026-07-03T11:05:45+08:00,2026-07-03T11:00:01+08:00,423
2026-07-03T03:06:45+00:00,2026-07-03T11:06:45+08:00,2026-07-03T11:00:01+08:00,423
2026-07-03T03:07:45+00:00,2026-07-03T11:07:45+08:00,2026-07-03T11:00:01+08:00,423
2026-07-03T03:08:45+00:00,2026-07-03T11:08:45+08:00,2026-07-03T11:00:01+08:00,423
2026-07-03T03:09:45+00:00,2026-07-03T11:09:45+08:00,2026-07-03T11:05:01+08:00,420
2026-07-03T03:10:45+00:00,2026-07-03T11:10:45+08:00,2026-07-03T11:05:01+08:00,420
2026-07-03T03:11:45+00:00,2026-07-03T11:11:45+08:00,2026-07-03T11:05:01+08:00,420
2026-07-03T03:12:46+00:00,2026-07-03T11:12:46+08:00,2026-07-03T11:05:01+08:00,420
2026-07-03T03:17:46+00:00,2026-07-03T11:17:46+08:00,2026-07-03T11:10:01+08:00,414
2026-07-03T03:28:13+00:00,2026-07-03T11:28:13+08:00,2026-07-03T11:20:01+08:00,411
2026-07-03T03:37:46+00:00,2026-07-03T11:37:46+08:00,2026-07-03T11:30:01+08:00,405
2026-07-03T03:47:45+00:00,2026-07-03T11:47:45+08:00,2026-07-03T11:40:01+08:00,405
2026-07-03T03:58:07+00:00,2026-07-03T11:58:07+08:00,2026-07-03T11:50:01+08:00,396
2026-07-03T04:08:07+00:00,2026-07-03T12:08:07+08:00,2026-07-03T12:00:02+08:00,393
2026-07-03T04:17:48+00:00,2026-07-03T12:17:48+08:00,2026-07-03T12:10:01+08:00,387
2026-07-03T04:38:07+00:00,2026-07-03T12:38:07+08:00,2026-07-03T12:30:01+08:00,378
2026-07-03T04:48:06+00:00,2026-07-03T12:48:06+08:00,2026-07-03T12:40:01+08:00,375
2026-07-03T04:57:45+00:00,2026-07-03T12:57:45+08:00,2026-07-03T12:50:01+08:00,366
2026-07-03T05:07:45+00:00,2026-07-03T13:07:45+08:00,2026-07-03T13:00:02+08:00,363
2026-07-03T05:17:45+00:00,2026-07-03T13:17:45+08:00,2026-07-03T13:10:01+08:00,360
2026-07-03T05:28:07+00:00,2026-07-03T13:28:07+08:00,2026-07-03T13:20:01+08:00,357
2026-07-03T05:38:07+00:00,2026-07-03T13:38:07+08:00,2026-07-03T13:30:01+08:00,351
2026-07-03T05:48:07+00:00,2026-07-03T13:48:07+08:00,2026-07-03T13:40:01+08:00,351
2026-07-03T05:57:45+00:00,2026-07-03T13:57:45+08:00,2026-07-03T13:50:01+08:00,342
2026-07-03T06:07:45+00:00,2026-07-03T14:07:45+08:00,2026-07-03T14:00:02+08:00,339
2026-07-03T06:18:07+00:00,2026-07-03T14:18:07+08:00,2026-07-03T14:10:01+08:00,333
2026-07-03T06:38:06+00:00,2026-07-03T14:38:06+08:00,2026-07-03T14:30:01+08:00,324
2026-07-03T06:47:45+00:00,2026-07-03T14:47:45+08:00,2026-07-03T14:40:01+08:00,321
2026-07-03T06:58:07+00:00,2026-07-03T14:58:07+08:00,2026-07-03T14:50:01+08:00,312
2026-07-03T07:07:46+00:00,2026-07-03T15:07:46+08:00,2026-07-03T15:00:02+08:00,309
2026-07-03T07:17:45+00:00,2026-07-03T15:17:45+08:00,2026-07-03T15:10:01+08:00,303
2026-07-03T07:27:46+00:00,2026-07-03T15:27:46+08:00,2026-07-03T15:20:01+08:00,300
2026-07-03T07:38:07+00:00,2026-07-03T15:38:07+08:00,2026-07-03T15:30:01+08:00,294
2026-07-03T07:47:45+00:00,2026-07-03T15:47:45+08:00,2026-07-03T15:40:01+08:00,291
2026-07-03T07:57:46+00:00,2026-07-03T15:57:46+08:00,2026-07-03T15:50:01+08:00,281
2026-07-03T08:07:48+00:00,2026-07-03T16:07:48+08:00,2026-07-03T16:00:02+08:00,278
2026-07-03T08:18:06+00:00,2026-07-03T16:18:06+08:00,2026-07-03T16:10:01+08:00,272
2026-07-03T08:28:07+00:00,2026-07-03T16:28:07+08:00,2026-07-03T16:20:01+08:00,269
2026-07-03T08:38:08+00:00,2026-07-03T16:38:08+08:00,2026-07-03T16:30:01+08:00,263
2026-07-03T08:47:45+00:00,2026-07-03T16:47:45+08:00,2026-07-03T16:40:01+08:00,260
2026-07-03T08:57:45+00:00,2026-07-03T16:57:45+08:00,2026-07-03T16:50:01+08:00,250
2026-07-03T09:08:08+00:00,2026-07-03T17:08:08+08:00,2026-07-03T17:00:02+08:00,247
2026-07-03T09:17:45+00:00,2026-07-03T17:17:45+08:00,2026-07-03T17:10:01+08:00,241
2026-07-03T09:27:48+00:00,2026-07-03T17:27:48+08:00,2026-07-03T17:20:01+08:00,238
2026-07-03T09:37:46+00:00,2026-07-03T17:37:46+08:00,2026-07-03T17:30:01+08:00,231
2026-07-03T09:48:06+00:00,2026-07-03T17:48:06+08:00,2026-07-03T17:40:01+08:00,228
2026-07-03T09:58:08+00:00,2026-07-03T17:58:08+08:00,2026-07-03T17:50:01+08:00,218
2026-07-03T10:07:46+00:00,2026-07-03T18:07:46+08:00,2026-07-03T18:00:01+08:00,212
2026-07-03T10:17:45+00:00,2026-07-03T18:17:45+08:00,2026-07-03T18:10:01+08:00,206
2026-07-03T10:27:46+00:00,2026-07-03T18:27:46+08:00,2026-07-03T18:20:01+08:00,203
2026-07-03T10:37:46+00:00,2026-07-03T18:37:46+08:00,2026-07-03T18:30:01+08:00,196
2026-07-03T10:47:46+00:00,2026-07-03T18:47:46+08:00,2026-07-03T18:40:01+08:00,193
2026-07-03T10:58:08+00:00,2026-07-03T18:58:08+08:00,2026-07-03T18:50:01+08:00,183
2026-07-03T11:07:46+00:00,2026-07-03T19:07:46+08:00,2026-07-03T19:00:01+08:00,176
2026-07-03T11:18:06+00:00,2026-07-03T19:18:06+08:00,2026-07-03T19:10:01+08:00,170
2026-07-03T11:38:07+00:00,2026-07-03T19:38:07+08:00,2026-07-03T19:30:01+08:00,160
2026-07-03T11:48:07+00:00,2026-07-03T19:48:07+08:00,2026-07-03T19:40:01+08:00,157
2026-07-03T11:57:45+00:00,2026-07-03T19:57:45+08:00,2026-07-03T19:50:01+08:00,147
2026-07-03T12:07:45+00:00,2026-07-03T20:07:45+08:00,2026-07-03T20:00:02+08:00,144
2026-07-03T12:17:45+00:00,2026-07-03T20:17:45+08:00,2026-07-03T20:10:01+08:00,138
2026-07-03T12:38:08+00:00,2026-07-03T20:38:08+08:00,2026-07-03T20:30:01+08:00,128
2026-07-03T12:48:07+00:00,2026-07-03T20:48:07+08:00,2026-07-03T20:40:01+08:00,125
2026-07-03T12:58:07+00:00,2026-07-03T20:58:07+08:00,2026-07-03T20:50:01+08:00,115
2026-07-03T13:08:06+00:00,2026-07-03T21:08:06+08:00,2026-07-03T21:00:02+08:00,112
2026-07-03T13:17:45+00:00,2026-07-03T21:17:45+08:00,2026-07-03T21:10:01+08:00,103
2026-07-03T13:27:46+00:00,2026-07-03T21:27:46+08:00,2026-07-03T21:20:01+08:00,100
2026-07-03T13:37:46+00:00,2026-07-03T21:37:46+08:00,2026-07-03T21:30:01+08:00,94
2026-07-03T13:47:45+00:00,2026-07-03T21:47:45+08:00,2026-07-03T21:40:01+08:00,91
2026-07-03T13:58:06+00:00,2026-07-03T21:58:06+08:00,2026-07-03T21:50:01+08:00,81
2026-07-03T14:07:45+00:00,2026-07-03T22:07:45+08:00,2026-07-03T22:00:01+08:00,75
2026-07-03T14:17:46+00:00,2026-07-03T22:17:46+08:00,2026-07-03T22:10:01+08:00,66
2026-07-03T14:27:46+00:00,2026-07-03T22:27:46+08:00,2026-07-03T22:20:01+08:00,63
2026-07-03T14:38:08+00:00,2026-07-03T22:38:08+08:00,2026-07-03T22:30:01+08:00,57
2026-07-03T14:47:45+00:00,2026-07-03T22:47:45+08:00,2026-07-03T22:40:01+08:00,54
2026-07-03T14:57:45+00:00,2026-07-03T22:57:45+08:00,2026-07-03T22:50:01+08:00,45
2026-07-03T15:07:45+00:00,2026-07-03T23:07:45+08:00,2026-07-03T23:00:01+08:00,42
2026-07-03T15:17:45+00:00,2026-07-03T23:17:45+08:00,2026-07-03T23:10:01+08:00,39
2026-07-03T15:27:50+00:00,2026-07-03T23:27:50+08:00,2026-07-03T23:20:01+08:00,35
2026-07-03T15:37:47+00:00,2026-07-03T23:37:47+08:00,2026-07-03T23:30:01+08:00,29
2026-07-03T15:48:08+00:00,2026-07-03T23:48:08+08:00,2026-07-03T23:40:01+08:00,24
2026-07-03T15:58:07+00:00,2026-07-03T23:58:07+08:00,2026-07-03T23:50:01+08:00,20
2026-07-03T16:07:47+00:00,2026-07-04T00:07:47+08:00,2026-07-03T23:50:01+08:00,466
2026-07-03T16:18:08+00:00,2026-07-04T00:18:08+08:00,2026-07-03T23:50:01+08:00,466
2026-07-03T16:27:46+00:00,2026-07-04T00:27:46+08:00,2026-07-03T23:50:01+08:00,466
2026-07-03T16:37:47+00:00,2026-07-04T00:37:47+08:00,2026-07-03T23:50:01+08:00,466
2026-07-03T16:48:10+00:00,2026-07-04T00:48:10+08:00,2026-07-03T23:50:01+08:00,466
2026-07-03T16:57:45+00:00,2026-07-04T00:57:45+08:00,2026-07-03T23:50:01+08:00,466
2026-07-03T17:00:04+00:00,2026-07-04T01:00:04+08:00,2026-07-03T23:50:01+08:00,466
2026-07-03T17:07:45+00:00,2026-07-04T01:07:45+08:00,2026-07-03T23:50:01+08:00,466
2026-07-03T17:18:08+00:00,2026-07-04T01:18:08+08:00,2026-07-03T23:50:01+08:00,466
2026-07-03T17:20:04+00:00,2026-07-04T01:20:04+08:00,2026-07-03T23:50:01+08:00,466
2026-07-03T17:28:08+00:00,2026-07-04T01:28:08+08:00,2026-07-03T23:50:01+08:00,466
2026-07-03T17:37:47+00:00,2026-07-04T01:37:47+08:00,2026-07-03T23:50:01+08:00,466
2026-07-03T17:40:04+00:00,2026-07-04T01:40:04+08:00,2026-07-03T23:50:01+08:00,466
2026-07-03T17:48:09+00:00,2026-07-04T01:48:09+08:00,2026-07-03T23:50:01+08:00,466
2026-07-03T17:58:08+00:00,2026-07-04T01:58:08+08:00,2026-07-03T23:50:01+08:00,466
2026-07-03T18:00:05+00:00,2026-07-04T02:00:05+08:00,2026-07-03T23:50:01+08:00,466
2026-07-03T18:08:09+00:00,2026-07-04T02:08:09+08:00,2026-07-03T23:50:01+08:00,466
2026-07-03T18:20:04+00:00,2026-07-04T02:20:04+08:00,2026-07-03T23:50:01+08:00,466
2026-07-03T18:40:25+00:00,2026-07-04T02:40:25+08:00,2026-07-03T23:50:01+08:00,466
2026-07-03T19:00:04+00:00,2026-07-04T03:00:04+08:00,2026-07-03T23:50:01+08:00,466
2026-07-03T19:20:04+00:00,2026-07-04T03:20:04+08:00,2026-07-03T23:50:01+08:00,466
2026-07-03T19:40:04+00:00,2026-07-04T03:40:04+08:00,2026-07-03T23:50:01+08:00,466
2026-07-03T20:00:04+00:00,2026-07-04T04:00:04+08:00,2026-07-03T23:50:01+08:00,466
2026-07-03T20:20:04+00:00,2026-07-04T04:20:04+08:00,2026-07-03T23:50:01+08:00,466
2026-07-03T20:40:04+00:00,2026-07-04T04:40:04+08:00,2026-07-03T23:50:01+08:00,466
2026-07-03T20:55:03+00:00,2026-07-04T04:55:03+08:00,2026-07-03T23:50:01+08:00,466
2026-07-03T20:56:04+00:00,2026-07-04T04:56:04+08:00,2026-07-03T23:50:01+08:00,466
2026-07-03T20:57:04+00:00,2026-07-04T04:57:04+08:00,2026-07-03T23:50:01+08:00,466
2026-07-03T20:58:08+00:00,2026-07-04T04:58:08+08:00,2026-07-03T23:50:01+08:00,466
2026-07-03T20:59:04+00:00,2026-07-04T04:59:04+08:00,2026-07-03T23:50:01+08:00,466
2026-07-03T21:00:04+00:00,2026-07-04T05:00:04+08:00,2026-07-03T23:50:01+08:00,466
2026-07-03T21:01:04+00:00,2026-07-04T05:01:04+08:00,2026-07-03T23:50:01+08:00,466
2026-07-03T21:02:04+00:00,2026-07-04T05:02:04+08:00,2026-07-03T23:50:01+08:00,466
2026-07-03T21:03:04+00:00,2026-07-04T05:03:04+08:00,2026-07-03T23:50:01+08:00,466
2026-07-03T21:04:04+00:00,2026-07-04T05:04:04+08:00,2026-07-03T23:50:01+08:00,466
2026-07-03T21:05:04+00:00,2026-07-04T05:05:04+08:00,2026-07-04T05:00:01+08:00,466
2026-07-03T21:06:04+00:00,2026-07-04T05:06:04+08:00,2026-07-04T05:00:01+08:00,466
2026-07-03T21:07:27+00:00,2026-07-04T05:07:27+08:00,2026-07-04T05:00:01+08:00,466
2026-07-03T21:08:08+00:00,2026-07-04T05:08:08+08:00,2026-07-04T05:00:01+08:00,466
2026-07-03T21:09:04+00:00,2026-07-04T05:09:04+08:00,2026-07-04T05:00:01+08:00,466
2026-07-03T21:10:04+00:00,2026-07-04T05:10:04+08:00,2026-07-04T05:05:01+08:00,466
2026-07-03T21:11:04+00:00,2026-07-04T05:11:04+08:00,2026-07-04T05:05:01+08:00,466
2026-07-03T21:12:04+00:00,2026-07-04T05:12:04+08:00,2026-07-04T05:05:01+08:00,466
2026-07-03T21:13:04+00:00,2026-07-04T05:13:04+08:00,2026-07-04T05:05:01+08:00,466
2026-07-03T21:14:04+00:00,2026-07-04T05:14:04+08:00,2026-07-04T05:05:01+08:00,466
2026-07-03T21:15:25+00:00,2026-07-04T05:15:25+08:00,2026-07-04T05:10:01+08:00,466
2026-07-03T21:16:04+00:00,2026-07-04T05:16:04+08:00,2026-07-04T05:10:01+08:00,466
2026-07-03T21:17:28+00:00,2026-07-04T05:17:28+08:00,2026-07-04T05:10:01+08:00,466
2026-07-03T21:18:08+00:00,2026-07-04T05:18:08+08:00,2026-07-04T05:10:01+08:00,466
2026-07-03T21:19:04+00:00,2026-07-04T05:19:04+08:00,2026-07-04T05:10:01+08:00,466
2026-07-03T21:20:04+00:00,2026-07-04T05:20:04+08:00,2026-07-04T05:15:01+08:00,466
2026-07-03T21:21:04+00:00,2026-07-04T05:21:04+08:00,2026-07-04T05:15:01+08:00,466
2026-07-03T21:22:04+00:00,2026-07-04T05:22:04+08:00,2026-07-04T05:15:01+08:00,466
2026-07-03T21:23:04+00:00,2026-07-04T05:23:04+08:00,2026-07-04T05:15:01+08:00,466
2026-07-03T21:24:04+00:00,2026-07-04T05:24:04+08:00,2026-07-04T05:15:01+08:00,466
2026-07-03T21:25:04+00:00,2026-07-04T05:25:04+08:00,2026-07-04T05:20:01+08:00,466
2026-07-03T21:26:04+00:00,2026-07-04T05:26:04+08:00,2026-07-04T05:20:01+08:00,466
2026-07-03T21:27:04+00:00,2026-07-04T05:27:04+08:00,2026-07-04T05:20:01+08:00,466
2026-07-03T21:28:07+00:00,2026-07-04T05:28:07+08:00,2026-07-04T05:20:01+08:00,466
2026-07-03T21:29:04+00:00,2026-07-04T05:29:04+08:00,2026-07-04T05:20:01+08:00,466
2026-07-03T21:30:04+00:00,2026-07-04T05:30:04+08:00,2026-07-04T05:25:01+08:00,466
2026-07-03T21:31:04+00:00,2026-07-04T05:31:04+08:00,2026-07-04T05:25:01+08:00,466
2026-07-03T21:32:04+00:00,2026-07-04T05:32:04+08:00,2026-07-04T05:25:01+08:00,466
2026-07-03T21:33:04+00:00,2026-07-04T05:33:04+08:00,2026-07-04T05:25:01+08:00,466
2026-07-03T21:34:04+00:00,2026-07-04T05:34:04+08:00,2026-07-04T05:25:01+08:00,466
2026-07-03T21:35:04+00:00,2026-07-04T05:35:04+08:00,2026-07-04T05:30:01+08:00,466
2026-07-03T21:36:04+00:00,2026-07-04T05:36:04+08:00,2026-07-04T05:30:01+08:00,466
2026-07-03T21:37:06+00:00,2026-07-04T05:37:06+08:00,2026-07-04T05:30:01+08:00,466
2026-07-03T21:38:04+00:00,2026-07-04T05:38:04+08:00,2026-07-04T05:30:01+08:00,466
2026-07-03T21:39:04+00:00,2026-07-04T05:39:04+08:00,2026-07-04T05:30:01+08:00,466
2026-07-03T21:40:04+00:00,2026-07-04T05:40:04+08:00,2026-07-04T05:35:01+08:00,466
2026-07-03T21:50:03+00:00,2026-07-04T05:50:03+08:00,2026-07-04T05:45:01+08:00,466
2026-07-03T22:00:04+00:00,2026-07-04T06:00:04+08:00,2026-07-04T05:55:01+08:00,466
2026-07-03T22:10:04+00:00,2026-07-04T06:10:04+08:00,2026-07-04T06:05:01+08:00,466
2026-07-03T22:20:04+00:00,2026-07-04T06:20:04+08:00,2026-07-04T06:15:02+08:00,466
2026-07-03T22:30:04+00:00,2026-07-04T06:30:04+08:00,2026-07-04T06:25:01+08:00,466
2026-07-03T22:40:24+00:00,2026-07-04T06:40:24+08:00,2026-07-04T06:35:01+08:00,466
2026-07-03T22:50:04+00:00,2026-07-04T06:50:04+08:00,2026-07-04T06:45:01+08:00,466
2026-07-03T23:00:04+00:00,2026-07-04T07:00:04+08:00,2026-07-04T06:55:01+08:00,466
2026-07-03T23:10:04+00:00,2026-07-04T07:10:04+08:00,2026-07-04T07:05:01+08:00,466
2026-07-03T23:20:04+00:00,2026-07-04T07:20:04+08:00,2026-07-04T07:15:01+08:00,466
2026-07-03T23:30:04+00:00,2026-07-04T07:30:04+08:00,2026-07-04T07:25:01+08:00,465
2026-07-03T23:40:04+00:00,2026-07-04T07:40:04+08:00,2026-07-04T07:35:01+08:00,464
2026-07-03T23:50:04+00:00,2026-07-04T07:50:04+08:00,2026-07-04T07:45:01+08:00,464
2026-07-04T00:00:05+00:00,2026-07-04T08:00:05+08:00,2026-07-04T07:55:01+08:00,464
2026-07-04T00:10:04+00:00,2026-07-04T08:10:04+08:00,2026-07-04T08:05:01+08:00,461
2026-07-04T00:20:04+00:00,2026-07-04T08:20:04+08:00,2026-07-04T08:15:01+08:00,460
2026-07-04T00:30:04+00:00,2026-07-04T08:30:04+08:00,2026-07-04T08:25:01+08:00,454
2026-07-04T00:40:04+00:00,2026-07-04T08:40:04+08:00,2026-07-04T08:35:01+08:00,453
2026-07-04T00:50:04+00:00,2026-07-04T08:50:04+08:00,2026-07-04T08:45:01+08:00,447
2026-07-04T01:00:04+00:00,2026-07-04T09:00:04+08:00,2026-07-04T08:55:01+08:00,440
2026-07-04T01:10:04+00:00,2026-07-04T09:10:04+08:00,2026-07-04T09:05:01+08:00,440
2026-07-04T01:20:04+00:00,2026-07-04T09:20:04+08:00,2026-07-04T09:15:01+08:00,431
2026-07-04T01:30:04+00:00,2026-07-04T09:30:04+08:00,2026-07-04T09:25:01+08:00,428
2026-07-04T01:40:04+00:00,2026-07-04T09:40:04+08:00,2026-07-04T09:35:01+08:00,421
2026-07-04T01:50:04+00:00,2026-07-04T09:50:04+08:00,2026-07-04T09:45:01+08:00,418
2026-07-04T02:00:04+00:00,2026-07-04T10:00:04+08:00,2026-07-04T09:55:01+08:00,408
2026-07-04T02:10:04+00:00,2026-07-04T10:10:04+08:00,2026-07-04T10:05:01+08:00,405
2026-07-04T02:20:05+00:00,2026-07-04T10:20:05+08:00,2026-07-04T10:15:01+08:00,396
2026-07-04T02:30:04+00:00,2026-07-04T10:30:04+08:00,2026-07-04T10:25:01+08:00,393
2026-07-04T02:40:04+00:00,2026-07-04T10:40:04+08:00,2026-07-04T10:35:01+08:00,387
2026-07-04T02:50:04+00:00,2026-07-04T10:50:04+08:00,2026-07-04T10:45:01+08:00,384
2026-07-04T03:00:04+00:00,2026-07-04T11:00:04+08:00,2026-07-04T10:55:01+08:00,374
2026-07-04T03:10:04+00:00,2026-07-04T11:10:04+08:00,2026-07-04T11:05:01+08:00,371
2026-07-04T03:20:04+00:00,2026-07-04T11:20:04+08:00,2026-07-04T11:15:01+08:00,362
2026-07-04T03:30:04+00:00,2026-07-04T11:30:04+08:00,2026-07-04T11:25:01+08:00,359
2026-07-04T03:40:04+00:00,2026-07-04T11:40:04+08:00,2026-07-04T11:35:01+08:00,352
2026-07-04T03:50:04+00:00,2026-07-04T11:50:04+08:00,2026-07-04T11:45:01+08:00,349
2026-07-04T04:00:04+00:00,2026-07-04T12:00:04+08:00,2026-07-04T11:55:01+08:00,340
2026-07-04T04:10:04+00:00,2026-07-04T12:10:04+08:00,2026-07-04T12:05:01+08:00,337
2026-07-04T04:20:04+00:00,2026-07-04T12:20:04+08:00,2026-07-04T12:15:01+08:00,328
2026-07-04T04:30:04+00:00,2026-07-04T12:30:04+08:00,2026-07-04T12:25:01+08:00,325
2026-07-04T04:40:04+00:00,2026-07-04T12:40:04+08:00,2026-07-04T12:35:01+08:00,319
2026-07-04T04:50:04+00:00,2026-07-04T12:50:04+08:00,2026-07-04T12:45:01+08:00,316
2026-07-04T05:00:04+00:00,2026-07-04T13:00:04+08:00,2026-07-04T12:55:01+08:00,307
2026-07-04T05:10:04+00:00,2026-07-04T13:10:04+08:00,2026-07-04T13:05:01+08:00,304
2026-07-04T05:20:04+00:00,2026-07-04T13:20:04+08:00,2026-07-04T13:15:01+08:00,295
2026-07-04T05:30:04+00:00,2026-07-04T13:30:04+08:00,2026-07-04T13:25:01+08:00,292
2026-07-04T05:40:04+00:00,2026-07-04T13:40:04+08:00,2026-07-04T13:35:01+08:00,289
2026-07-04T05:50:04+00:00,2026-07-04T13:50:04+08:00,2026-07-04T13:45:01+08:00,286
2026-07-04T06:00:04+00:00,2026-07-04T14:00:04+08:00,2026-07-04T13:55:01+08:00,277
2026-07-04T06:10:04+00:00,2026-07-04T14:10:04+08:00,2026-07-04T14:05:01+08:00,274
2026-07-04T06:20:04+00:00,2026-07-04T14:20:04+08:00,2026-07-04T14:15:01+08:00,268
2026-07-04T06:30:04+00:00,2026-07-04T14:30:04+08:00,2026-07-04T14:25:01+08:00,265
2026-07-04T06:40:25+00:00,2026-07-04T14:40:25+08:00,2026-07-04T14:35:01+08:00,259
2026-07-04T06:50:04+00:00,2026-07-04T14:50:04+08:00,2026-07-04T14:45:01+08:00,256
2026-07-04T07:00:05+00:00,2026-07-04T15:00:05+08:00,2026-07-04T14:55:01+08:00,247
2026-07-04T07:10:04+00:00,2026-07-04T15:10:04+08:00,2026-07-04T15:05:01+08:00,247
2026-07-04T07:20:04+00:00,2026-07-04T15:20:04+08:00,2026-07-04T15:15:01+08:00,238
2026-07-04T07:30:04+00:00,2026-07-04T15:30:04+08:00,2026-07-04T15:25:01+08:00,235
2026-07-04T07:40:04+00:00,2026-07-04T15:40:04+08:00,2026-07-04T15:35:01+08:00,232
2026-07-04T07:50:04+00:00,2026-07-04T15:50:04+08:00,2026-07-04T15:45:01+08:00,229
2026-07-04T08:00:06+00:00,2026-07-04T16:00:06+08:00,2026-07-04T15:55:01+08:00,220
2026-07-04T08:10:04+00:00,2026-07-04T16:10:04+08:00,2026-07-04T16:05:01+08:00,217
2026-07-04T08:20:05+00:00,2026-07-04T16:20:05+08:00,2026-07-04T16:15:01+08:00,211
2026-07-04T08:30:04+00:00,2026-07-04T16:30:04+08:00,2026-07-04T16:25:01+08:00,208
2026-07-04T08:40:04+00:00,2026-07-04T16:40:04+08:00,2026-07-04T16:35:01+08:00,202
2026-07-04T08:50:04+00:00,2026-07-04T16:50:04+08:00,2026-07-04T16:45:01+08:00,199
2026-07-04T09:00:05+00:00,2026-07-04T17:00:05+08:00,2026-07-04T16:55:01+08:00,190
2026-07-04T09:10:04+00:00,2026-07-04T17:10:04+08:00,2026-07-04T17:05:01+08:00,190
2026-07-04T09:20:07+00:00,2026-07-04T17:20:07+08:00,2026-07-04T17:15:01+08:00,184
2026-07-04T09:30:04+00:00,2026-07-04T17:30:04+08:00,2026-07-04T17:25:01+08:00,181
2026-07-04T09:40:04+00:00,2026-07-04T17:40:04+08:00,2026-07-04T17:35:01+08:00,178
2026-07-04T09:50:04+00:00,2026-07-04T17:50:04+08:00,2026-07-04T17:45:01+08:00,175
2026-07-04T10:00:05+00:00,2026-07-04T18:00:05+08:00,2026-07-04T17:55:01+08:00,166
2026-07-04T10:10:04+00:00,2026-07-04T18:10:04+08:00,2026-07-04T18:05:01+08:00,160
2026-07-04T10:20:05+00:00,2026-07-04T18:20:05+08:00,2026-07-04T18:15:01+08:00,151
2026-07-04T10:30:04+00:00,2026-07-04T18:30:04+08:00,2026-07-04T18:25:01+08:00,148
2026-07-04T10:40:25+00:00,2026-07-04T18:40:25+08:00,2026-07-04T18:35:01+08:00,145
2026-07-04T10:50:04+00:00,2026-07-04T18:50:04+08:00,2026-07-04T18:45:01+08:00,142
2026-07-04T11:00:05+00:00,2026-07-04T19:00:05+08:00,2026-07-04T18:55:01+08:00,133
2026-07-04T11:10:04+00:00,2026-07-04T19:10:04+08:00,2026-07-04T19:05:01+08:00,133
2026-07-04T11:20:04+00:00,2026-07-04T19:20:04+08:00,2026-07-04T19:15:01+08:00,127
2026-07-04T11:30:04+00:00,2026-07-04T19:30:04+08:00,2026-07-04T19:25:01+08:00,124
2026-07-04T11:40:04+00:00,2026-07-04T19:40:04+08:00,2026-07-04T19:35:01+08:00,121
2026-07-04T11:50:04+00:00,2026-07-04T19:50:04+08:00,2026-07-04T19:45:01+08:00,118
2026-07-04T12:00:05+00:00,2026-07-04T20:00:05+08:00,2026-07-04T19:55:01+08:00,109
2026-07-04T12:10:04+00:00,2026-07-04T20:10:04+08:00,2026-07-04T20:05:01+08:00,109
2026-07-04T12:20:04+00:00,2026-07-04T20:20:04+08:00,2026-07-04T20:15:01+08:00,103
2026-07-04T12:30:04+00:00,2026-07-04T20:30:04+08:00,2026-07-04T20:25:01+08:00,100
2026-07-04T12:40:04+00:00,2026-07-04T20:40:04+08:00,2026-07-04T20:35:01+08:00,94
2026-07-04T12:50:04+00:00,2026-07-04T20:50:04+08:00,2026-07-04T20:45:01+08:00,91
2026-07-04T13:00:05+00:00,2026-07-04T21:00:05+08:00,2026-07-04T20:55:01+08:00,82
2026-07-04T13:10:04+00:00,2026-07-04T21:10:04+08:00,2026-07-04T21:05:01+08:00,82
2026-07-04T13:20:04+00:00,2026-07-04T21:20:04+08:00,2026-07-04T21:15:01+08:00,76
2026-07-04T13:30:04+00:00,2026-07-04T21:30:04+08:00,2026-07-04T21:25:01+08:00,73
2026-07-04T13:40:04+00:00,2026-07-04T21:40:04+08:00,2026-07-04T21:35:01+08:00,70
2026-07-04T13:50:04+00:00,2026-07-04T21:50:04+08:00,2026-07-04T21:45:01+08:00,67
2026-07-04T14:00:05+00:00,2026-07-04T22:00:05+08:00,2026-07-04T21:55:01+08:00,58
2026-07-04T14:10:04+00:00,2026-07-04T22:10:04+08:00,2026-07-04T22:05:01+08:00,58
2026-07-04T14:20:04+00:00,2026-07-04T22:20:04+08:00,2026-07-04T22:15:01+08:00,52
2026-07-04T14:30:04+00:00,2026-07-04T22:30:04+08:00,2026-07-04T22:25:01+08:00,49
2026-07-04T14:40:25+00:00,2026-07-04T22:40:25+08:00,2026-07-04T22:35:01+08:00,46
2026-07-04T14:50:04+00:00,2026-07-04T22:50:04+08:00,2026-07-04T22:45:01+08:00,43
2026-07-04T15:00:05+00:00,2026-07-04T23:00:05+08:00,2026-07-04T22:55:01+08:00,34
2026-07-04T15:10:04+00:00,2026-07-04T23:10:04+08:00,2026-07-04T23:05:01+08:00,34
2026-07-04T15:20:04+00:00,2026-07-04T23:20:04+08:00,2026-07-04T23:15:01+08:00,31
2026-07-04T15:30:04+00:00,2026-07-04T23:30:04+08:00,2026-07-04T23:25:01+08:00,28
2026-07-04T15:40:04+00:00,2026-07-04T23:40:04+08:00,2026-07-04T23:35:01+08:00,24
2026-07-04T16:00:05+00:00,2026-07-05T00:00:05+08:00,2026-07-04T23:50:01+08:00,505
2026-07-04T16:10:06+00:00,2026-07-05T00:10:06+08:00,2026-07-04T23:50:01+08:00,505
2026-07-04T16:20:04+00:00,2026-07-05T00:20:04+08:00,2026-07-04T23:50:01+08:00,505
2026-07-04T16:30:07+00:00,2026-07-05T00:30:07+08:00,2026-07-04T23:50:01+08:00,505
2026-07-04T16:40:06+00:00,2026-07-05T00:40:06+08:00,2026-07-04T23:50:01+08:00,505
2026-07-04T17:20:04+00:00,2026-07-05T01:20:04+08:00,2026-07-04T23:50:01+08:00,505
2026-07-04T17:40:06+00:00,2026-07-05T01:40:06+08:00,2026-07-04T23:50:01+08:00,505
2026-07-04T18:00:05+00:00,2026-07-05T02:00:05+08:00,2026-07-04T23:50:01+08:00,505
2026-07-04T18:20:04+00:00,2026-07-05T02:20:04+08:00,2026-07-04T23:50:01+08:00,505
2026-07-04T18:40:05+00:00,2026-07-05T02:40:05+08:00,2026-07-04T23:50:01+08:00,505
2026-07-04T19:00:06+00:00,2026-07-05T03:00:06+08:00,2026-07-04T23:50:01+08:00,505
2026-07-04T19:20:05+00:00,2026-07-05T03:20:05+08:00,2026-07-04T23:50:01+08:00,505
2026-07-04T19:40:06+00:00,2026-07-05T03:40:06+08:00,2026-07-04T23:50:01+08:00,505
2026-07-04T20:00:06+00:00,2026-07-05T04:00:06+08:00,2026-07-04T23:50:01+08:00,505
2026-07-04T20:20:05+00:00,2026-07-05T04:20:05+08:00,2026-07-04T23:50:01+08:00,505
2026-07-04T20:40:06+00:00,2026-07-05T04:40:06+08:00,2026-07-04T23:50:01+08:00,505
2026-07-04T20:55:03+00:00,2026-07-05T04:55:03+08:00,2026-07-04T23:50:01+08:00,505
2026-07-04T20:56:04+00:00,2026-07-05T04:56:04+08:00,2026-07-04T23:50:01+08:00,505
2026-07-04T20:57:04+00:00,2026-07-05T04:57:04+08:00,2026-07-04T23:50:01+08:00,505
2026-07-04T20:58:04+00:00,2026-07-05T04:58:04+08:00,2026-07-04T23:50:01+08:00,505
2026-07-04T20:59:04+00:00,2026-07-05T04:59:04+08:00,2026-07-04T23:50:01+08:00,505
2026-07-04T21:00:04+00:00,2026-07-05T05:00:04+08:00,2026-07-04T23:50:01+08:00,505
2026-07-04T21:01:04+00:00,2026-07-05T05:01:04+08:00,2026-07-04T23:50:01+08:00,505
2026-07-04T21:02:04+00:00,2026-07-05T05:02:04+08:00,2026-07-04T23:50:01+08:00,505
2026-07-04T21:03:04+00:00,2026-07-05T05:03:04+08:00,2026-07-04T23:50:01+08:00,505
2026-07-04T21:04:04+00:00,2026-07-05T05:04:04+08:00,2026-07-04T23:50:01+08:00,505
2026-07-04T21:05:04+00:00,2026-07-05T05:05:04+08:00,2026-07-05T05:00:01+08:00,505
2026-07-04T21:06:04+00:00,2026-07-05T05:06:04+08:00,2026-07-05T05:00:01+08:00,505
2026-07-04T21:07:25+00:00,2026-07-05T05:07:25+08:00,2026-07-05T05:00:01+08:00,505
2026-07-04T21:08:04+00:00,2026-07-05T05:08:04+08:00,2026-07-05T05:00:01+08:00,505
2026-07-04T21:09:04+00:00,2026-07-05T05:09:04+08:00,2026-07-05T05:00:01+08:00,505
2026-07-04T21:10:04+00:00,2026-07-05T05:10:04+08:00,2026-07-05T05:05:01+08:00,505
2026-07-04T21:11:04+00:00,2026-07-05T05:11:04+08:00,2026-07-05T05:05:01+08:00,505
2026-07-04T21:12:04+00:00,2026-07-05T05:12:04+08:00,2026-07-05T05:05:01+08:00,505
2026-07-04T21:13:04+00:00,2026-07-05T05:13:04+08:00,2026-07-05T05:05:01+08:00,505
2026-07-04T21:14:04+00:00,2026-07-05T05:14:04+08:00,2026-07-05T05:05:01+08:00,505
2026-07-04T21:15:25+00:00,2026-07-05T05:15:25+08:00,2026-07-05T05:10:01+08:00,505
2026-07-04T21:16:04+00:00,2026-07-05T05:16:04+08:00,2026-07-05T05:10:01+08:00,505
2026-07-04T21:17:04+00:00,2026-07-05T05:17:04+08:00,2026-07-05T05:10:01+08:00,505
2026-07-04T21:18:04+00:00,2026-07-05T05:18:04+08:00,2026-07-05T05:10:01+08:00,505
2026-07-04T21:19:04+00:00,2026-07-05T05:19:04+08:00,2026-07-05T05:10:01+08:00,505
2026-07-04T21:20:04+00:00,2026-07-05T05:20:04+08:00,2026-07-05T05:15:01+08:00,505
2026-07-04T21:21:04+00:00,2026-07-05T05:21:04+08:00,2026-07-05T05:15:01+08:00,505
2026-07-04T21:22:04+00:00,2026-07-05T05:22:04+08:00,2026-07-05T05:15:01+08:00,505
2026-07-04T21:23:04+00:00,2026-07-05T05:23:04+08:00,2026-07-05T05:15:01+08:00,505
2026-07-04T21:24:04+00:00,2026-07-05T05:24:04+08:00,2026-07-05T05:15:01+08:00,505
2026-07-04T21:25:04+00:00,2026-07-05T05:25:04+08:00,2026-07-05T05:20:01+08:00,505
2026-07-04T21:26:04+00:00,2026-07-05T05:26:04+08:00,2026-07-05T05:20:01+08:00,505
2026-07-04T21:27:08+00:00,2026-07-05T05:27:08+08:00,2026-07-05T05:20:01+08:00,505
2026-07-04T21:28:04+00:00,2026-07-05T05:28:04+08:00,2026-07-05T05:20:01+08:00,505
2026-07-04T21:29:04+00:00,2026-07-05T05:29:04+08:00,2026-07-05T05:20:01+08:00,505
2026-07-04T21:30:05+00:00,2026-07-05T05:30:05+08:00,2026-07-05T05:25:01+08:00,505
2026-07-04T21:31:04+00:00,2026-07-05T05:31:04+08:00,2026-07-05T05:25:01+08:00,505
2026-07-04T21:32:04+00:00,2026-07-05T05:32:04+08:00,2026-07-05T05:25:01+08:00,505
2026-07-04T21:33:04+00:00,2026-07-05T05:33:04+08:00,2026-07-05T05:25:01+08:00,505
2026-07-04T21:34:04+00:00,2026-07-05T05:34:04+08:00,2026-07-05T05:25:01+08:00,505
2026-07-04T21:35:04+00:00,2026-07-05T05:35:04+08:00,2026-07-05T05:30:01+08:00,505
2026-07-04T21:36:04+00:00,2026-07-05T05:36:04+08:00,2026-07-05T05:30:01+08:00,505
2026-07-04T21:37:27+00:00,2026-07-05T05:37:27+08:00,2026-07-05T05:30:01+08:00,505
2026-07-04T21:38:04+00:00,2026-07-05T05:38:04+08:00,2026-07-05T05:30:01+08:00,505
2026-07-04T21:39:04+00:00,2026-07-05T05:39:04+08:00,2026-07-05T05:30:01+08:00,505
2026-07-04T21:40:04+00:00,2026-07-05T05:40:04+08:00,2026-07-05T05:35:01+08:00,505
2026-07-04T21:50:04+00:00,2026-07-05T05:50:04+08:00,2026-07-05T05:45:01+08:00,505
2026-07-04T22:00:04+00:00,2026-07-05T06:00:04+08:00,2026-07-05T05:55:01+08:00,505
2026-07-04T22:10:04+00:00,2026-07-05T06:10:04+08:00,2026-07-05T06:05:01+08:00,505
2026-07-04T22:20:04+00:00,2026-07-05T06:20:04+08:00,2026-07-05T06:15:01+08:00,505
2026-07-04T22:30:04+00:00,2026-07-05T06:30:04+08:00,2026-07-05T06:25:01+08:00,505
2026-07-04T22:40:25+00:00,2026-07-05T06:40:25+08:00,2026-07-05T06:35:01+08:00,505
2026-07-04T22:50:04+00:00,2026-07-05T06:50:04+08:00,2026-07-05T06:45:02+08:00,505
2026-07-04T23:00:05+00:00,2026-07-05T07:00:05+08:00,2026-07-05T06:55:01+08:00,505
2026-07-04T23:10:04+00:00,2026-07-05T07:10:04+08:00,2026-07-05T07:05:01+08:00,505
2026-07-04T23:20:04+00:00,2026-07-05T07:20:04+08:00,2026-07-05T07:15:01+08:00,505
2026-07-04T23:30:04+00:00,2026-07-05T07:30:04+08:00,2026-07-05T07:25:01+08:00,504
2026-07-04T23:40:04+00:00,2026-07-05T07:40:04+08:00,2026-07-05T07:35:01+08:00,503
2026-07-04T23:50:04+00:00,2026-07-05T07:50:04+08:00,2026-07-05T07:45:01+08:00,503
2026-07-05T00:00:05+00:00,2026-07-05T08:00:05+08:00,2026-07-05T07:55:01+08:00,503
2026-07-05T00:10:04+00:00,2026-07-05T08:10:04+08:00,2026-07-05T08:05:01+08:00,500
2026-07-05T00:20:04+00:00,2026-07-05T08:20:04+08:00,2026-07-05T08:15:01+08:00,499
2026-07-05T00:30:04+00:00,2026-07-05T08:30:04+08:00,2026-07-05T08:25:01+08:00,496
2026-07-05T00:40:04+00:00,2026-07-05T08:40:04+08:00,2026-07-05T08:35:01+08:00,496
2026-07-05T00:50:04+00:00,2026-07-05T08:50:04+08:00,2026-07-05T08:45:01+08:00,490
2026-07-05T01:00:04+00:00,2026-07-05T09:00:04+08:00,2026-07-05T08:55:01+08:00,484
2026-07-05T01:10:04+00:00,2026-07-05T09:10:04+08:00,2026-07-05T09:05:01+08:00,484
2026-07-05T01:20:04+00:00,2026-07-05T09:20:04+08:00,2026-07-05T09:15:01+08:00,475
2026-07-05T01:30:04+00:00,2026-07-05T09:30:04+08:00,2026-07-05T09:25:01+08:00,475
2026-07-05T01:40:04+00:00,2026-07-05T09:40:04+08:00,2026-07-05T09:35:01+08:00,469
2026-07-05T01:50:04+00:00,2026-07-05T09:50:04+08:00,2026-07-05T09:45:01+08:00,466
2026-07-05T02:00:05+00:00,2026-07-05T10:00:05+08:00,2026-07-05T09:55:01+08:00,457
2026-07-05T02:10:04+00:00,2026-07-05T10:10:04+08:00,2026-07-05T10:05:01+08:00,457
2026-07-05T02:20:05+00:00,2026-07-05T10:20:05+08:00,2026-07-05T10:15:01+08:00,448
2026-07-05T02:30:05+00:00,2026-07-05T10:30:05+08:00,2026-07-05T10:25:01+08:00,445
2026-07-05T02:40:04+00:00,2026-07-05T10:40:04+08:00,2026-07-05T10:35:01+08:00,442
2026-07-05T02:50:04+00:00,2026-07-05T10:50:04+08:00,2026-07-05T10:45:01+08:00,439
2026-07-05T03:00:04+00:00,2026-07-05T11:00:04+08:00,2026-07-05T10:55:01+08:00,430
2026-07-05T03:10:04+00:00,2026-07-05T11:10:04+08:00,2026-07-05T11:05:01+08:00,430
2026-07-05T03:20:05+00:00,2026-07-05T11:20:05+08:00,2026-07-05T11:15:01+08:00,421
2026-07-05T03:30:04+00:00,2026-07-05T11:30:04+08:00,2026-07-05T11:25:01+08:00,418
2026-07-05T03:40:04+00:00,2026-07-05T11:40:04+08:00,2026-07-05T11:35:01+08:00,412
2026-07-05T04:00:04+00:00,2026-07-05T12:00:04+08:00,2026-07-05T11:55:01+08:00,400
2026-07-05T04:10:04+00:00,2026-07-05T12:10:04+08:00,2026-07-05T12:05:01+08:00,400
2026-07-05T04:20:06+00:00,2026-07-05T12:20:06+08:00,2026-07-05T12:15:01+08:00,394
2026-07-05T04:30:04+00:00,2026-07-05T12:30:04+08:00,2026-07-05T12:25:01+08:00,391
2026-07-05T04:40:04+00:00,2026-07-05T12:40:04+08:00,2026-07-05T12:35:01+08:00,388
2026-07-05T04:50:04+00:00,2026-07-05T12:50:04+08:00,2026-07-05T12:45:01+08:00,385
2026-07-05T05:00:04+00:00,2026-07-05T13:00:04+08:00,2026-07-05T12:55:01+08:00,376
2026-07-05T05:10:04+00:00,2026-07-05T13:10:04+08:00,2026-07-05T13:05:01+08:00,373
2026-07-05T05:20:05+00:00,2026-07-05T13:20:05+08:00,2026-07-05T13:15:01+08:00,367
2026-07-05T05:30:04+00:00,2026-07-05T13:30:04+08:00,2026-07-05T13:25:01+08:00,364
2026-07-05T05:40:04+00:00,2026-07-05T13:40:04+08:00,2026-07-05T13:35:01+08:00,361
2026-07-05T05:50:04+00:00,2026-07-05T13:50:04+08:00,2026-07-05T13:45:01+08:00,358
2026-07-05T06:00:04+00:00,2026-07-05T14:00:04+08:00,2026-07-05T13:55:01+08:00,349
2026-07-05T06:10:04+00:00,2026-07-05T14:10:04+08:00,2026-07-05T14:05:01+08:00,349
2026-07-05T06:20:04+00:00,2026-07-05T14:20:04+08:00,2026-07-05T14:15:01+08:00,340
2026-07-05T06:30:06+00:00,2026-07-05T14:30:06+08:00,2026-07-05T14:25:01+08:00,337
2026-07-05T06:40:28+00:00,2026-07-05T14:40:28+08:00,2026-07-05T14:35:01+08:00,333
2026-07-05T06:50:04+00:00,2026-07-05T14:50:04+08:00,2026-07-05T14:45:01+08:00,330
2026-07-05T07:00:04+00:00,2026-07-05T15:00:04+08:00,2026-07-05T14:55:01+08:00,321
2026-07-05T07:10:04+00:00,2026-07-05T15:10:04+08:00,2026-07-05T15:05:01+08:00,321
2026-07-05T07:20:04+00:00,2026-07-05T15:20:04+08:00,2026-07-05T15:15:01+08:00,312
2026-07-05T07:30:04+00:00,2026-07-05T15:30:04+08:00,2026-07-05T15:25:01+08:00,309
2026-07-05T07:40:04+00:00,2026-07-05T15:40:04+08:00,2026-07-05T15:35:01+08:00,302
2026-07-05T07:50:04+00:00,2026-07-05T15:50:04+08:00,2026-07-05T15:45:01+08:00,299
2026-07-05T08:00:04+00:00,2026-07-05T16:00:04+08:00,2026-07-05T15:55:01+08:00,289
2026-07-05T08:10:04+00:00,2026-07-05T16:10:04+08:00,2026-07-05T16:05:01+08:00,289
2026-07-05T08:20:04+00:00,2026-07-05T16:20:04+08:00,2026-07-05T16:15:01+08:00,280
2026-07-05T08:30:05+00:00,2026-07-05T16:30:05+08:00,2026-07-05T16:25:01+08:00,277
2026-07-05T08:40:04+00:00,2026-07-05T16:40:04+08:00,2026-07-05T16:35:01+08:00,270
2026-07-05T08:50:04+00:00,2026-07-05T16:50:04+08:00,2026-07-05T16:45:01+08:00,267
2026-07-05T09:00:07+00:00,2026-07-05T17:00:07+08:00,2026-07-05T16:55:01+08:00,257
2026-07-05T09:10:04+00:00,2026-07-05T17:10:04+08:00,2026-07-05T17:05:01+08:00,254
2026-07-05T09:20:04+00:00,2026-07-05T17:20:04+08:00,2026-07-05T17:15:01+08:00,245
2026-07-05T09:30:04+00:00,2026-07-05T17:30:04+08:00,2026-07-05T17:25:01+08:00,242
2026-07-05T09:40:04+00:00,2026-07-05T17:40:04+08:00,2026-07-05T17:35:01+08:00,235
2026-07-05T09:50:04+00:00,2026-07-05T17:50:04+08:00,2026-07-05T17:45:01+08:00,232
2026-07-05T10:00:05+00:00,2026-07-05T18:00:05+08:00,2026-07-05T17:55:01+08:00,222
2026-07-05T10:10:04+00:00,2026-07-05T18:10:04+08:00,2026-07-05T18:05:01+08:00,219
2026-07-05T10:20:04+00:00,2026-07-05T18:20:04+08:00,2026-07-05T18:15:01+08:00,210
2026-07-05T10:30:04+00:00,2026-07-05T18:30:04+08:00,2026-07-05T18:25:01+08:00,207
2026-07-05T10:40:25+00:00,2026-07-05T18:40:25+08:00,2026-07-05T18:35:01+08:00,200
2026-07-05T10:50:04+00:00,2026-07-05T18:50:04+08:00,2026-07-05T18:45:01+08:00,197
2026-07-05T11:00:04+00:00,2026-07-05T19:00:04+08:00,2026-07-05T18:55:01+08:00,187
2026-07-05T11:10:04+00:00,2026-07-05T19:10:04+08:00,2026-07-05T19:05:01+08:00,187
2026-07-05T11:20:04+00:00,2026-07-05T19:20:04+08:00,2026-07-05T19:15:01+08:00,178
2026-07-05T11:30:04+00:00,2026-07-05T19:30:04+08:00,2026-07-05T19:25:01+08:00,175
2026-07-05T11:40:04+00:00,2026-07-05T19:40:04+08:00,2026-07-05T19:35:01+08:00,168
2026-07-05T11:50:04+00:00,2026-07-05T19:50:04+08:00,2026-07-05T19:45:01+08:00,165
2026-07-05T12:00:04+00:00,2026-07-05T20:00:04+08:00,2026-07-05T19:55:01+08:00,155
2026-07-05T12:10:04+00:00,2026-07-05T20:10:04+08:00,2026-07-05T20:05:01+08:00,152
2026-07-05T12:20:04+00:00,2026-07-05T20:20:04+08:00,2026-07-05T20:15:01+08:00,143
2026-07-05T12:30:06+00:00,2026-07-05T20:30:06+08:00,2026-07-05T20:25:01+08:00,140
2026-07-05T12:40:04+00:00,2026-07-05T20:40:04+08:00,2026-07-05T20:35:01+08:00,133
2026-07-05T12:50:04+00:00,2026-07-05T20:50:04+08:00,2026-07-05T20:45:01+08:00,130
2026-07-05T13:00:04+00:00,2026-07-05T21:00:04+08:00,2026-07-05T20:55:01+08:00,120
2026-07-05T13:10:04+00:00,2026-07-05T21:10:04+08:00,2026-07-05T21:05:01+08:00,117
2026-07-05T13:20:04+00:00,2026-07-05T21:20:04+08:00,2026-07-05T21:15:01+08:00,108
2026-07-05T13:30:04+00:00,2026-07-05T21:30:04+08:00,2026-07-05T21:25:01+08:00,105
2026-07-05T13:40:04+00:00,2026-07-05T21:40:04+08:00,2026-07-05T21:35:01+08:00,98
2026-07-05T13:50:04+00:00,2026-07-05T21:50:04+08:00,2026-07-05T21:45:01+08:00,95
2026-07-05T14:00:04+00:00,2026-07-05T22:00:04+08:00,2026-07-05T21:55:01+08:00,85
2026-07-05T14:10:04+00:00,2026-07-05T22:10:04+08:00,2026-07-05T22:05:01+08:00,82
2026-07-05T14:20:04+00:00,2026-07-05T22:20:04+08:00,2026-07-05T22:15:01+08:00,73
2026-07-05T14:30:04+00:00,2026-07-05T22:30:04+08:00,2026-07-05T22:25:01+08:00,70
2026-07-05T14:40:26+00:00,2026-07-05T22:40:26+08:00,2026-07-05T22:35:01+08:00,63
2026-07-05T14:50:04+00:00,2026-07-05T22:50:04+08:00,2026-07-05T22:45:01+08:00,60
2026-07-05T15:00:04+00:00,2026-07-05T23:00:04+08:00,2026-07-05T22:55:01+08:00,51
2026-07-05T15:10:04+00:00,2026-07-05T23:10:04+08:00,2026-07-05T23:05:01+08:00,45
2026-07-05T15:20:04+00:00,2026-07-05T23:20:04+08:00,2026-07-05T23:15:01+08:00,37
2026-07-05T15:30:04+00:00,2026-07-05T23:30:04+08:00,2026-07-05T23:25:01+08:00,31
2026-07-05T15:40:04+00:00,2026-07-05T23:40:04+08:00,2026-07-05T23:35:01+08:00,24
2026-07-05T16:00:04+00:00,2026-07-06T00:00:04+08:00,2026-07-05T23:50:01+08:00,453
2026-07-05T16:10:06+00:00,2026-07-06T00:10:06+08:00,2026-07-05T23:50:01+08:00,453
2026-07-05T16:20:04+00:00,2026-07-06T00:20:04+08:00,2026-07-05T23:50:01+08:00,453
2026-07-05T16:30:08+00:00,2026-07-06T00:30:08+08:00,2026-07-05T23:50:01+08:00,453
2026-07-05T16:40:06+00:00,2026-07-06T00:40:06+08:00,2026-07-05T23:50:01+08:00,453
2026-07-05T17:20:04+00:00,2026-07-06T01:20:04+08:00,2026-07-05T23:50:01+08:00,453
2026-07-05T17:40:06+00:00,2026-07-06T01:40:06+08:00,2026-07-05T23:50:01+08:00,453
2026-07-05T18:00:04+00:00,2026-07-06T02:00:04+08:00,2026-07-05T23:50:01+08:00,453
2026-07-05T18:20:04+00:00,2026-07-06T02:20:04+08:00,2026-07-05T23:50:01+08:00,453
2026-07-05T18:40:05+00:00,2026-07-06T02:40:05+08:00,2026-07-05T23:50:01+08:00,453
2026-07-05T19:00:04+00:00,2026-07-06T03:00:04+08:00,2026-07-05T23:50:01+08:00,453
2026-07-05T19:20:07+00:00,2026-07-06T03:20:07+08:00,2026-07-05T23:50:01+08:00,453
2026-07-05T19:40:06+00:00,2026-07-06T03:40:06+08:00,2026-07-05T23:50:01+08:00,453
2026-07-05T20:00:04+00:00,2026-07-06T04:00:04+08:00,2026-07-05T23:50:01+08:00,453
2026-07-05T20:20:04+00:00,2026-07-06T04:20:04+08:00,2026-07-05T23:50:01+08:00,453
2026-07-05T20:40:06+00:00,2026-07-06T04:40:06+08:00,2026-07-05T23:50:01+08:00,453
2026-07-05T20:55:03+00:00,2026-07-06T04:55:03+08:00,2026-07-05T23:50:01+08:00,453
2026-07-05T20:56:04+00:00,2026-07-06T04:56:04+08:00,2026-07-05T23:50:01+08:00,453
2026-07-05T20:57:04+00:00,2026-07-06T04:57:04+08:00,2026-07-05T23:50:01+08:00,453
2026-07-05T20:58:04+00:00,2026-07-06T04:58:04+08:00,2026-07-05T23:50:01+08:00,453
2026-07-05T20:59:04+00:00,2026-07-06T04:59:04+08:00,2026-07-05T23:50:01+08:00,453
2026-07-05T21:00:04+00:00,2026-07-06T05:00:04+08:00,2026-07-05T23:50:01+08:00,453
2026-07-05T21:01:04+00:00,2026-07-06T05:01:04+08:00,2026-07-05T23:50:01+08:00,453
2026-07-05T21:02:04+00:00,2026-07-06T05:02:04+08:00,2026-07-05T23:50:01+08:00,453
2026-07-05T21:03:04+00:00,2026-07-06T05:03:04+08:00,2026-07-05T23:50:01+08:00,453
2026-07-05T21:04:04+00:00,2026-07-06T05:04:04+08:00,2026-07-05T23:50:01+08:00,453
2026-07-05T21:05:04+00:00,2026-07-06T05:05:04+08:00,2026-07-06T05:00:01+08:00,453
2026-07-05T21:06:04+00:00,2026-07-06T05:06:04+08:00,2026-07-06T05:00:01+08:00,453
2026-07-05T21:07:27+00:00,2026-07-06T05:07:27+08:00,2026-07-06T05:00:01+08:00,453
2026-07-05T21:08:04+00:00,2026-07-06T05:08:04+08:00,2026-07-06T05:00:01+08:00,453
2026-07-05T21:09:04+00:00,2026-07-06T05:09:04+08:00,2026-07-06T05:00:01+08:00,453
2026-07-05T21:10:04+00:00,2026-07-06T05:10:04+08:00,2026-07-06T05:05:01+08:00,453
2026-07-05T21:11:04+00:00,2026-07-06T05:11:04+08:00,2026-07-06T05:05:01+08:00,453
2026-07-05T21:12:04+00:00,2026-07-06T05:12:04+08:00,2026-07-06T05:05:01+08:00,453
2026-07-05T21:13:04+00:00,2026-07-06T05:13:04+08:00,2026-07-06T05:05:01+08:00,453
2026-07-05T21:14:04+00:00,2026-07-06T05:14:04+08:00,2026-07-06T05:05:01+08:00,453
2026-07-05T21:15:04+00:00,2026-07-06T05:15:04+08:00,2026-07-06T05:10:01+08:00,453
2026-07-05T21:16:04+00:00,2026-07-06T05:16:04+08:00,2026-07-06T05:10:01+08:00,453
2026-07-05T21:17:27+00:00,2026-07-06T05:17:27+08:00,2026-07-06T05:10:01+08:00,453
2026-07-05T21:18:04+00:00,2026-07-06T05:18:04+08:00,2026-07-06T05:10:01+08:00,453
2026-07-05T21:19:04+00:00,2026-07-06T05:19:04+08:00,2026-07-06T05:10:01+08:00,453
2026-07-05T21:20:04+00:00,2026-07-06T05:20:04+08:00,2026-07-06T05:15:01+08:00,453
2026-07-05T21:21:04+00:00,2026-07-06T05:21:04+08:00,2026-07-06T05:15:01+08:00,453
2026-07-05T21:22:04+00:00,2026-07-06T05:22:04+08:00,2026-07-06T05:15:01+08:00,453
2026-07-05T21:23:04+00:00,2026-07-06T05:23:04+08:00,2026-07-06T05:15:01+08:00,453
2026-07-05T21:24:04+00:00,2026-07-06T05:24:04+08:00,2026-07-06T05:15:01+08:00,453
2026-07-05T21:25:04+00:00,2026-07-06T05:25:04+08:00,2026-07-06T05:20:01+08:00,453
2026-07-05T21:26:04+00:00,2026-07-06T05:26:04+08:00,2026-07-06T05:20:01+08:00,453
2026-07-05T21:27:07+00:00,2026-07-06T05:27:07+08:00,2026-07-06T05:20:01+08:00,453
2026-07-05T21:28:04+00:00,2026-07-06T05:28:04+08:00,2026-07-06T05:20:01+08:00,453
2026-07-05T21:29:04+00:00,2026-07-06T05:29:04+08:00,2026-07-06T05:20:01+08:00,453
2026-07-05T21:30:04+00:00,2026-07-06T05:30:04+08:00,2026-07-06T05:25:01+08:00,453
2026-07-05T21:31:05+00:00,2026-07-06T05:31:05+08:00,2026-07-06T05:25:01+08:00,453
2026-07-05T21:32:04+00:00,2026-07-06T05:32:04+08:00,2026-07-06T05:25:01+08:00,453
2026-07-05T21:33:04+00:00,2026-07-06T05:33:04+08:00,2026-07-06T05:25:01+08:00,453
2026-07-05T21:34:04+00:00,2026-07-06T05:34:04+08:00,2026-07-06T05:25:01+08:00,453
2026-07-05T21:35:04+00:00,2026-07-06T05:35:04+08:00,2026-07-06T05:30:01+08:00,453
2026-07-05T21:36:04+00:00,2026-07-06T05:36:04+08:00,2026-07-06T05:30:01+08:00,453
2026-07-05T21:37:29+00:00,2026-07-06T05:37:29+08:00,2026-07-06T05:30:01+08:00,453
2026-07-05T21:38:04+00:00,2026-07-06T05:38:04+08:00,2026-07-06T05:30:01+08:00,453
2026-07-05T21:39:04+00:00,2026-07-06T05:39:04+08:00,2026-07-06T05:30:01+08:00,453
2026-07-05T21:40:04+00:00,2026-07-06T05:40:04+08:00,2026-07-06T05:35:01+08:00,453
2026-07-05T21:50:03+00:00,2026-07-06T05:50:03+08:00,2026-07-06T05:45:01+08:00,453
2026-07-05T22:00:05+00:00,2026-07-06T06:00:05+08:00,2026-07-06T05:55:01+08:00,453
2026-07-05T22:10:04+00:00,2026-07-06T06:10:04+08:00,2026-07-06T06:05:01+08:00,453
2026-07-05T22:20:05+00:00,2026-07-06T06:20:05+08:00,2026-07-06T06:15:01+08:00,453
2026-07-05T22:30:04+00:00,2026-07-06T06:30:04+08:00,2026-07-06T06:25:01+08:00,453
2026-07-05T22:40:25+00:00,2026-07-06T06:40:25+08:00,2026-07-06T06:35:01+08:00,453
2026-07-05T22:50:04+00:00,2026-07-06T06:50:04+08:00,2026-07-06T06:45:02+08:00,453
2026-07-05T23:00:04+00:00,2026-07-06T07:00:04+08:00,2026-07-06T06:55:01+08:00,453
2026-07-05T23:10:04+00:00,2026-07-06T07:10:04+08:00,2026-07-06T07:05:01+08:00,453
2026-07-05T23:20:04+00:00,2026-07-06T07:20:04+08:00,2026-07-06T07:15:01+08:00,453
2026-07-05T23:30:04+00:00,2026-07-06T07:30:04+08:00,2026-07-06T07:25:01+08:00,452
2026-07-05T23:40:04+00:00,2026-07-06T07:40:04+08:00,2026-07-06T07:35:01+08:00,451
2026-07-05T23:50:04+00:00,2026-07-06T07:50:04+08:00,2026-07-06T07:45:01+08:00,451
2026-07-06T00:00:04+00:00,2026-07-06T08:00:04+08:00,2026-07-06T07:55:01+08:00,450
2026-07-06T00:10:04+00:00,2026-07-06T08:10:04+08:00,2026-07-06T08:05:01+08:00,447
2026-07-06T00:20:04+00:00,2026-07-06T08:20:04+08:00,2026-07-06T08:15:01+08:00,446
2026-07-06T00:30:04+00:00,2026-07-06T08:30:04+08:00,2026-07-06T08:25:01+08:00,437
2026-07-06T00:40:04+00:00,2026-07-06T08:40:04+08:00,2026-07-06T08:35:01+08:00,436
2026-07-06T00:50:04+00:00,2026-07-06T08:50:04+08:00,2026-07-06T08:45:01+08:00,430
2026-07-06T01:00:04+00:00,2026-07-06T09:00:04+08:00,2026-07-06T08:55:01+08:00,420
2026-07-06T01:10:04+00:00,2026-07-06T09:10:04+08:00,2026-07-06T09:05:01+08:00,417
2026-07-06T01:20:04+00:00,2026-07-06T09:20:04+08:00,2026-07-06T09:15:01+08:00,408
2026-07-06T01:30:04+00:00,2026-07-06T09:30:04+08:00,2026-07-06T09:25:01+08:00,408
2026-07-06T01:40:04+00:00,2026-07-06T09:40:04+08:00,2026-07-06T09:35:01+08:00,401
2026-07-06T01:50:04+00:00,2026-07-06T09:50:04+08:00,2026-07-06T09:45:01+08:00,398
2026-07-06T02:00:04+00:00,2026-07-06T10:00:04+08:00,2026-07-06T09:55:01+08:00,389
2026-07-06T02:10:04+00:00,2026-07-06T10:10:04+08:00,2026-07-06T10:05:01+08:00,386
2026-07-06T02:20:05+00:00,2026-07-06T10:20:05+08:00,2026-07-06T10:15:01+08:00,377
2026-07-06T02:30:04+00:00,2026-07-06T10:30:04+08:00,2026-07-06T10:25:01+08:00,374
2026-07-06T02:40:28+00:00,2026-07-06T10:40:28+08:00,2026-07-06T10:35:01+08:00,368
2026-07-06T02:50:04+00:00,2026-07-06T10:50:04+08:00,2026-07-06T10:45:01+08:00,365
2026-07-06T03:00:04+00:00,2026-07-06T11:00:04+08:00,2026-07-06T10:55:01+08:00,356
2026-07-06T03:10:04+00:00,2026-07-06T11:10:04+08:00,2026-07-06T11:05:01+08:00,356
2026-07-06T03:20:04+00:00,2026-07-06T11:20:04+08:00,2026-07-06T11:15:01+08:00,350
2026-07-06T03:30:04+00:00,2026-07-06T11:30:04+08:00,2026-07-06T11:25:01+08:00,347
2026-07-06T03:40:04+00:00,2026-07-06T11:40:04+08:00,2026-07-06T11:35:01+08:00,341
2026-07-06T04:00:04+00:00,2026-07-06T12:00:04+08:00,2026-07-06T11:55:01+08:00,329
2026-07-06T04:10:04+00:00,2026-07-06T12:10:04+08:00,2026-07-06T12:05:01+08:00,329
2026-07-06T04:20:05+00:00,2026-07-06T12:20:05+08:00,2026-07-06T12:15:01+08:00,320
2026-07-06T04:30:06+00:00,2026-07-06T12:30:06+08:00,2026-07-06T12:25:01+08:00,317
2026-07-06T04:40:04+00:00,2026-07-06T12:40:04+08:00,2026-07-06T12:35:01+08:00,314
2026-07-06T04:50:04+00:00,2026-07-06T12:50:04+08:00,2026-07-06T12:45:01+08:00,311
2026-07-06T05:00:04+00:00,2026-07-06T13:00:04+08:00,2026-07-06T12:55:01+08:00,302
2026-07-06T05:10:05+00:00,2026-07-06T13:10:05+08:00,2026-07-06T13:05:01+08:00,299
2026-07-06T05:20:05+00:00,2026-07-06T13:20:05+08:00,2026-07-06T13:15:01+08:00,290
2026-07-06T05:30:06+00:00,2026-07-06T13:30:06+08:00,2026-07-06T13:25:01+08:00,287
2026-07-06T05:40:05+00:00,2026-07-06T13:40:05+08:00,2026-07-06T13:35:01+08:00,284
2026-07-06T05:50:04+00:00,2026-07-06T13:50:04+08:00,2026-07-06T13:45:01+08:00,281
2026-07-06T06:00:05+00:00,2026-07-06T14:00:05+08:00,2026-07-06T13:55:01+08:00,272
2026-07-06T06:10:06+00:00,2026-07-06T14:10:06+08:00,2026-07-06T14:05:01+08:00,272
2026-07-06T06:20:04+00:00,2026-07-06T14:20:04+08:00,2026-07-06T14:15:01+08:00,266
2026-07-06T06:30:04+00:00,2026-07-06T14:30:04+08:00,2026-07-06T14:25:01+08:00,263
2026-07-06T06:40:05+00:00,2026-07-06T14:40:05+08:00,2026-07-06T14:35:01+08:00,260
2026-07-06T06:50:05+00:00,2026-07-06T14:50:05+08:00,2026-07-06T14:45:01+08:00,257
2026-07-06T07:00:05+00:00,2026-07-06T15:00:05+08:00,2026-07-06T14:55:01+08:00,248
2026-07-06T07:10:04+00:00,2026-07-06T15:10:04+08:00,2026-07-06T15:05:01+08:00,248
2026-07-06T07:20:04+00:00,2026-07-06T15:20:04+08:00,2026-07-06T15:15:01+08:00,242
2026-07-06T07:30:05+00:00,2026-07-06T15:30:05+08:00,2026-07-06T15:25:01+08:00,239
2026-07-06T07:40:04+00:00,2026-07-06T15:40:04+08:00,2026-07-06T15:35:01+08:00,236
2026-07-06T07:50:07+00:00,2026-07-06T15:50:07+08:00,2026-07-06T15:45:01+08:00,233
2026-07-06T08:00:05+00:00,2026-07-06T16:00:05+08:00,2026-07-06T15:55:01+08:00,224
2026-07-06T08:10:11+00:00,2026-07-06T16:10:11+08:00,2026-07-06T16:05:01+08:00,224
2026-07-06T08:20:06+00:00,2026-07-06T16:20:06+08:00,2026-07-06T16:15:01+08:00,218
2026-07-06T08:30:05+00:00,2026-07-06T16:30:05+08:00,2026-07-06T16:25:01+08:00,215
2026-07-06T08:40:10+00:00,2026-07-06T16:40:10+08:00,2026-07-06T16:35:01+08:00,212
2026-07-06T08:50:11+00:00,2026-07-06T16:50:11+08:00,2026-07-06T16:45:01+08:00,209
2026-07-06T08:51:31+00:00,2026-07-06T16:51:31+08:00,2026-07-06T16:45:01+08:00,209
2026-07-06T09:00:05+00:00,2026-07-06T17:00:05+08:00,2026-07-06T16:55:01+08:00,199
2026-07-06T09:10:05+00:00,2026-07-06T17:10:05+08:00,2026-07-06T17:05:01+08:00,199
2026-07-06T09:20:04+00:00,2026-07-06T17:20:04+08:00,2026-07-06T17:15:01+08:00,190
2026-07-06T09:30:03+00:00,2026-07-06T17:30:03+08:00,2026-07-06T17:25:01+08:00,187
2026-07-06T09:40:03+00:00,2026-07-06T17:40:03+08:00,2026-07-06T17:35:01+08:00,184
2026-07-06T09:50:03+00:00,2026-07-06T17:50:03+08:00,2026-07-06T17:45:01+08:00,181
2026-07-06T10:00:04+00:00,2026-07-06T18:00:04+08:00,2026-07-06T17:55:01+08:00,172
2026-07-06T10:10:03+00:00,2026-07-06T18:10:03+08:00,2026-07-06T18:05:01+08:00,169
2026-07-06T10:20:03+00:00,2026-07-06T18:20:03+08:00,2026-07-06T18:15:01+08:00,160
2026-07-06T10:30:03+00:00,2026-07-06T18:30:03+08:00,2026-07-06T18:25:01+08:00,157
2026-07-06T10:40:24+00:00,2026-07-06T18:40:24+08:00,2026-07-06T18:35:01+08:00,150
2026-07-06T10:50:03+00:00,2026-07-06T18:50:03+08:00,2026-07-06T18:45:01+08:00,147
2026-07-06T11:00:04+00:00,2026-07-06T19:00:04+08:00,2026-07-06T18:55:01+08:00,138
2026-07-06T11:10:03+00:00,2026-07-06T19:10:03+08:00,2026-07-06T19:05:01+08:00,134
2026-07-06T11:20:03+00:00,2026-07-06T19:20:03+08:00,2026-07-06T19:15:01+08:00,125
2026-07-06T11:30:03+00:00,2026-07-06T19:30:03+08:00,2026-07-06T19:25:01+08:00,122
2026-07-06T11:40:03+00:00,2026-07-06T19:40:03+08:00,2026-07-06T19:35:01+08:00,119
2026-07-06T11:50:03+00:00,2026-07-06T19:50:03+08:00,2026-07-06T19:45:01+08:00,116
2026-07-06T12:00:03+00:00,2026-07-06T20:00:03+08:00,2026-07-06T19:55:01+08:00,106
2026-07-06T12:10:03+00:00,2026-07-06T20:10:03+08:00,2026-07-06T20:05:01+08:00,106
2026-07-06T12:20:03+00:00,2026-07-06T20:20:03+08:00,2026-07-06T20:15:01+08:00,100
2026-07-06T12:30:03+00:00,2026-07-06T20:30:03+08:00,2026-07-06T20:25:01+08:00,97
2026-07-06T12:40:03+00:00,2026-07-06T20:40:03+08:00,2026-07-06T20:35:01+08:00,91
2026-07-06T12:50:03+00:00,2026-07-06T20:50:03+08:00,2026-07-06T20:45:01+08:00,88
2026-07-06T13:00:03+00:00,2026-07-06T21:00:03+08:00,2026-07-06T20:55:01+08:00,79
2026-07-06T13:10:03+00:00,2026-07-06T21:10:03+08:00,2026-07-06T21:05:01+08:00,79
2026-07-06T13:20:03+00:00,2026-07-06T21:20:03+08:00,2026-07-06T21:15:01+08:00,73
2026-07-06T13:30:03+00:00,2026-07-06T21:30:03+08:00,2026-07-06T21:25:01+08:00,70
2026-07-06T13:40:03+00:00,2026-07-06T21:40:03+08:00,2026-07-06T21:35:01+08:00,64
2026-07-06T13:50:03+00:00,2026-07-06T21:50:03+08:00,2026-07-06T21:45:01+08:00,61
2026-07-06T14:00:03+00:00,2026-07-06T22:00:03+08:00,2026-07-06T21:55:01+08:00,52
2026-07-06T14:10:03+00:00,2026-07-06T22:10:03+08:00,2026-07-06T22:05:01+08:00,52
2026-07-06T14:20:03+00:00,2026-07-06T22:20:03+08:00,2026-07-06T22:15:01+08:00,46
2026-07-06T14:30:03+00:00,2026-07-06T22:30:03+08:00,2026-07-06T22:25:01+08:00,46
2026-07-06T14:40:23+00:00,2026-07-06T22:40:23+08:00,2026-07-06T22:35:01+08:00,43
2026-07-06T14:50:03+00:00,2026-07-06T22:50:03+08:00,2026-07-06T22:45:01+08:00,40
2026-07-06T15:00:03+00:00,2026-07-06T23:00:03+08:00,2026-07-06T22:55:01+08:00,34
2026-07-06T15:10:04+00:00,2026-07-06T23:10:04+08:00,2026-07-06T23:05:01+08:00,34
2026-07-06T15:20:03+00:00,2026-07-06T23:20:03+08:00,2026-07-06T23:15:01+08:00,31
2026-07-06T15:30:03+00:00,2026-07-06T23:30:03+08:00,2026-07-06T23:25:01+08:00,28
2026-07-06T15:40:03+00:00,2026-07-06T23:40:03+08:00,2026-07-06T23:35:01+08:00,24
2026-07-06T16:00:03+00:00,2026-07-07T00:00:03+08:00,2026-07-06T23:50:01+08:00,425
2026-07-06T16:10:03+00:00,2026-07-07T00:10:03+08:00,2026-07-06T23:50:01+08:00,425
2026-07-06T16:20:03+00:00,2026-07-07T00:20:03+08:00,2026-07-06T23:50:01+08:00,425
2026-07-06T16:30:03+00:00,2026-07-07T00:30:03+08:00,2026-07-06T23:50:01+08:00,425
2026-07-06T16:40:03+00:00,2026-07-07T00:40:03+08:00,2026-07-06T23:50:01+08:00,425
2026-07-06T17:00:04+00:00,2026-07-07T01:00:04+08:00,2026-07-06T23:50:01+08:00,425
2026-07-06T17:20:05+00:00,2026-07-07T01:20:05+08:00,2026-07-06T23:50:01+08:00,425
2026-07-06T17:40:05+00:00,2026-07-07T01:40:05+08:00,2026-07-06T23:50:01+08:00,425
2026-07-06T18:00:05+00:00,2026-07-07T02:00:05+08:00,2026-07-06T23:50:01+08:00,425
2026-07-06T18:20:05+00:00,2026-07-07T02:20:05+08:00,2026-07-06T23:50:01+08:00,425
2026-07-06T18:40:25+00:00,2026-07-07T02:40:25+08:00,2026-07-06T23:50:01+08:00,425
2026-07-06T19:00:05+00:00,2026-07-07T03:00:05+08:00,2026-07-06T23:50:01+08:00,425
2026-07-06T19:20:05+00:00,2026-07-07T03:20:05+08:00,2026-07-06T23:50:01+08:00,425
2026-07-06T19:40:06+00:00,2026-07-07T03:40:06+08:00,2026-07-06T23:50:01+08:00,425
2026-07-06T20:00:05+00:00,2026-07-07T04:00:05+08:00,2026-07-06T23:50:01+08:00,425
2026-07-06T20:20:05+00:00,2026-07-07T04:20:05+08:00,2026-07-06T23:50:01+08:00,425
2026-07-06T20:40:05+00:00,2026-07-07T04:40:05+08:00,2026-07-06T23:50:01+08:00,425
2026-07-06T20:55:05+00:00,2026-07-07T04:55:05+08:00,2026-07-06T23:50:01+08:00,425
2026-07-06T20:56:05+00:00,2026-07-07T04:56:05+08:00,2026-07-06T23:50:01+08:00,425
2026-07-06T20:57:05+00:00,2026-07-07T04:57:05+08:00,2026-07-06T23:50:01+08:00,425
2026-07-06T20:58:05+00:00,2026-07-07T04:58:05+08:00,2026-07-06T23:50:01+08:00,425
2026-07-06T20:59:05+00:00,2026-07-07T04:59:05+08:00,2026-07-06T23:50:01+08:00,425
2026-07-06T21:00:05+00:00,2026-07-07T05:00:05+08:00,2026-07-06T23:50:01+08:00,425
2026-07-06T21:01:05+00:00,2026-07-07T05:01:05+08:00,2026-07-06T23:50:01+08:00,425
2026-07-06T21:02:05+00:00,2026-07-07T05:02:05+08:00,2026-07-06T23:50:01+08:00,425
2026-07-06T21:03:05+00:00,2026-07-07T05:03:05+08:00,2026-07-06T23:50:01+08:00,425
2026-07-06T21:04:05+00:00,2026-07-07T05:04:05+08:00,2026-07-06T23:50:01+08:00,425
2026-07-06T21:05:05+00:00,2026-07-07T05:05:05+08:00,,0
2026-07-06T21:06:05+00:00,2026-07-07T05:06:05+08:00,,0
2026-07-06T21:07:28+00:00,2026-07-07T05:07:28+08:00,,0
2026-07-06T21:08:05+00:00,2026-07-07T05:08:05+08:00,,0
2026-07-06T21:09:05+00:00,2026-07-07T05:09:05+08:00,,0
2026-07-06T21:10:05+00:00,2026-07-07T05:10:05+08:00,2026-07-07T05:05:01+08:00,425
2026-07-06T21:11:05+00:00,2026-07-07T05:11:05+08:00,2026-07-07T05:05:01+08:00,425
2026-07-06T21:12:05+00:00,2026-07-07T05:12:05+08:00,2026-07-07T05:05:01+08:00,425
2026-07-06T21:13:05+00:00,2026-07-07T05:13:05+08:00,2026-07-07T05:05:01+08:00,425
2026-07-06T21:14:05+00:00,2026-07-07T05:14:05+08:00,2026-07-07T05:05:01+08:00,425
2026-07-06T21:15:26+00:00,2026-07-07T05:15:26+08:00,2026-07-07T05:10:01+08:00,425
2026-07-06T21:16:05+00:00,2026-07-07T05:16:05+08:00,2026-07-07T05:10:01+08:00,425
2026-07-06T21:17:28+00:00,2026-07-07T05:17:28+08:00,2026-07-07T05:10:01+08:00,425
2026-07-06T21:18:05+00:00,2026-07-07T05:18:05+08:00,2026-07-07T05:10:01+08:00,425
2026-07-06T21:19:05+00:00,2026-07-07T05:19:05+08:00,2026-07-07T05:10:01+08:00,425
2026-07-06T21:20:05+00:00,2026-07-07T05:20:05+08:00,2026-07-07T05:15:01+08:00,425
2026-07-06T21:21:05+00:00,2026-07-07T05:21:05+08:00,2026-07-07T05:15:01+08:00,425
2026-07-06T21:22:05+00:00,2026-07-07T05:22:05+08:00,2026-07-07T05:15:01+08:00,425
2026-07-06T21:23:05+00:00,2026-07-07T05:23:05+08:00,2026-07-07T05:15:01+08:00,425
2026-07-06T21:24:05+00:00,2026-07-07T05:24:05+08:00,2026-07-07T05:15:01+08:00,425
2026-07-06T21:25:05+00:00,2026-07-07T05:25:05+08:00,2026-07-07T05:20:01+08:00,425
2026-07-06T21:26:05+00:00,2026-07-07T05:26:05+08:00,2026-07-07T05:20:01+08:00,425
2026-07-06T21:27:05+00:00,2026-07-07T05:27:05+08:00,2026-07-07T05:20:01+08:00,425
2026-07-06T21:28:05+00:00,2026-07-07T05:28:05+08:00,2026-07-07T05:20:01+08:00,425
2026-07-06T21:29:05+00:00,2026-07-07T05:29:05+08:00,2026-07-07T05:20:01+08:00,425
2026-07-06T21:30:05+00:00,2026-07-07T05:30:05+08:00,2026-07-07T05:25:01+08:00,425
2026-07-06T21:31:05+00:00,2026-07-07T05:31:05+08:00,2026-07-07T05:25:01+08:00,425
2026-07-06T21:32:05+00:00,2026-07-07T05:32:05+08:00,2026-07-07T05:25:01+08:00,425
2026-07-06T21:33:05+00:00,2026-07-07T05:33:05+08:00,2026-07-07T05:25:01+08:00,425
2026-07-06T21:34:05+00:00,2026-07-07T05:34:05+08:00,2026-07-07T05:25:01+08:00,425
2026-07-06T21:35:05+00:00,2026-07-07T05:35:05+08:00,2026-07-07T05:30:01+08:00,425
2026-07-06T21:36:05+00:00,2026-07-07T05:36:05+08:00,2026-07-07T05:30:01+08:00,425
2026-07-06T21:37:28+00:00,2026-07-07T05:37:28+08:00,2026-07-07T05:30:01+08:00,425
2026-07-06T21:38:05+00:00,2026-07-07T05:38:05+08:00,2026-07-07T05:30:01+08:00,425
2026-07-06T21:39:05+00:00,2026-07-07T05:39:05+08:00,2026-07-07T05:30:01+08:00,425
2026-07-06T21:40:05+00:00,2026-07-07T05:40:05+08:00,2026-07-07T05:35:01+08:00,425
2026-07-06T21:50:04+00:00,2026-07-07T05:50:04+08:00,2026-07-07T05:45:01+08:00,425
2026-07-06T22:00:05+00:00,2026-07-07T06:00:05+08:00,2026-07-07T05:55:01+08:00,425
2026-07-06T22:10:05+00:00,2026-07-07T06:10:05+08:00,2026-07-07T06:05:01+08:00,425
2026-07-06T22:20:05+00:00,2026-07-07T06:20:05+08:00,2026-07-07T06:15:01+08:00,425
2026-07-06T22:30:05+00:00,2026-07-07T06:30:05+08:00,2026-07-07T06:25:01+08:00,425
2026-07-06T22:40:24+00:00,2026-07-07T06:40:24+08:00,2026-07-07T06:35:01+08:00,425
2026-07-06T22:50:05+00:00,2026-07-07T06:50:05+08:00,2026-07-07T06:45:02+08:00,425
2026-07-06T23:00:05+00:00,2026-07-07T07:00:05+08:00,2026-07-07T06:55:02+08:00,425
2026-07-06T23:10:05+00:00,2026-07-07T07:10:05+08:00,2026-07-07T07:05:01+08:00,425
2026-07-06T23:20:05+00:00,2026-07-07T07:20:05+08:00,2026-07-07T07:15:01+08:00,425
2026-07-06T23:30:05+00:00,2026-07-07T07:30:05+08:00,2026-07-07T07:25:01+08:00,424
2026-07-06T23:40:05+00:00,2026-07-07T07:40:05+08:00,2026-07-07T07:35:01+08:00,423
2026-07-06T23:50:05+00:00,2026-07-07T07:50:05+08:00,2026-07-07T07:45:01+08:00,423
2026-07-07T00:00:05+00:00,2026-07-07T08:00:05+08:00,2026-07-07T07:55:01+08:00,422
2026-07-07T00:10:05+00:00,2026-07-07T08:10:05+08:00,2026-07-07T08:05:01+08:00,419
2026-07-07T00:20:05+00:00,2026-07-07T08:20:05+08:00,2026-07-07T08:15:01+08:00,418
2026-07-07T00:30:05+00:00,2026-07-07T08:30:05+08:00,2026-07-07T08:25:01+08:00,412
2026-07-07T00:40:05+00:00,2026-07-07T08:40:05+08:00,2026-07-07T08:35:01+08:00,411
2026-07-07T00:50:05+00:00,2026-07-07T08:50:05+08:00,2026-07-07T08:45:01+08:00,405
2026-07-07T01:00:05+00:00,2026-07-07T09:00:05+08:00,2026-07-07T08:55:01+08:00,395
2026-07-07T01:10:05+00:00,2026-07-07T09:10:05+08:00,2026-07-07T09:05:01+08:00,392
2026-07-07T01:20:05+00:00,2026-07-07T09:20:05+08:00,2026-07-07T09:15:01+08:00,383
2026-07-07T01:30:05+00:00,2026-07-07T09:30:05+08:00,2026-07-07T09:25:01+08:00,383
2026-07-07T01:40:05+00:00,2026-07-07T09:40:05+08:00,2026-07-07T09:35:01+08:00,376
2026-07-07T01:50:05+00:00,2026-07-07T09:50:05+08:00,2026-07-07T09:45:01+08:00,373
2026-07-07T02:00:05+00:00,2026-07-07T10:00:05+08:00,2026-07-07T09:55:01+08:00,364
2026-07-07T02:10:05+00:00,2026-07-07T10:10:05+08:00,2026-07-07T10:05:01+08:00,361
2026-07-07T02:20:05+00:00,2026-07-07T10:20:05+08:00,2026-07-07T10:15:01+08:00,355
2026-07-07T02:30:05+00:00,2026-07-07T10:30:05+08:00,2026-07-07T10:25:01+08:00,352
2026-07-07T02:40:25+00:00,2026-07-07T10:40:25+08:00,2026-07-07T10:35:01+08:00,349
2026-07-07T02:50:05+00:00,2026-07-07T10:50:05+08:00,2026-07-07T10:45:01+08:00,346
2026-07-07T03:00:05+00:00,2026-07-07T11:00:05+08:00,2026-07-07T10:55:01+08:00,337
2026-07-07T03:10:05+00:00,2026-07-07T11:10:05+08:00,2026-07-07T11:05:01+08:00,334
2026-07-07T03:20:05+00:00,2026-07-07T11:20:05+08:00,2026-07-07T11:15:01+08:00,328
2026-07-07T03:30:05+00:00,2026-07-07T11:30:05+08:00,2026-07-07T11:25:01+08:00,325
2026-07-07T03:40:05+00:00,2026-07-07T11:40:05+08:00,2026-07-07T11:35:01+08:00,322
2026-07-07T04:00:05+00:00,2026-07-07T12:00:05+08:00,2026-07-07T11:55:01+08:00,310
2026-07-07T04:10:05+00:00,2026-07-07T12:10:05+08:00,2026-07-07T12:05:01+08:00,310
2026-07-07T04:20:05+00:00,2026-07-07T12:20:05+08:00,2026-07-07T12:15:01+08:00,304
2026-07-07T04:30:05+00:00,2026-07-07T12:30:05+08:00,2026-07-07T12:25:01+08:00,301
2026-07-07T04:40:05+00:00,2026-07-07T12:40:05+08:00,2026-07-07T12:35:01+08:00,298
2026-07-07T04:50:05+00:00,2026-07-07T12:50:05+08:00,2026-07-07T12:45:01+08:00,295
2026-07-07T05:00:05+00:00,2026-07-07T13:00:05+08:00,2026-07-07T12:55:01+08:00,286
2026-07-07T05:10:05+00:00,2026-07-07T13:10:05+08:00,2026-07-07T13:05:01+08:00,286
2026-07-07T05:20:05+00:00,2026-07-07T13:20:05+08:00,2026-07-07T13:15:01+08:00,280
2026-07-07T05:30:05+00:00,2026-07-07T13:30:05+08:00,2026-07-07T13:25:01+08:00,280
2026-07-07T05:40:05+00:00,2026-07-07T13:40:05+08:00,2026-07-07T13:35:01+08:00,277
2026-07-07T05:50:05+00:00,2026-07-07T13:50:05+08:00,2026-07-07T13:45:01+08:00,274
2026-07-07T06:00:06+00:00,2026-07-07T14:00:06+08:00,2026-07-07T13:55:01+08:00,268
2026-07-07T06:10:05+00:00,2026-07-07T14:10:05+08:00,2026-07-07T14:05:01+08:00,268
2026-07-07T06:20:06+00:00,2026-07-07T14:20:06+08:00,2026-07-07T14:15:01+08:00,262
2026-07-07T06:30:07+00:00,2026-07-07T14:30:07+08:00,2026-07-07T14:25:01+08:00,259
2026-07-07T06:40:35+00:00,2026-07-07T14:40:35+08:00,2026-07-07T14:35:01+08:00,256
2026-07-07T06:50:06+00:00,2026-07-07T14:50:06+08:00,2026-07-07T14:45:01+08:00,253
2026-07-07T07:00:07+00:00,2026-07-07T15:00:07+08:00,2026-07-07T14:55:01+08:00,244
2026-07-07T07:10:12+00:00,2026-07-07T15:10:12+08:00,2026-07-07T15:05:01+08:00,244
2026-07-07T07:20:05+00:00,2026-07-07T15:20:05+08:00,2026-07-07T15:15:01+08:00,238
2026-07-07T07:30:07+00:00,2026-07-07T15:30:07+08:00,2026-07-07T15:25:01+08:00,235
2026-07-07T07:40:07+00:00,2026-07-07T15:40:07+08:00,2026-07-07T15:35:01+08:00,232
2026-07-07T07:50:05+00:00,2026-07-07T15:50:05+08:00,2026-07-07T15:45:01+08:00,229
2026-07-07T08:00:05+00:00,2026-07-07T16:00:05+08:00,2026-07-07T15:55:01+08:00,220
2026-07-07T08:10:05+00:00,2026-07-07T16:10:05+08:00,2026-07-07T16:05:01+08:00,220
2026-07-07T08:20:05+00:00,2026-07-07T16:20:05+08:00,2026-07-07T16:15:01+08:00,214
2026-07-07T08:30:05+00:00,2026-07-07T16:30:05+08:00,2026-07-07T16:25:01+08:00,211
2026-07-07T08:40:07+00:00,2026-07-07T16:40:07+08:00,2026-07-07T16:35:01+08:00,208
2026-07-07T08:50:05+00:00,2026-07-07T16:50:05+08:00,2026-07-07T16:45:01+08:00,205
2026-07-07T09:00:06+00:00,2026-07-07T17:00:06+08:00,2026-07-07T16:55:01+08:00,196
2026-07-07T09:10:05+00:00,2026-07-07T17:10:05+08:00,2026-07-07T17:05:01+08:00,196
2026-07-07T09:20:06+00:00,2026-07-07T17:20:06+08:00,2026-07-07T17:15:01+08:00,187
2026-07-07T09:30:08+00:00,2026-07-07T17:30:08+08:00,2026-07-07T17:25:01+08:00,184
2026-07-07T09:40:05+00:00,2026-07-07T17:40:05+08:00,2026-07-07T17:35:01+08:00,181
2026-07-07T09:50:05+00:00,2026-07-07T17:50:05+08:00,2026-07-07T17:45:01+08:00,178
2026-07-07T10:00:06+00:00,2026-07-07T18:00:06+08:00,2026-07-07T17:55:01+08:00,169
2026-07-07T10:10:05+00:00,2026-07-07T18:10:05+08:00,2026-07-07T18:05:01+08:00,166
2026-07-07T10:20:05+00:00,2026-07-07T18:20:05+08:00,2026-07-07T18:15:01+08:00,157
2026-07-07T10:30:05+00:00,2026-07-07T18:30:05+08:00,2026-07-07T18:25:01+08:00,154
2026-07-07T10:40:27+00:00,2026-07-07T18:40:27+08:00,2026-07-07T18:35:01+08:00,147
2026-07-07T10:50:05+00:00,2026-07-07T18:50:05+08:00,2026-07-07T18:45:01+08:00,144
2026-07-07T11:00:05+00:00,2026-07-07T19:00:05+08:00,2026-07-07T18:55:01+08:00,135
2026-07-07T11:10:05+00:00,2026-07-07T19:10:05+08:00,2026-07-07T19:05:01+08:00,131
2026-07-07T11:20:06+00:00,2026-07-07T19:20:06+08:00,2026-07-07T19:15:01+08:00,122
2026-07-07T11:30:05+00:00,2026-07-07T19:30:05+08:00,2026-07-07T19:25:01+08:00,119
2026-07-07T11:40:05+00:00,2026-07-07T19:40:05+08:00,2026-07-07T19:35:01+08:00,116
2026-07-07T11:50:05+00:00,2026-07-07T19:50:05+08:00,2026-07-07T19:45:01+08:00,113
2026-07-07T12:00:06+00:00,2026-07-07T20:00:06+08:00,2026-07-07T19:55:01+08:00,103
2026-07-07T12:10:05+00:00,2026-07-07T20:10:05+08:00,2026-07-07T20:05:01+08:00,103
2026-07-07T12:20:06+00:00,2026-07-07T20:20:06+08:00,2026-07-07T20:15:01+08:00,97
2026-07-07T12:30:05+00:00,2026-07-07T20:30:05+08:00,2026-07-07T20:25:01+08:00,94
2026-07-07T12:40:06+00:00,2026-07-07T20:40:06+08:00,2026-07-07T20:35:01+08:00,88
2026-07-07T12:50:06+00:00,2026-07-07T20:50:06+08:00,2026-07-07T20:45:01+08:00,85
2026-07-07T13:00:07+00:00,2026-07-07T21:00:07+08:00,2026-07-07T20:55:01+08:00,76
2026-07-07T13:10:06+00:00,2026-07-07T21:10:06+08:00,2026-07-07T21:05:01+08:00,76
2026-07-07T13:20:05+00:00,2026-07-07T21:20:05+08:00,2026-07-07T21:15:01+08:00,70
2026-07-07T13:30:06+00:00,2026-07-07T21:30:06+08:00,2026-07-07T21:25:01+08:00,67
2026-07-07T13:40:05+00:00,2026-07-07T21:40:05+08:00,2026-07-07T21:35:01+08:00,61
2026-07-07T13:50:05+00:00,2026-07-07T21:50:05+08:00,2026-07-07T21:45:01+08:00,58
2026-07-07T14:00:06+00:00,2026-07-07T22:00:06+08:00,2026-07-07T21:55:01+08:00,52
2026-07-07T14:10:07+00:00,2026-07-07T22:10:07+08:00,2026-07-07T22:05:01+08:00,52
2026-07-07T14:20:05+00:00,2026-07-07T22:20:05+08:00,2026-07-07T22:15:01+08:00,46
2026-07-07T14:30:06+00:00,2026-07-07T22:30:06+08:00,2026-07-07T22:25:01+08:00,46
2026-07-07T14:40:28+00:00,2026-07-07T22:40:28+08:00,2026-07-07T22:35:01+08:00,43
2026-07-07T14:50:07+00:00,2026-07-07T22:50:07+08:00,2026-07-07T22:45:01+08:00,40
2026-07-07T15:00:06+00:00,2026-07-07T23:00:06+08:00,2026-07-07T22:55:01+08:00,34
2026-07-07T15:10:05+00:00,2026-07-07T23:10:05+08:00,2026-07-07T23:05:01+08:00,34
2026-07-07T15:20:05+00:00,2026-07-07T23:20:05+08:00,2026-07-07T23:15:01+08:00,31
2026-07-07T15:30:05+00:00,2026-07-07T23:30:05+08:00,2026-07-07T23:25:01+08:00,28
2026-07-07T15:40:05+00:00,2026-07-07T23:40:05+08:00,2026-07-07T23:35:01+08:00,24
2026-07-07T16:00:07+00:00,2026-07-08T00:00:07+08:00,2026-07-07T23:50:01+08:00,425
2026-07-07T16:10:05+00:00,2026-07-08T00:10:05+08:00,2026-07-07T23:50:01+08:00,425
2026-07-07T16:20:05+00:00,2026-07-08T00:20:05+08:00,2026-07-07T23:50:01+08:00,425
2026-07-07T16:30:07+00:00,2026-07-08T00:30:07+08:00,2026-07-07T23:50:01+08:00,425
2026-07-07T16:40:05+00:00,2026-07-08T00:40:05+08:00,2026-07-07T23:50:01+08:00,425
2026-07-07T17:00:05+00:00,2026-07-08T01:00:05+08:00,2026-07-07T23:50:01+08:00,425
2026-07-07T17:20:05+00:00,2026-07-08T01:20:05+08:00,2026-07-07T23:50:01+08:00,425
2026-07-07T17:40:05+00:00,2026-07-08T01:40:05+08:00,2026-07-07T23:50:01+08:00,425
2026-07-07T18:00:06+00:00,2026-07-08T02:00:06+08:00,2026-07-07T23:50:01+08:00,425
2026-07-07T18:20:05+00:00,2026-07-08T02:20:05+08:00,2026-07-07T23:50:01+08:00,425
2026-07-07T18:40:28+00:00,2026-07-08T02:40:28+08:00,2026-07-07T23:50:01+08:00,425
2026-07-07T19:00:05+00:00,2026-07-08T03:00:05+08:00,2026-07-07T23:50:01+08:00,425
2026-07-07T19:20:05+00:00,2026-07-08T03:20:05+08:00,2026-07-07T23:50:01+08:00,425
2026-07-07T19:40:05+00:00,2026-07-08T03:40:05+08:00,2026-07-07T23:50:01+08:00,425
2026-07-07T20:00:05+00:00,2026-07-08T04:00:05+08:00,2026-07-07T23:50:01+08:00,425
2026-07-07T20:20:05+00:00,2026-07-08T04:20:05+08:00,2026-07-07T23:50:01+08:00,425
2026-07-07T20:40:05+00:00,2026-07-08T04:40:05+08:00,2026-07-07T23:50:01+08:00,425
2026-07-07T20:55:05+00:00,2026-07-08T04:55:05+08:00,2026-07-07T23:50:01+08:00,425
2026-07-07T20:56:05+00:00,2026-07-08T04:56:05+08:00,2026-07-07T23:50:01+08:00,425
2026-07-07T20:57:05+00:00,2026-07-08T04:57:05+08:00,2026-07-07T23:50:01+08:00,425
2026-07-07T20:58:05+00:00,2026-07-08T04:58:05+08:00,2026-07-07T23:50:01+08:00,425
2026-07-07T20:59:05+00:00,2026-07-08T04:59:05+08:00,2026-07-07T23:50:01+08:00,425
2026-07-07T21:00:05+00:00,2026-07-08T05:00:05+08:00,2026-07-07T23:50:01+08:00,425
2026-07-07T21:01:05+00:00,2026-07-08T05:01:05+08:00,2026-07-07T23:50:01+08:00,425
2026-07-07T21:02:05+00:00,2026-07-08T05:02:05+08:00,2026-07-07T23:50:01+08:00,425
2026-07-07T21:03:05+00:00,2026-07-08T05:03:05+08:00,2026-07-07T23:50:01+08:00,425
2026-07-07T21:04:05+00:00,2026-07-08T05:04:05+08:00,2026-07-07T23:50:01+08:00,425
2026-07-07T21:05:05+00:00,2026-07-08T05:05:05+08:00,,0
2026-07-07T21:06:05+00:00,2026-07-08T05:06:05+08:00,,0
2026-07-07T21:07:27+00:00,2026-07-08T05:07:27+08:00,,0
2026-07-07T21:08:05+00:00,2026-07-08T05:08:05+08:00,,0
2026-07-07T21:09:05+00:00,2026-07-08T05:09:05+08:00,,0
2026-07-07T21:10:05+00:00,2026-07-08T05:10:05+08:00,2026-07-08T05:05:01+08:00,425
2026-07-07T21:11:05+00:00,2026-07-08T05:11:05+08:00,2026-07-08T05:05:01+08:00,425
2026-07-07T21:12:05+00:00,2026-07-08T05:12:05+08:00,2026-07-08T05:05:01+08:00,425
2026-07-07T21:13:05+00:00,2026-07-08T05:13:05+08:00,2026-07-08T05:05:01+08:00,425
2026-07-07T21:14:05+00:00,2026-07-08T05:14:05+08:00,2026-07-08T05:05:01+08:00,425
2026-07-07T21:15:05+00:00,2026-07-08T05:15:05+08:00,2026-07-08T05:10:01+08:00,425
2026-07-07T21:16:05+00:00,2026-07-08T05:16:05+08:00,2026-07-08T05:10:01+08:00,425
2026-07-07T21:17:27+00:00,2026-07-08T05:17:27+08:00,2026-07-08T05:10:01+08:00,425
2026-07-07T21:18:05+00:00,2026-07-08T05:18:05+08:00,2026-07-08T05:10:01+08:00,425
2026-07-07T21:19:05+00:00,2026-07-08T05:19:05+08:00,2026-07-08T05:10:01+08:00,425
2026-07-07T21:20:05+00:00,2026-07-08T05:20:05+08:00,2026-07-08T05:15:01+08:00,425
2026-07-07T21:21:05+00:00,2026-07-08T05:21:05+08:00,2026-07-08T05:15:01+08:00,425
2026-07-07T21:22:05+00:00,2026-07-08T05:22:05+08:00,2026-07-08T05:15:01+08:00,425
2026-07-07T21:23:05+00:00,2026-07-08T05:23:05+08:00,2026-07-08T05:15:01+08:00,425
2026-07-07T21:24:05+00:00,2026-07-08T05:24:05+08:00,2026-07-08T05:15:01+08:00,425
2026-07-07T21:25:05+00:00,2026-07-08T05:25:05+08:00,2026-07-08T05:20:01+08:00,425
2026-07-07T21:26:05+00:00,2026-07-08T05:26:05+08:00,2026-07-08T05:20:01+08:00,425
2026-07-07T21:27:31+00:00,2026-07-08T05:27:31+08:00,2026-07-08T05:20:01+08:00,425
2026-07-07T21:28:05+00:00,2026-07-08T05:28:05+08:00,2026-07-08T05:20:01+08:00,425
2026-07-07T21:29:05+00:00,2026-07-08T05:29:05+08:00,2026-07-08T05:20:01+08:00,425
2026-07-07T21:30:05+00:00,2026-07-08T05:30:05+08:00,2026-07-08T05:25:01+08:00,425
2026-07-07T21:31:05+00:00,2026-07-08T05:31:05+08:00,2026-07-08T05:25:01+08:00,425
2026-07-07T21:32:05+00:00,2026-07-08T05:32:05+08:00,2026-07-08T05:25:01+08:00,425
2026-07-07T21:33:05+00:00,2026-07-08T05:33:05+08:00,2026-07-08T05:25:01+08:00,425
2026-07-07T21:34:05+00:00,2026-07-08T05:34:05+08:00,2026-07-08T05:25:01+08:00,425
2026-07-07T21:35:05+00:00,2026-07-08T05:35:05+08:00,2026-07-08T05:30:01+08:00,425
2026-07-07T21:36:05+00:00,2026-07-08T05:36:05+08:00,2026-07-08T05:30:01+08:00,425
2026-07-07T21:37:29+00:00,2026-07-08T05:37:29+08:00,2026-07-08T05:30:01+08:00,425
2026-07-07T21:38:05+00:00,2026-07-08T05:38:05+08:00,2026-07-08T05:30:01+08:00,425
2026-07-07T21:39:05+00:00,2026-07-08T05:39:05+08:00,2026-07-08T05:30:01+08:00,425
2026-07-07T21:40:05+00:00,2026-07-08T05:40:05+08:00,2026-07-08T05:35:01+08:00,425
2026-07-07T21:50:05+00:00,2026-07-08T05:50:05+08:00,2026-07-08T05:45:01+08:00,425
2026-07-07T22:00:05+00:00,2026-07-08T06:00:05+08:00,2026-07-08T05:55:01+08:00,425
2026-07-07T22:10:05+00:00,2026-07-08T06:10:05+08:00,2026-07-08T06:05:01+08:00,425
2026-07-07T22:20:05+00:00,2026-07-08T06:20:05+08:00,2026-07-08T06:15:01+08:00,425
2026-07-07T22:30:05+00:00,2026-07-08T06:30:05+08:00,2026-07-08T06:25:01+08:00,425
2026-07-07T22:40:26+00:00,2026-07-08T06:40:26+08:00,2026-07-08T06:35:01+08:00,425
2026-07-07T22:50:05+00:00,2026-07-08T06:50:05+08:00,2026-07-08T06:45:01+08:00,425
2026-07-07T23:00:05+00:00,2026-07-08T07:00:05+08:00,2026-07-08T06:55:01+08:00,425
2026-07-07T23:10:05+00:00,2026-07-08T07:10:05+08:00,2026-07-08T07:05:01+08:00,425
2026-07-07T23:20:05+00:00,2026-07-08T07:20:05+08:00,2026-07-08T07:15:01+08:00,425
2026-07-07T23:30:05+00:00,2026-07-08T07:30:05+08:00,2026-07-08T07:25:01+08:00,424
2026-07-07T23:40:05+00:00,2026-07-08T07:40:05+08:00,2026-07-08T07:35:01+08:00,423
2026-07-07T23:50:06+00:00,2026-07-08T07:50:06+08:00,2026-07-08T07:45:01+08:00,423
2026-07-08T00:00:05+00:00,2026-07-08T08:00:05+08:00,2026-07-08T07:55:01+08:00,422
2026-07-08T00:10:05+00:00,2026-07-08T08:10:05+08:00,2026-07-08T08:05:01+08:00,419
2026-07-08T00:20:05+00:00,2026-07-08T08:20:05+08:00,2026-07-08T08:15:01+08:00,418
2026-07-08T00:30:06+00:00,2026-07-08T08:30:06+08:00,2026-07-08T08:25:01+08:00,412
2026-07-08T00:40:05+00:00,2026-07-08T08:40:05+08:00,2026-07-08T08:35:01+08:00,411
2026-07-08T00:50:05+00:00,2026-07-08T08:50:05+08:00,2026-07-08T08:45:01+08:00,405
2026-07-08T01:00:05+00:00,2026-07-08T09:00:05+08:00,2026-07-08T08:55:01+08:00,395
2026-07-08T01:10:05+00:00,2026-07-08T09:10:05+08:00,2026-07-08T09:05:01+08:00,392
2026-07-08T01:20:05+00:00,2026-07-08T09:20:05+08:00,2026-07-08T09:15:01+08:00,383
2026-07-08T01:30:05+00:00,2026-07-08T09:30:05+08:00,2026-07-08T09:25:01+08:00,383
2026-07-08T01:40:05+00:00,2026-07-08T09:40:05+08:00,2026-07-08T09:35:01+08:00,376
2026-07-08T01:50:05+00:00,2026-07-08T09:50:05+08:00,2026-07-08T09:45:01+08:00,373
2026-07-08T02:00:06+00:00,2026-07-08T10:00:06+08:00,2026-07-08T09:55:01+08:00,364
2026-07-08T02:10:06+00:00,2026-07-08T10:10:06+08:00,2026-07-08T10:05:01+08:00,361
2026-07-08T02:20:06+00:00,2026-07-08T10:20:06+08:00,2026-07-08T10:15:01+08:00,355
2026-07-08T02:30:06+00:00,2026-07-08T10:30:06+08:00,2026-07-08T10:25:01+08:00,352
2026-07-08T02:40:27+00:00,2026-07-08T10:40:27+08:00,2026-07-08T10:35:01+08:00,349
2026-07-08T02:50:05+00:00,2026-07-08T10:50:05+08:00,2026-07-08T10:45:01+08:00,346
2026-07-08T03:00:07+00:00,2026-07-08T11:00:07+08:00,2026-07-08T10:55:01+08:00,337
2026-07-08T03:10:05+00:00,2026-07-08T11:10:05+08:00,2026-07-08T11:05:01+08:00,334
2026-07-08T03:20:05+00:00,2026-07-08T11:20:05+08:00,2026-07-08T11:15:01+08:00,328
2026-07-08T03:30:05+00:00,2026-07-08T11:30:05+08:00,2026-07-08T11:25:01+08:00,325
2026-07-08T03:40:05+00:00,2026-07-08T11:40:05+08:00,2026-07-08T11:35:01+08:00,322
2026-07-08T04:00:07+00:00,2026-07-08T12:00:07+08:00,2026-07-08T11:55:01+08:00,310
2026-07-08T04:10:05+00:00,2026-07-08T12:10:05+08:00,2026-07-08T12:05:01+08:00,310
2026-07-08T04:20:05+00:00,2026-07-08T12:20:05+08:00,2026-07-08T12:15:01+08:00,304
2026-07-08T04:30:05+00:00,2026-07-08T12:30:05+08:00,2026-07-08T12:25:01+08:00,301
2026-07-08T04:40:05+00:00,2026-07-08T12:40:05+08:00,2026-07-08T12:35:01+08:00,298
2026-07-08T04:50:05+00:00,2026-07-08T12:50:05+08:00,2026-07-08T12:45:01+08:00,295
2026-07-08T05:00:06+00:00,2026-07-08T13:00:06+08:00,2026-07-08T12:55:01+08:00,286
2026-07-08T05:10:05+00:00,2026-07-08T13:10:05+08:00,2026-07-08T13:05:01+08:00,286
2026-07-08T05:20:05+00:00,2026-07-08T13:20:05+08:00,2026-07-08T13:15:01+08:00,280
2026-07-08T05:30:05+00:00,2026-07-08T13:30:05+08:00,2026-07-08T13:25:01+08:00,280
2026-07-08T05:40:06+00:00,2026-07-08T13:40:06+08:00,2026-07-08T13:35:01+08:00,277
2026-07-08T05:50:06+00:00,2026-07-08T13:50:06+08:00,2026-07-08T13:45:01+08:00,274
2026-07-08T06:00:06+00:00,2026-07-08T14:00:06+08:00,2026-07-08T13:55:01+08:00,268
2026-07-08T06:10:07+00:00,2026-07-08T14:10:07+08:00,2026-07-08T14:05:01+08:00,268
2026-07-08T06:20:06+00:00,2026-07-08T14:20:06+08:00,2026-07-08T14:15:01+08:00,262
2026-07-08T06:30:05+00:00,2026-07-08T14:30:05+08:00,2026-07-08T14:25:01+08:00,259
2026-07-08T06:40:26+00:00,2026-07-08T14:40:26+08:00,2026-07-08T14:35:01+08:00,256
2026-07-08T06:50:06+00:00,2026-07-08T14:50:06+08:00,2026-07-08T14:45:01+08:00,253
2026-07-08T07:00:05+00:00,2026-07-08T15:00:05+08:00,2026-07-08T14:55:01+08:00,244
2026-07-08T07:10:05+00:00,2026-07-08T15:10:05+08:00,2026-07-08T15:05:01+08:00,244
2026-07-08T07:20:05+00:00,2026-07-08T15:20:05+08:00,2026-07-08T15:15:01+08:00,238
2026-07-08T07:30:06+00:00,2026-07-08T15:30:06+08:00,2026-07-08T15:25:01+08:00,235
2026-07-08T07:40:06+00:00,2026-07-08T15:40:06+08:00,2026-07-08T15:35:01+08:00,232
2026-07-08T07:50:05+00:00,2026-07-08T15:50:05+08:00,2026-07-08T15:45:01+08:00,229
2026-07-08T08:00:07+00:00,2026-07-08T16:00:07+08:00,2026-07-08T15:55:01+08:00,220
2026-07-08T08:10:05+00:00,2026-07-08T16:10:05+08:00,2026-07-08T16:05:01+08:00,220
2026-07-08T08:20:07+00:00,2026-07-08T16:20:07+08:00,2026-07-08T16:15:01+08:00,214
2026-07-08T08:30:05+00:00,2026-07-08T16:30:05+08:00,2026-07-08T16:25:01+08:00,211
2026-07-08T08:40:05+00:00,2026-07-08T16:40:05+08:00,2026-07-08T16:35:01+08:00,208
2026-07-08T08:50:05+00:00,2026-07-08T16:50:05+08:00,2026-07-08T16:45:01+08:00,205
2026-07-08T09:00:05+00:00,2026-07-08T17:00:05+08:00,2026-07-08T16:55:01+08:00,196
2026-07-08T09:10:05+00:00,2026-07-08T17:10:05+08:00,2026-07-08T17:05:01+08:00,196
2026-07-08T09:20:05+00:00,2026-07-08T17:20:05+08:00,2026-07-08T17:15:01+08:00,187
2026-07-08T09:30:10+00:00,2026-07-08T17:30:10+08:00,2026-07-08T17:25:01+08:00,184
2026-07-08T09:40:09+00:00,2026-07-08T17:40:09+08:00,2026-07-08T17:35:01+08:00,181
2026-07-08T09:50:07+00:00,2026-07-08T17:50:07+08:00,2026-07-08T17:45:01+08:00,178
2026-07-08T10:00:07+00:00,2026-07-08T18:00:07+08:00,2026-07-08T17:55:01+08:00,169
2026-07-08T10:10:07+00:00,2026-07-08T18:10:07+08:00,2026-07-08T18:05:01+08:00,166
2026-07-08T10:20:06+00:00,2026-07-08T18:20:06+08:00,2026-07-08T18:15:01+08:00,157
2026-07-08T10:30:06+00:00,2026-07-08T18:30:06+08:00,2026-07-08T18:25:01+08:00,154
2026-07-08T10:40:26+00:00,2026-07-08T18:40:26+08:00,2026-07-08T18:35:01+08:00,147
2026-07-08T10:50:06+00:00,2026-07-08T18:50:06+08:00,2026-07-08T18:45:01+08:00,144
2026-07-08T11:00:05+00:00,2026-07-08T19:00:05+08:00,2026-07-08T18:55:01+08:00,135
2026-07-08T11:10:05+00:00,2026-07-08T19:10:05+08:00,2026-07-08T19:05:01+08:00,131
2026-07-08T11:20:05+00:00,2026-07-08T19:20:05+08:00,2026-07-08T19:15:01+08:00,122
2026-07-08T11:30:05+00:00,2026-07-08T19:30:05+08:00,2026-07-08T19:25:01+08:00,119
2026-07-08T11:40:05+00:00,2026-07-08T19:40:05+08:00,2026-07-08T19:35:01+08:00,116
2026-07-08T11:50:05+00:00,2026-07-08T19:50:05+08:00,2026-07-08T19:45:01+08:00,113
2026-07-08T12:00:06+00:00,2026-07-08T20:00:06+08:00,2026-07-08T19:55:01+08:00,103
2026-07-08T12:10:05+00:00,2026-07-08T20:10:05+08:00,2026-07-08T20:05:01+08:00,103
2026-07-08T12:20:05+00:00,2026-07-08T20:20:05+08:00,2026-07-08T20:15:01+08:00,97
2026-07-08T12:30:05+00:00,2026-07-08T20:30:05+08:00,2026-07-08T20:25:01+08:00,94
2026-07-08T12:40:05+00:00,2026-07-08T20:40:05+08:00,2026-07-08T20:35:01+08:00,88
2026-07-08T12:50:05+00:00,2026-07-08T20:50:05+08:00,2026-07-08T20:45:01+08:00,85
2026-07-08T13:00:06+00:00,2026-07-08T21:00:06+08:00,2026-07-08T20:55:01+08:00,76
2026-07-08T13:10:05+00:00,2026-07-08T21:10:05+08:00,2026-07-08T21:05:01+08:00,76
2026-07-08T13:20:05+00:00,2026-07-08T21:20:05+08:00,2026-07-08T21:15:01+08:00,70
2026-07-08T13:30:05+00:00,2026-07-08T21:30:05+08:00,2026-07-08T21:25:07+08:00,67
2026-07-08T13:40:05+00:00,2026-07-08T21:40:05+08:00,2026-07-08T21:35:01+08:00,61
2026-07-08T13:50:05+00:00,2026-07-08T21:50:05+08:00,2026-07-08T21:45:01+08:00,58
2026-07-08T14:00:05+00:00,2026-07-08T22:00:05+08:00,2026-07-08T21:55:01+08:00,52
2026-07-08T14:10:05+00:00,2026-07-08T22:10:05+08:00,2026-07-08T22:05:01+08:00,52
2026-07-08T14:20:05+00:00,2026-07-08T22:20:05+08:00,2026-07-08T22:15:01+08:00,46
2026-07-08T14:30:05+00:00,2026-07-08T22:30:05+08:00,2026-07-08T22:25:01+08:00,46
2026-07-08T14:40:25+00:00,2026-07-08T22:40:25+08:00,2026-07-08T22:35:01+08:00,43
2026-07-08T14:50:05+00:00,2026-07-08T22:50:05+08:00,2026-07-08T22:45:01+08:00,40
2026-07-08T15:00:06+00:00,2026-07-08T23:00:06+08:00,2026-07-08T22:55:01+08:00,34
2026-07-08T15:10:05+00:00,2026-07-08T23:10:05+08:00,2026-07-08T23:05:01+08:00,34
2026-07-08T15:20:05+00:00,2026-07-08T23:20:05+08:00,2026-07-08T23:15:01+08:00,31
2026-07-08T15:30:05+00:00,2026-07-08T23:30:05+08:00,2026-07-08T23:25:01+08:00,28
2026-07-08T15:40:05+00:00,2026-07-08T23:40:05+08:00,2026-07-08T23:35:01+08:00,24
2026-07-08T16:00:05+00:00,2026-07-09T00:00:05+08:00,2026-07-08T23:50:01+08:00,448
2026-07-08T16:10:05+00:00,2026-07-09T00:10:05+08:00,2026-07-08T23:50:01+08:00,448
2026-07-08T16:20:05+00:00,2026-07-09T00:20:05+08:00,2026-07-08T23:50:01+08:00,448
2026-07-08T16:30:05+00:00,2026-07-09T00:30:05+08:00,2026-07-08T23:50:01+08:00,448
2026-07-08T16:40:05+00:00,2026-07-09T00:40:05+08:00,2026-07-08T23:50:01+08:00,448
2026-07-08T17:00:05+00:00,2026-07-09T01:00:05+08:00,2026-07-08T23:50:01+08:00,448
2026-07-08T17:20:05+00:00,2026-07-09T01:20:05+08:00,2026-07-08T23:50:01+08:00,448
2026-07-08T17:40:05+00:00,2026-07-09T01:40:05+08:00,2026-07-08T23:50:01+08:00,448
2026-07-08T18:00:05+00:00,2026-07-09T02:00:05+08:00,2026-07-08T23:50:01+08:00,448
2026-07-08T18:20:05+00:00,2026-07-09T02:20:05+08:00,2026-07-08T23:50:01+08:00,448
2026-07-08T18:40:25+00:00,2026-07-09T02:40:25+08:00,2026-07-08T23:50:01+08:00,448
2026-07-08T19:00:05+00:00,2026-07-09T03:00:05+08:00,2026-07-08T23:50:01+08:00,448
2026-07-08T19:20:05+00:00,2026-07-09T03:20:05+08:00,2026-07-08T23:50:01+08:00,448
2026-07-08T19:40:08+00:00,2026-07-09T03:40:08+08:00,2026-07-08T23:50:01+08:00,448
2026-07-08T20:00:06+00:00,2026-07-09T04:00:06+08:00,2026-07-08T23:50:01+08:00,448
2026-07-08T20:20:06+00:00,2026-07-09T04:20:06+08:00,2026-07-08T23:50:01+08:00,448
2026-07-08T20:40:07+00:00,2026-07-09T04:40:07+08:00,2026-07-08T23:50:01+08:00,448
2026-07-08T20:55:04+00:00,2026-07-09T04:55:04+08:00,2026-07-08T23:50:01+08:00,448
2026-07-08T20:56:05+00:00,2026-07-09T04:56:05+08:00,2026-07-08T23:50:01+08:00,448
2026-07-08T20:57:05+00:00,2026-07-09T04:57:05+08:00,2026-07-08T23:50:01+08:00,448
2026-07-08T20:58:05+00:00,2026-07-09T04:58:05+08:00,2026-07-08T23:50:01+08:00,448
2026-07-08T20:59:05+00:00,2026-07-09T04:59:05+08:00,2026-07-08T23:50:01+08:00,448
2026-07-08T21:00:05+00:00,2026-07-09T05:00:05+08:00,2026-07-08T23:50:01+08:00,448
2026-07-08T21:01:05+00:00,2026-07-09T05:01:05+08:00,2026-07-08T23:50:01+08:00,448
2026-07-08T21:02:05+00:00,2026-07-09T05:02:05+08:00,2026-07-08T23:50:01+08:00,448
2026-07-08T21:03:05+00:00,2026-07-09T05:03:05+08:00,2026-07-08T23:50:01+08:00,448
2026-07-08T21:04:05+00:00,2026-07-09T05:04:05+08:00,2026-07-08T23:50:01+08:00,448
2026-07-08T21:05:05+00:00,2026-07-09T05:05:05+08:00,,0
2026-07-08T21:06:05+00:00,2026-07-09T05:06:05+08:00,,0
2026-07-08T21:07:28+00:00,2026-07-09T05:07:28+08:00,,0
2026-07-08T21:08:05+00:00,2026-07-09T05:08:05+08:00,,0
2026-07-08T21:09:05+00:00,2026-07-09T05:09:05+08:00,,0
2026-07-08T21:10:05+00:00,2026-07-09T05:10:05+08:00,2026-07-09T05:05:01+08:00,448
2026-07-08T21:11:05+00:00,2026-07-09T05:11:05+08:00,2026-07-09T05:05:01+08:00,448
2026-07-08T21:12:05+00:00,2026-07-09T05:12:05+08:00,2026-07-09T05:05:01+08:00,448
2026-07-08T21:13:05+00:00,2026-07-09T05:13:05+08:00,2026-07-09T05:05:01+08:00,448
2026-07-08T21:14:05+00:00,2026-07-09T05:14:05+08:00,2026-07-09T05:05:01+08:00,448
2026-07-08T21:15:05+00:00,2026-07-09T05:15:05+08:00,2026-07-09T05:10:01+08:00,448
2026-07-08T21:16:05+00:00,2026-07-09T05:16:05+08:00,2026-07-09T05:10:01+08:00,448
2026-07-08T21:17:04+00:00,2026-07-09T05:17:04+08:00,2026-07-09T05:10:01+08:00,448
2026-07-08T21:18:05+00:00,2026-07-09T05:18:05+08:00,2026-07-09T05:10:01+08:00,448
2026-07-08T21:19:06+00:00,2026-07-09T05:19:06+08:00,2026-07-09T05:10:01+08:00,448
2026-07-08T21:20:05+00:00,2026-07-09T05:20:05+08:00,2026-07-09T05:15:01+08:00,448
2026-07-08T21:21:05+00:00,2026-07-09T05:21:05+08:00,2026-07-09T05:15:01+08:00,448
2026-07-08T21:22:05+00:00,2026-07-09T05:22:05+08:00,2026-07-09T05:15:01+08:00,448
2026-07-08T21:23:05+00:00,2026-07-09T05:23:05+08:00,2026-07-09T05:15:01+08:00,448
2026-07-08T21:24:05+00:00,2026-07-09T05:24:05+08:00,2026-07-09T05:15:01+08:00,448
2026-07-08T21:25:05+00:00,2026-07-09T05:25:05+08:00,2026-07-09T05:20:01+08:00,448
2026-07-08T21:26:05+00:00,2026-07-09T05:26:05+08:00,2026-07-09T05:20:01+08:00,448
2026-07-08T21:27:27+00:00,2026-07-09T05:27:27+08:00,2026-07-09T05:20:01+08:00,448
2026-07-08T21:28:05+00:00,2026-07-09T05:28:05+08:00,2026-07-09T05:20:01+08:00,448
2026-07-08T21:29:05+00:00,2026-07-09T05:29:05+08:00,2026-07-09T05:20:01+08:00,448
2026-07-08T21:30:05+00:00,2026-07-09T05:30:05+08:00,2026-07-09T05:25:01+08:00,448
2026-07-08T21:31:05+00:00,2026-07-09T05:31:05+08:00,2026-07-09T05:25:01+08:00,448
2026-07-08T21:32:05+00:00,2026-07-09T05:32:05+08:00,2026-07-09T05:25:01+08:00,448
2026-07-08T21:33:05+00:00,2026-07-09T05:33:05+08:00,2026-07-09T05:25:01+08:00,448
2026-07-08T21:34:05+00:00,2026-07-09T05:34:05+08:00,2026-07-09T05:25:01+08:00,448
2026-07-08T21:35:05+00:00,2026-07-09T05:35:05+08:00,2026-07-09T05:30:01+08:00,448
2026-07-08T21:36:05+00:00,2026-07-09T05:36:05+08:00,2026-07-09T05:30:01+08:00,448
2026-07-08T21:37:04+00:00,2026-07-09T05:37:04+08:00,2026-07-09T05:30:01+08:00,448
2026-07-08T21:38:05+00:00,2026-07-09T05:38:05+08:00,2026-07-09T05:30:01+08:00,448
2026-07-08T21:39:05+00:00,2026-07-09T05:39:05+08:00,2026-07-09T05:30:01+08:00,448
2026-07-08T21:40:05+00:00,2026-07-09T05:40:05+08:00,2026-07-09T05:35:01+08:00,448
2026-07-08T21:50:04+00:00,2026-07-09T05:50:04+08:00,2026-07-09T05:45:01+08:00,448
2026-07-08T22:00:06+00:00,2026-07-09T06:00:06+08:00,2026-07-09T05:55:01+08:00,448
2026-07-08T22:10:06+00:00,2026-07-09T06:10:06+08:00,2026-07-09T06:05:01+08:00,448
2026-07-08T22:20:05+00:00,2026-07-09T06:20:05+08:00,2026-07-09T06:15:02+08:00,448
2026-07-08T22:30:05+00:00,2026-07-09T06:30:05+08:00,2026-07-09T06:25:01+08:00,448
2026-07-08T22:40:27+00:00,2026-07-09T06:40:27+08:00,2026-07-09T06:35:01+08:00,448
2026-07-08T22:50:05+00:00,2026-07-09T06:50:05+08:00,2026-07-09T06:45:02+08:00,448
2026-07-08T23:00:06+00:00,2026-07-09T07:00:06+08:00,2026-07-09T06:55:01+08:00,448
2026-07-08T23:10:05+00:00,2026-07-09T07:10:05+08:00,2026-07-09T07:05:01+08:00,448
2026-07-08T23:20:05+00:00,2026-07-09T07:20:05+08:00,2026-07-09T07:15:02+08:00,448
2026-07-08T23:30:05+00:00,2026-07-09T07:30:05+08:00,2026-07-09T07:25:01+08:00,447
2026-07-08T23:40:06+00:00,2026-07-09T07:40:06+08:00,2026-07-09T07:35:01+08:00,446
2026-07-08T23:50:05+00:00,2026-07-09T07:50:05+08:00,2026-07-09T07:45:01+08:00,446
2026-07-09T00:00:07+00:00,2026-07-09T08:00:07+08:00,2026-07-09T07:55:01+08:00,445
2026-07-09T00:10:05+00:00,2026-07-09T08:10:05+08:00,2026-07-09T08:05:01+08:00,442
2026-07-09T00:20:06+00:00,2026-07-09T08:20:06+08:00,2026-07-09T08:15:01+08:00,441
2026-07-09T00:30:06+00:00,2026-07-09T08:30:06+08:00,2026-07-09T08:25:01+08:00,435
2026-07-09T00:40:06+00:00,2026-07-09T08:40:06+08:00,2026-07-09T08:35:01+08:00,434
2026-07-09T00:50:05+00:00,2026-07-09T08:50:05+08:00,2026-07-09T08:45:01+08:00,428
2026-07-09T01:00:05+00:00,2026-07-09T09:00:05+08:00,2026-07-09T08:55:01+08:00,418
2026-07-09T01:10:05+00:00,2026-07-09T09:10:05+08:00,2026-07-09T09:05:01+08:00,415
2026-07-09T01:20:07+00:00,2026-07-09T09:20:07+08:00,2026-07-09T09:15:01+08:00,406
2026-07-09T01:30:06+00:00,2026-07-09T09:30:06+08:00,2026-07-09T09:25:01+08:00,406
2026-07-09T01:40:06+00:00,2026-07-09T09:40:06+08:00,2026-07-09T09:35:01+08:00,399
2026-07-09T01:50:06+00:00,2026-07-09T09:50:06+08:00,2026-07-09T09:45:01+08:00,396
2026-07-09T02:00:07+00:00,2026-07-09T10:00:07+08:00,2026-07-09T09:55:01+08:00,386
2026-07-09T02:10:05+00:00,2026-07-09T10:10:05+08:00,2026-07-09T10:05:01+08:00,383
2026-07-09T02:20:08+00:00,2026-07-09T10:20:08+08:00,2026-07-09T10:15:01+08:00,374
2026-07-09T02:30:05+00:00,2026-07-09T10:30:05+08:00,2026-07-09T10:25:01+08:00,371
2026-07-09T02:40:26+00:00,2026-07-09T10:40:26+08:00,2026-07-09T10:35:01+08:00,368
2026-07-09T02:50:06+00:00,2026-07-09T10:50:06+08:00,2026-07-09T10:45:01+08:00,365
2026-07-09T03:00:06+00:00,2026-07-09T11:00:06+08:00,2026-07-09T10:55:01+08:00,356
2026-07-09T03:10:05+00:00,2026-07-09T11:10:05+08:00,2026-07-09T11:05:01+08:00,353
2026-07-09T03:20:28+00:00,2026-07-09T11:20:28+08:00,2026-07-09T11:15:01+08:00,347
2026-07-09T03:30:05+00:00,2026-07-09T11:30:05+08:00,2026-07-09T11:25:01+08:00,344
2026-07-09T03:40:05+00:00,2026-07-09T11:40:05+08:00,2026-07-09T11:35:01+08:00,341
2026-07-09T04:00:07+00:00,2026-07-09T12:00:07+08:00,2026-07-09T11:55:01+08:00,329
2026-07-09T04:10:05+00:00,2026-07-09T12:10:05+08:00,2026-07-09T12:05:01+08:00,326
2026-07-09T04:20:05+00:00,2026-07-09T12:20:05+08:00,2026-07-09T12:15:01+08:00,320
2026-07-09T04:30:05+00:00,2026-07-09T12:30:05+08:00,2026-07-09T12:25:01+08:00,317
2026-07-09T04:40:07+00:00,2026-07-09T12:40:07+08:00,2026-07-09T12:35:01+08:00,314
2026-07-09T04:50:06+00:00,2026-07-09T12:50:06+08:00,2026-07-09T12:45:01+08:00,311
2026-07-09T05:00:05+00:00,2026-07-09T13:00:05+08:00,2026-07-09T12:55:01+08:00,302
2026-07-09T05:10:05+00:00,2026-07-09T13:10:05+08:00,2026-07-09T13:05:01+08:00,302
2026-07-09T05:20:05+00:00,2026-07-09T13:20:05+08:00,2026-07-09T13:15:01+08:00,296
2026-07-09T05:30:05+00:00,2026-07-09T13:30:05+08:00,2026-07-09T13:25:01+08:00,293
2026-07-09T05:40:05+00:00,2026-07-09T13:40:05+08:00,2026-07-09T13:35:01+08:00,290
2026-07-09T05:50:05+00:00,2026-07-09T13:50:05+08:00,2026-07-09T13:45:01+08:00,287
2026-07-09T06:00:06+00:00,2026-07-09T14:00:06+08:00,2026-07-09T13:55:01+08:00,278
2026-07-09T06:10:06+00:00,2026-07-09T14:10:06+08:00,2026-07-09T14:05:01+08:00,278
2026-07-09T06:20:05+00:00,2026-07-09T14:20:05+08:00,2026-07-09T14:15:01+08:00,272
2026-07-09T06:30:08+00:00,2026-07-09T14:30:08+08:00,2026-07-09T14:25:01+08:00,269
2026-07-09T06:40:25+00:00,2026-07-09T14:40:25+08:00,2026-07-09T14:35:01+08:00,266
2026-07-09T06:50:07+00:00,2026-07-09T14:50:07+08:00,2026-07-09T14:45:01+08:00,263
2026-07-09T07:00:08+00:00,2026-07-09T15:00:08+08:00,2026-07-09T14:55:01+08:00,254
2026-07-09T07:10:06+00:00,2026-07-09T15:10:06+08:00,2026-07-09T15:05:01+08:00,254
2026-07-09T07:20:12+00:00,2026-07-09T15:20:12+08:00,2026-07-09T15:15:01+08:00,248
2026-07-09T07:30:07+00:00,2026-07-09T15:30:07+08:00,2026-07-09T15:25:01+08:00,245
2026-07-09T07:40:05+00:00,2026-07-09T15:40:05+08:00,2026-07-09T15:35:01+08:00,242
2026-07-09T07:50:05+00:00,2026-07-09T15:50:05+08:00,2026-07-09T15:45:01+08:00,239
2026-07-09T08:00:07+00:00,2026-07-09T16:00:07+08:00,2026-07-09T15:55:01+08:00,230
2026-07-09T08:10:07+00:00,2026-07-09T16:10:07+08:00,2026-07-09T16:05:01+08:00,230
2026-07-09T08:20:05+00:00,2026-07-09T16:20:05+08:00,2026-07-09T16:15:01+08:00,224
2026-07-09T08:30:07+00:00,2026-07-09T16:30:07+08:00,2026-07-09T16:25:01+08:00,221
2026-07-09T08:40:07+00:00,2026-07-09T16:40:07+08:00,2026-07-09T16:35:01+08:00,218
2026-07-09T08:50:08+00:00,2026-07-09T16:50:08+08:00,2026-07-09T16:45:01+08:00,215
2026-07-09T09:00:06+00:00,2026-07-09T17:00:06+08:00,2026-07-09T16:55:01+08:00,206
2026-07-09T09:10:09+00:00,2026-07-09T17:10:09+08:00,2026-07-09T17:05:01+08:00,206
2026-07-09T09:20:08+00:00,2026-07-09T17:20:08+08:00,2026-07-09T17:15:01+08:00,197
2026-07-09T09:30:05+00:00,2026-07-09T17:30:05+08:00,2026-07-09T17:25:01+08:00,194
2026-07-09T09:40:05+00:00,2026-07-09T17:40:05+08:00,2026-07-09T17:35:01+08:00,191
2026-07-09T09:50:05+00:00,2026-07-09T17:50:05+08:00,2026-07-09T17:45:01+08:00,188
2026-07-09T10:00:16+00:00,2026-07-09T18:00:16+08:00,2026-07-09T17:55:01+08:00,179
2026-07-09T10:10:05+00:00,2026-07-09T18:10:05+08:00,2026-07-09T18:05:01+08:00,176
2026-07-09T10:20:07+00:00,2026-07-09T18:20:07+08:00,2026-07-09T18:15:01+08:00,167
2026-07-09T10:30:10+00:00,2026-07-09T18:30:10+08:00,2026-07-09T18:25:01+08:00,164
2026-07-09T10:40:34+00:00,2026-07-09T18:40:34+08:00,2026-07-09T18:35:01+08:00,157
2026-07-09T10:50:08+00:00,2026-07-09T18:50:08+08:00,2026-07-09T18:45:01+08:00,154
2026-07-09T11:00:08+00:00,2026-07-09T19:00:08+08:00,2026-07-09T18:55:01+08:00,145
2026-07-09T11:10:08+00:00,2026-07-09T19:10:08+08:00,2026-07-09T19:05:01+08:00,141
2026-07-09T11:20:08+00:00,2026-07-09T19:20:08+08:00,2026-07-09T19:15:01+08:00,132
2026-07-09T11:30:08+00:00,2026-07-09T19:30:08+08:00,2026-07-09T19:25:01+08:00,129
2026-07-09T11:40:08+00:00,2026-07-09T19:40:08+08:00,2026-07-09T19:35:01+08:00,122
2026-07-09T11:50:08+00:00,2026-07-09T19:50:08+08:00,2026-07-09T19:45:01+08:00,119
2026-07-09T12:00:07+00:00,2026-07-09T20:00:07+08:00,2026-07-09T19:55:01+08:00,109
2026-07-09T12:10:08+00:00,2026-07-09T20:10:08+08:00,2026-07-09T20:05:01+08:00,109
2026-07-09T12:20:09+00:00,2026-07-09T20:20:09+08:00,2026-07-09T20:15:01+08:00,103
2026-07-09T12:30:09+00:00,2026-07-09T20:30:09+08:00,2026-07-09T20:25:01+08:00,100
2026-07-09T12:40:09+00:00,2026-07-09T20:40:09+08:00,2026-07-09T20:35:01+08:00,94
2026-07-09T12:50:10+00:00,2026-07-09T20:50:10+08:00,2026-07-09T20:45:01+08:00,91
2026-07-09T13:00:06+00:00,2026-07-09T21:00:06+08:00,2026-07-09T20:55:01+08:00,82
2026-07-09T13:10:05+00:00,2026-07-09T21:10:05+08:00,2026-07-09T21:05:01+08:00,82
2026-07-09T13:20:05+00:00,2026-07-09T21:20:05+08:00,2026-07-09T21:15:01+08:00,76
2026-07-09T13:30:05+00:00,2026-07-09T21:30:05+08:00,2026-07-09T21:25:01+08:00,73
2026-07-09T13:40:05+00:00,2026-07-09T21:40:05+08:00,2026-07-09T21:35:01+08:00,67
2026-07-09T13:50:05+00:00,2026-07-09T21:50:05+08:00,2026-07-09T21:45:01+08:00,64
2026-07-09T14:00:05+00:00,2026-07-09T22:00:05+08:00,2026-07-09T21:55:01+08:00,55
2026-07-09T14:10:05+00:00,2026-07-09T22:10:05+08:00,2026-07-09T22:05:01+08:00,55
2026-07-09T14:20:05+00:00,2026-07-09T22:20:05+08:00,2026-07-09T22:15:01+08:00,49
2026-07-09T14:30:06+00:00,2026-07-09T22:30:06+08:00,2026-07-09T22:25:01+08:00,46
2026-07-09T14:40:25+00:00,2026-07-09T22:40:25+08:00,2026-07-09T22:35:01+08:00,43
2026-07-09T14:50:05+00:00,2026-07-09T22:50:05+08:00,2026-07-09T22:45:01+08:00,40
2026-07-09T15:00:05+00:00,2026-07-09T23:00:05+08:00,2026-07-09T22:55:01+08:00,34
2026-07-09T15:10:05+00:00,2026-07-09T23:10:05+08:00,2026-07-09T23:05:01+08:00,34
2026-07-09T15:20:05+00:00,2026-07-09T23:20:05+08:00,2026-07-09T23:15:01+08:00,31
2026-07-09T15:30:07+00:00,2026-07-09T23:30:07+08:00,2026-07-09T23:25:01+08:00,28
2026-07-09T15:40:05+00:00,2026-07-09T23:40:05+08:00,2026-07-09T23:35:01+08:00,24
2026-07-09T16:00:05+00:00,2026-07-10T00:00:05+08:00,2026-07-09T23:50:01+08:00,513
2026-07-09T16:10:05+00:00,2026-07-10T00:10:05+08:00,2026-07-09T23:50:01+08:00,513
2026-07-09T16:20:05+00:00,2026-07-10T00:20:05+08:00,2026-07-09T23:50:01+08:00,513
2026-07-09T16:30:07+00:00,2026-07-10T00:30:07+08:00,2026-07-09T23:50:01+08:00,513
2026-07-09T16:40:06+00:00,2026-07-10T00:40:06+08:00,2026-07-09T23:50:01+08:00,513
2026-07-09T17:00:06+00:00,2026-07-10T01:00:06+08:00,2026-07-09T23:50:01+08:00,513
2026-07-09T17:20:05+00:00,2026-07-10T01:20:05+08:00,2026-07-09T23:50:01+08:00,513
2026-07-09T17:40:05+00:00,2026-07-10T01:40:05+08:00,2026-07-09T23:50:01+08:00,513
2026-07-09T18:00:07+00:00,2026-07-10T02:00:07+08:00,2026-07-09T23:50:01+08:00,513
2026-07-09T18:20:05+00:00,2026-07-10T02:20:05+08:00,2026-07-09T23:50:01+08:00,513
2026-07-09T18:40:27+00:00,2026-07-10T02:40:27+08:00,2026-07-09T23:50:01+08:00,513
2026-07-09T19:00:05+00:00,2026-07-10T03:00:05+08:00,2026-07-09T23:50:01+08:00,513
2026-07-09T19:20:05+00:00,2026-07-10T03:20:05+08:00,2026-07-09T23:50:01+08:00,513
2026-07-09T19:40:07+00:00,2026-07-10T03:40:07+08:00,2026-07-09T23:50:01+08:00,513
2026-07-09T20:00:07+00:00,2026-07-10T04:00:07+08:00,2026-07-09T23:50:01+08:00,513
2026-07-09T20:20:05+00:00,2026-07-10T04:20:05+08:00,2026-07-09T23:50:01+08:00,513
2026-07-09T20:40:07+00:00,2026-07-10T04:40:07+08:00,2026-07-09T23:50:01+08:00,513
2026-07-09T20:55:06+00:00,2026-07-10T04:55:06+08:00,2026-07-09T23:50:01+08:00,513
2026-07-09T20:56:05+00:00,2026-07-10T04:56:05+08:00,2026-07-09T23:50:01+08:00,513
2026-07-09T20:57:05+00:00,2026-07-10T04:57:05+08:00,2026-07-09T23:50:01+08:00,513
2026-07-09T20:58:05+00:00,2026-07-10T04:58:05+08:00,2026-07-09T23:50:01+08:00,513
2026-07-09T20:59:05+00:00,2026-07-10T04:59:05+08:00,2026-07-09T23:50:01+08:00,513
2026-07-09T21:00:07+00:00,2026-07-10T05:00:07+08:00,2026-07-09T23:50:01+08:00,513
2026-07-09T21:01:05+00:00,2026-07-10T05:01:05+08:00,2026-07-09T23:50:01+08:00,513
2026-07-09T21:02:05+00:00,2026-07-10T05:02:05+08:00,2026-07-09T23:50:01+08:00,513
2026-07-09T21:03:05+00:00,2026-07-10T05:03:05+08:00,2026-07-09T23:50:01+08:00,513
2026-07-09T21:04:05+00:00,2026-07-10T05:04:05+08:00,2026-07-09T23:50:01+08:00,513
2026-07-09T21:05:05+00:00,2026-07-10T05:05:05+08:00,,0
2026-07-09T21:06:05+00:00,2026-07-10T05:06:05+08:00,,0
2026-07-09T21:07:26+00:00,2026-07-10T05:07:26+08:00,,0
2026-07-09T21:08:05+00:00,2026-07-10T05:08:05+08:00,,0
2026-07-09T21:09:05+00:00,2026-07-10T05:09:05+08:00,,0
2026-07-09T21:10:05+00:00,2026-07-10T05:10:05+08:00,2026-07-10T05:05:01+08:00,513
2026-07-09T21:11:05+00:00,2026-07-10T05:11:05+08:00,2026-07-10T05:05:01+08:00,513
2026-07-09T21:12:05+00:00,2026-07-10T05:12:05+08:00,2026-07-10T05:05:01+08:00,513
2026-07-09T21:13:05+00:00,2026-07-10T05:13:05+08:00,2026-07-10T05:05:01+08:00,513
2026-07-09T21:14:05+00:00,2026-07-10T05:14:05+08:00,2026-07-10T05:05:01+08:00,513
2026-07-09T21:15:25+00:00,2026-07-10T05:15:25+08:00,2026-07-10T05:10:01+08:00,513
2026-07-09T21:16:05+00:00,2026-07-10T05:16:05+08:00,2026-07-10T05:10:01+08:00,513
2026-07-09T21:17:04+00:00,2026-07-10T05:17:04+08:00,2026-07-10T05:10:01+08:00,513
2026-07-09T21:18:05+00:00,2026-07-10T05:18:05+08:00,2026-07-10T05:10:01+08:00,513
2026-07-09T21:19:05+00:00,2026-07-10T05:19:05+08:00,2026-07-10T05:10:01+08:00,513
2026-07-09T21:20:05+00:00,2026-07-10T05:20:05+08:00,2026-07-10T05:15:01+08:00,513
2026-07-09T21:21:05+00:00,2026-07-10T05:21:05+08:00,2026-07-10T05:15:01+08:00,513
2026-07-09T21:22:05+00:00,2026-07-10T05:22:05+08:00,2026-07-10T05:15:01+08:00,513
2026-07-09T21:23:05+00:00,2026-07-10T05:23:05+08:00,2026-07-10T05:15:01+08:00,513
2026-07-09T21:24:06+00:00,2026-07-10T05:24:06+08:00,2026-07-10T05:15:01+08:00,513
2026-07-09T21:25:06+00:00,2026-07-10T05:25:06+08:00,2026-07-10T05:20:01+08:00,513
2026-07-09T21:26:05+00:00,2026-07-10T05:26:05+08:00,2026-07-10T05:20:01+08:00,513
2026-07-09T21:27:27+00:00,2026-07-10T05:27:27+08:00,2026-07-10T05:20:01+08:00,513
2026-07-09T21:28:05+00:00,2026-07-10T05:28:05+08:00,2026-07-10T05:20:01+08:00,513
2026-07-09T21:29:05+00:00,2026-07-10T05:29:05+08:00,2026-07-10T05:20:01+08:00,513
2026-07-09T21:30:05+00:00,2026-07-10T05:30:05+08:00,2026-07-10T05:25:01+08:00,513
2026-07-09T21:31:05+00:00,2026-07-10T05:31:05+08:00,2026-07-10T05:25:01+08:00,513
2026-07-09T21:32:05+00:00,2026-07-10T05:32:05+08:00,2026-07-10T05:25:01+08:00,513
2026-07-09T21:33:05+00:00,2026-07-10T05:33:05+08:00,2026-07-10T05:25:01+08:00,513
2026-07-09T21:34:05+00:00,2026-07-10T05:34:05+08:00,2026-07-10T05:25:01+08:00,513
2026-07-09T21:35:05+00:00,2026-07-10T05:35:05+08:00,2026-07-10T05:30:01+08:00,513
2026-07-09T21:36:07+00:00,2026-07-10T05:36:07+08:00,2026-07-10T05:30:01+08:00,513
2026-07-09T21:37:04+00:00,2026-07-10T05:37:04+08:00,2026-07-10T05:30:01+08:00,513
2026-07-09T21:38:05+00:00,2026-07-10T05:38:05+08:00,2026-07-10T05:30:01+08:00,513
2026-07-09T21:39:05+00:00,2026-07-10T05:39:05+08:00,2026-07-10T05:30:01+08:00,513
2026-07-09T21:40:05+00:00,2026-07-10T05:40:05+08:00,2026-07-10T05:35:01+08:00,513
2026-07-09T21:50:04+00:00,2026-07-10T05:50:04+08:00,2026-07-10T05:45:01+08:00,513
2026-07-09T22:00:05+00:00,2026-07-10T06:00:05+08:00,2026-07-10T05:55:01+08:00,513
2026-07-09T22:10:05+00:00,2026-07-10T06:10:05+08:00,2026-07-10T06:05:01+08:00,513
2026-07-09T22:20:05+00:00,2026-07-10T06:20:05+08:00,2026-07-10T06:15:02+08:00,513
2026-07-09T22:30:05+00:00,2026-07-10T06:30:05+08:00,2026-07-10T06:25:01+08:00,513
2026-07-09T22:40:25+00:00,2026-07-10T06:40:25+08:00,2026-07-10T06:35:01+08:00,513
2026-07-09T22:50:05+00:00,2026-07-10T06:50:05+08:00,2026-07-10T06:45:02+08:00,513
2026-07-09T23:00:07+00:00,2026-07-10T07:00:07+08:00,2026-07-10T06:55:01+08:00,513
2026-07-09T23:10:05+00:00,2026-07-10T07:10:05+08:00,2026-07-10T07:05:01+08:00,513
2026-07-09T23:20:05+00:00,2026-07-10T07:20:05+08:00,2026-07-10T07:15:01+08:00,513
2026-07-09T23:30:05+00:00,2026-07-10T07:30:05+08:00,2026-07-10T07:25:01+08:00,512
2026-07-09T23:40:07+00:00,2026-07-10T07:40:07+08:00,2026-07-10T07:35:01+08:00,511
2026-07-09T23:50:05+00:00,2026-07-10T07:50:05+08:00,2026-07-10T07:45:01+08:00,511
2026-07-10T00:00:05+00:00,2026-07-10T08:00:05+08:00,2026-07-10T07:55:01+08:00,510
2026-07-10T00:10:05+00:00,2026-07-10T08:10:05+08:00,2026-07-10T08:05:01+08:00,507
2026-07-10T00:20:05+00:00,2026-07-10T08:20:05+08:00,2026-07-10T08:15:01+08:00,506
2026-07-10T00:30:05+00:00,2026-07-10T08:30:05+08:00,2026-07-10T08:25:01+08:00,500
2026-07-10T00:40:05+00:00,2026-07-10T08:40:05+08:00,2026-07-10T08:35:01+08:00,499
2026-07-10T00:50:05+00:00,2026-07-10T08:50:05+08:00,2026-07-10T08:45:01+08:00,493
2026-07-10T01:00:05+00:00,2026-07-10T09:00:05+08:00,2026-07-10T08:55:01+08:00,483
2026-07-10T01:10:05+00:00,2026-07-10T09:10:05+08:00,2026-07-10T09:05:01+08:00,480
2026-07-10T01:20:05+00:00,2026-07-10T09:20:05+08:00,2026-07-10T09:15:01+08:00,471
2026-07-10T01:30:05+00:00,2026-07-10T09:30:05+08:00,2026-07-10T09:25:01+08:00,471
2026-07-10T01:40:05+00:00,2026-07-10T09:40:05+08:00,2026-07-10T09:35:01+08:00,464
2026-07-10T01:50:05+00:00,2026-07-10T09:50:05+08:00,2026-07-10T09:45:01+08:00,461
2026-07-10T02:00:05+00:00,2026-07-10T10:00:05+08:00,2026-07-10T09:55:01+08:00,452
2026-07-10T02:10:05+00:00,2026-07-10T10:10:05+08:00,2026-07-10T10:05:01+08:00,449
2026-07-10T02:20:05+00:00,2026-07-10T10:20:05+08:00,2026-07-10T10:15:01+08:00,440
2026-07-10T02:30:07+00:00,2026-07-10T10:30:07+08:00,2026-07-10T10:25:01+08:00,437
2026-07-10T02:40:25+00:00,2026-07-10T10:40:25+08:00,2026-07-10T10:35:01+08:00,434
2026-07-10T02:50:05+00:00,2026-07-10T10:50:05+08:00,2026-07-10T10:45:01+08:00,431
2026-07-10T03:00:05+00:00,2026-07-10T11:00:05+08:00,2026-07-10T10:55:01+08:00,422
2026-07-10T03:10:05+00:00,2026-07-10T11:10:05+08:00,2026-07-10T11:05:01+08:00,419
2026-07-10T03:20:05+00:00,2026-07-10T11:20:05+08:00,2026-07-10T11:15:01+08:00,410
2026-07-10T03:30:06+00:00,2026-07-10T11:30:06+08:00,2026-07-10T11:25:01+08:00,407
2026-07-10T03:40:05+00:00,2026-07-10T11:40:05+08:00,2026-07-10T11:35:01+08:00,404
2026-07-10T04:00:05+00:00,2026-07-10T12:00:05+08:00,2026-07-10T11:55:01+08:00,392
2026-07-10T04:10:05+00:00,2026-07-10T12:10:05+08:00,2026-07-10T12:05:01+08:00,389
2026-07-10T04:20:05+00:00,2026-07-10T12:20:05+08:00,2026-07-10T12:15:01+08:00,383
2026-07-10T04:30:06+00:00,2026-07-10T12:30:06+08:00,2026-07-10T12:25:01+08:00,380
2026-07-10T04:40:06+00:00,2026-07-10T12:40:06+08:00,2026-07-10T12:35:01+08:00,374
2026-07-10T04:50:05+00:00,2026-07-10T12:50:05+08:00,2026-07-10T12:45:01+08:00,371
2026-07-10T05:00:05+00:00,2026-07-10T13:00:05+08:00,2026-07-10T12:55:01+08:00,362
2026-07-10T05:10:05+00:00,2026-07-10T13:10:05+08:00,2026-07-10T13:05:01+08:00,362
2026-07-10T05:20:05+00:00,2026-07-10T13:20:05+08:00,2026-07-10T13:15:01+08:00,356
2026-07-10T05:30:05+00:00,2026-07-10T13:30:05+08:00,2026-07-10T13:25:01+08:00,353
2026-07-10T05:40:05+00:00,2026-07-10T13:40:05+08:00,2026-07-10T13:35:01+08:00,350
2026-07-10T05:50:05+00:00,2026-07-10T13:50:05+08:00,2026-07-10T13:45:01+08:00,347
2026-07-10T06:00:05+00:00,2026-07-10T14:00:05+08:00,2026-07-10T13:55:01+08:00,338
2026-07-10T06:10:05+00:00,2026-07-10T14:10:05+08:00,2026-07-10T14:05:01+08:00,338
2026-07-10T06:20:05+00:00,2026-07-10T14:20:05+08:00,2026-07-10T14:15:01+08:00,329
2026-07-10T06:30:05+00:00,2026-07-10T14:30:05+08:00,2026-07-10T14:25:01+08:00,326
2026-07-10T06:40:25+00:00,2026-07-10T14:40:25+08:00,2026-07-10T14:35:01+08:00,320
2026-07-10T06:50:05+00:00,2026-07-10T14:50:05+08:00,2026-07-10T14:45:01+08:00,317
2026-07-10T07:00:05+00:00,2026-07-10T15:00:05+08:00,2026-07-10T14:55:01+08:00,308
2026-07-10T07:10:05+00:00,2026-07-10T15:10:05+08:00,2026-07-10T15:05:01+08:00,308
2026-07-10T07:20:05+00:00,2026-07-10T15:20:05+08:00,2026-07-10T15:15:01+08:00,299
2026-07-10T07:30:05+00:00,2026-07-10T15:30:05+08:00,2026-07-10T15:25:01+08:00,296
2026-07-10T07:40:05+00:00,2026-07-10T15:40:05+08:00,2026-07-10T15:35:01+08:00,290
2026-07-10T07:50:05+00:00,2026-07-10T15:50:05+08:00,2026-07-10T15:45:01+08:00,287
2026-07-10T08:00:06+00:00,2026-07-10T16:00:06+08:00,2026-07-10T15:55:01+08:00,278
2026-07-10T08:10:05+00:00,2026-07-10T16:10:05+08:00,2026-07-10T16:05:01+08:00,278
2026-07-10T08:20:05+00:00,2026-07-10T16:20:05+08:00,2026-07-10T16:15:01+08:00,269
2026-07-10T08:30:05+00:00,2026-07-10T16:30:05+08:00,2026-07-10T16:25:01+08:00,266
2026-07-10T08:40:05+00:00,2026-07-10T16:40:05+08:00,2026-07-10T16:35:01+08:00,260
2026-07-10T08:50:05+00:00,2026-07-10T16:50:05+08:00,2026-07-10T16:45:01+08:00,257
2026-07-10T09:00:07+00:00,2026-07-10T17:00:07+08:00,2026-07-10T16:55:01+08:00,247
2026-07-12T02:20:07+00:00,2026-07-12T10:20:07+08:00,2026-07-12T10:15:01+08:00,451
2026-07-12T02:30:06+00:00,2026-07-12T10:30:06+08:00,2026-07-12T10:25:01+08:00,448
2026-07-12T02:40:30+00:00,2026-07-12T10:40:30+08:00,2026-07-12T10:35:01+08:00,445
2026-07-12T02:50:07+00:00,2026-07-12T10:50:07+08:00,2026-07-12T10:45:01+08:00,442
2026-07-12T03:00:06+00:00,2026-07-12T11:00:06+08:00,2026-07-12T10:55:01+08:00,433
2026-07-12T03:10:06+00:00,2026-07-12T11:10:06+08:00,2026-07-12T11:05:01+08:00,433
2026-07-12T03:20:05+00:00,2026-07-12T11:20:05+08:00,2026-07-12T11:15:01+08:00,424
2026-07-12T03:30:06+00:00,2026-07-12T11:30:06+08:00,2026-07-12T11:25:01+08:00,421
2026-07-12T03:40:05+00:00,2026-07-12T11:40:05+08:00,2026-07-12T11:35:01+08:00,415
2026-07-12T04:00:08+00:00,2026-07-12T12:00:08+08:00,2026-07-12T11:55:01+08:00,403
2026-07-12T04:10:05+00:00,2026-07-12T12:10:05+08:00,2026-07-12T12:05:01+08:00,403
2026-07-12T04:20:05+00:00,2026-07-12T12:20:05+08:00,2026-07-12T12:15:01+08:00,397
2026-07-12T04:30:05+00:00,2026-07-12T12:30:05+08:00,2026-07-12T12:25:01+08:00,394
2026-07-12T04:40:06+00:00,2026-07-12T12:40:06+08:00,2026-07-12T12:35:01+08:00,391
2026-07-12T04:50:06+00:00,2026-07-12T12:50:06+08:00,2026-07-12T12:45:01+08:00,388
2026-07-12T05:00:08+00:00,2026-07-12T13:00:08+08:00,2026-07-12T12:55:01+08:00,379
2026-07-12T05:10:06+00:00,2026-07-12T13:10:06+08:00,2026-07-12T13:05:01+08:00,376
2026-07-12T05:20:07+00:00,2026-07-12T13:20:07+08:00,2026-07-12T13:15:01+08:00,370
2026-07-12T05:30:06+00:00,2026-07-12T13:30:06+08:00,2026-07-12T13:25:01+08:00,367
2026-07-12T05:40:05+00:00,2026-07-12T13:40:05+08:00,2026-07-12T13:35:01+08:00,364
2026-07-12T05:50:05+00:00,2026-07-12T13:50:05+08:00,2026-07-12T13:45:01+08:00,361
2026-07-12T06:00:05+00:00,2026-07-12T14:00:05+08:00,2026-07-12T13:55:01+08:00,352
2026-07-12T06:10:06+00:00,2026-07-12T14:10:06+08:00,2026-07-12T14:05:01+08:00,352
2026-07-12T06:20:07+00:00,2026-07-12T14:20:07+08:00,2026-07-12T14:15:01+08:00,343
2026-07-12T06:30:06+00:00,2026-07-12T14:30:06+08:00,2026-07-12T14:25:01+08:00,340
2026-07-12T06:40:26+00:00,2026-07-12T14:40:26+08:00,2026-07-12T14:35:01+08:00,336
2026-07-12T06:50:05+00:00,2026-07-12T14:50:05+08:00,2026-07-12T14:45:01+08:00,333
2026-07-12T07:00:06+00:00,2026-07-12T15:00:06+08:00,2026-07-12T14:55:01+08:00,324
2026-07-12T07:10:07+00:00,2026-07-12T15:10:07+08:00,2026-07-12T15:05:01+08:00,324
2026-07-12T07:20:05+00:00,2026-07-12T15:20:05+08:00,2026-07-12T15:15:01+08:00,315
2026-07-12T07:30:05+00:00,2026-07-12T15:30:05+08:00,2026-07-12T15:25:01+08:00,312
2026-07-12T07:40:05+00:00,2026-07-12T15:40:05+08:00,2026-07-12T15:35:01+08:00,305
2026-07-12T07:50:05+00:00,2026-07-12T15:50:05+08:00,2026-07-12T15:45:01+08:00,302
2026-07-12T08:00:07+00:00,2026-07-12T16:00:07+08:00,2026-07-12T15:55:01+08:00,292
2026-07-12T08:10:06+00:00,2026-07-12T16:10:06+08:00,2026-07-12T16:05:01+08:00,292
2026-07-12T08:20:07+00:00,2026-07-12T16:20:07+08:00,2026-07-12T16:15:01+08:00,283
2026-07-12T08:30:06+00:00,2026-07-12T16:30:06+08:00,2026-07-12T16:25:01+08:00,280
2026-07-12T08:40:05+00:00,2026-07-12T16:40:05+08:00,2026-07-12T16:35:01+08:00,273
2026-07-12T08:50:05+00:00,2026-07-12T16:50:05+08:00,2026-07-12T16:45:01+08:00,270
2026-07-12T09:00:08+00:00,2026-07-12T17:00:08+08:00,2026-07-12T16:55:01+08:00,260
2026-07-12T09:10:07+00:00,2026-07-12T17:10:07+08:00,2026-07-12T17:05:01+08:00,257
2026-07-12T09:20:07+00:00,2026-07-12T17:20:07+08:00,2026-07-12T17:15:01+08:00,248
2026-07-12T09:30:06+00:00,2026-07-12T17:30:06+08:00,2026-07-12T17:25:01+08:00,245
2026-07-12T09:40:06+00:00,2026-07-12T17:40:06+08:00,2026-07-12T17:35:01+08:00,238
2026-07-12T09:50:05+00:00,2026-07-12T17:50:05+08:00,2026-07-12T17:45:01+08:00,235
2026-07-12T10:00:05+00:00,2026-07-12T18:00:05+08:00,2026-07-12T17:55:01+08:00,225
2026-07-12T10:10:06+00:00,2026-07-12T18:10:06+08:00,2026-07-12T18:05:01+08:00,219
2026-07-12T10:20:05+00:00,2026-07-12T18:20:05+08:00,2026-07-12T18:15:01+08:00,210
2026-07-12T10:30:06+00:00,2026-07-12T18:30:06+08:00,2026-07-12T18:25:01+08:00,207
2026-07-12T10:40:25+00:00,2026-07-12T18:40:25+08:00,2026-07-12T18:35:01+08:00,200
2026-07-12T10:50:05+00:00,2026-07-12T18:50:05+08:00,2026-07-12T18:45:01+08:00,197
2026-07-12T11:00:06+00:00,2026-07-12T19:00:06+08:00,2026-07-12T18:55:01+08:00,187
2026-07-12T11:10:06+00:00,2026-07-12T19:10:06+08:00,2026-07-12T19:05:01+08:00,187
2026-07-12T11:20:07+00:00,2026-07-12T19:20:07+08:00,2026-07-12T19:15:01+08:00,178
2026-07-12T11:30:06+00:00,2026-07-12T19:30:06+08:00,2026-07-12T19:25:01+08:00,175
2026-07-12T11:40:06+00:00,2026-07-12T19:40:06+08:00,2026-07-12T19:35:01+08:00,168
2026-07-12T11:50:06+00:00,2026-07-12T19:50:06+08:00,2026-07-12T19:45:01+08:00,165
2026-07-12T12:00:05+00:00,2026-07-12T20:00:05+08:00,2026-07-12T19:55:01+08:00,155
2026-07-12T12:10:05+00:00,2026-07-12T20:10:05+08:00,2026-07-12T20:05:01+08:00,152
2026-07-12T12:20:06+00:00,2026-07-12T20:20:06+08:00,2026-07-12T20:15:01+08:00,143
2026-07-12T12:30:05+00:00,2026-07-12T20:30:05+08:00,2026-07-12T20:25:01+08:00,140
2026-07-12T12:40:05+00:00,2026-07-12T20:40:05+08:00,2026-07-12T20:35:01+08:00,133
2026-07-12T12:50:05+00:00,2026-07-12T20:50:05+08:00,2026-07-12T20:45:01+08:00,130
2026-07-12T13:00:05+00:00,2026-07-12T21:00:05+08:00,2026-07-12T20:55:01+08:00,120
2026-07-12T13:10:06+00:00,2026-07-12T21:10:06+08:00,2026-07-12T21:05:01+08:00,117
2026-07-12T13:20:05+00:00,2026-07-12T21:20:05+08:00,2026-07-12T21:15:01+08:00,108
2026-07-12T13:30:05+00:00,2026-07-12T21:30:05+08:00,2026-07-12T21:25:01+08:00,105
2026-07-12T13:40:06+00:00,2026-07-12T21:40:06+08:00,2026-07-12T21:35:01+08:00,98
2026-07-12T13:50:05+00:00,2026-07-12T21:50:05+08:00,2026-07-12T21:45:01+08:00,95
2026-07-12T14:00:05+00:00,2026-07-12T22:00:05+08:00,2026-07-12T21:55:01+08:00,85
2026-07-12T14:10:06+00:00,2026-07-12T22:10:06+08:00,2026-07-12T22:05:01+08:00,82
2026-07-12T14:20:07+00:00,2026-07-12T22:20:07+08:00,2026-07-12T22:15:01+08:00,73
2026-07-12T14:30:06+00:00,2026-07-12T22:30:06+08:00,2026-07-12T22:25:01+08:00,70
2026-07-12T14:40:26+00:00,2026-07-12T22:40:26+08:00,2026-07-12T22:35:01+08:00,63
2026-07-12T14:50:05+00:00,2026-07-12T22:50:05+08:00,2026-07-12T22:45:01+08:00,60
2026-07-12T15:00:05+00:00,2026-07-12T23:00:05+08:00,2026-07-12T22:55:01+08:00,51
2026-07-12T15:10:05+00:00,2026-07-12T23:10:05+08:00,2026-07-12T23:05:01+08:00,45
2026-07-12T15:20:05+00:00,2026-07-12T23:20:05+08:00,2026-07-12T23:15:01+08:00,37
2026-07-12T15:30:05+00:00,2026-07-12T23:30:05+08:00,2026-07-12T23:25:01+08:00,31
2026-07-12T15:40:07+00:00,2026-07-12T23:40:07+08:00,2026-07-12T23:35:01+08:00,24
2026-07-12T16:00:05+00:00,2026-07-13T00:00:05+08:00,2026-07-12T23:50:01+08:00,453
2026-07-12T16:10:06+00:00,2026-07-13T00:10:06+08:00,2026-07-12T23:50:01+08:00,453
2026-07-12T16:20:05+00:00,2026-07-13T00:20:05+08:00,2026-07-12T23:50:01+08:00,453
2026-07-12T16:30:07+00:00,2026-07-13T00:30:07+08:00,2026-07-12T23:50:01+08:00,453
2026-07-12T16:40:07+00:00,2026-07-13T00:40:07+08:00,2026-07-12T23:50:01+08:00,453
2026-07-12T17:00:06+00:00,2026-07-13T01:00:06+08:00,2026-07-12T23:50:01+08:00,453
2026-07-12T17:20:05+00:00,2026-07-13T01:20:05+08:00,2026-07-12T23:50:01+08:00,453
2026-07-12T17:40:08+00:00,2026-07-13T01:40:08+08:00,2026-07-12T23:50:01+08:00,453
2026-07-12T18:00:05+00:00,2026-07-13T02:00:05+08:00,2026-07-12T23:50:01+08:00,453
2026-07-12T18:20:05+00:00,2026-07-13T02:20:05+08:00,2026-07-12T23:50:01+08:00,453
2026-07-12T18:40:27+00:00,2026-07-13T02:40:27+08:00,2026-07-12T23:50:01+08:00,453
2026-07-12T19:00:07+00:00,2026-07-13T03:00:07+08:00,2026-07-12T23:50:01+08:00,453
2026-07-12T19:20:05+00:00,2026-07-13T03:20:05+08:00,2026-07-12T23:50:01+08:00,453
2026-07-12T19:40:06+00:00,2026-07-13T03:40:06+08:00,2026-07-12T23:50:01+08:00,453
2026-07-12T20:00:06+00:00,2026-07-13T04:00:06+08:00,2026-07-12T23:50:01+08:00,453
2026-07-12T20:20:05+00:00,2026-07-13T04:20:05+08:00,2026-07-12T23:50:01+08:00,453
2026-07-12T20:40:06+00:00,2026-07-13T04:40:06+08:00,2026-07-12T23:50:01+08:00,453
2026-07-12T20:55:06+00:00,2026-07-13T04:55:06+08:00,2026-07-12T23:50:01+08:00,453
2026-07-12T20:56:05+00:00,2026-07-13T04:56:05+08:00,2026-07-12T23:50:01+08:00,453
2026-07-12T20:57:05+00:00,2026-07-13T04:57:05+08:00,2026-07-12T23:50:01+08:00,453
2026-07-12T20:58:05+00:00,2026-07-13T04:58:05+08:00,2026-07-12T23:50:01+08:00,453
2026-07-12T20:59:05+00:00,2026-07-13T04:59:05+08:00,2026-07-12T23:50:01+08:00,453
2026-07-12T21:00:05+00:00,2026-07-13T05:00:05+08:00,2026-07-12T23:50:01+08:00,453
2026-07-12T21:01:05+00:00,2026-07-13T05:01:05+08:00,2026-07-12T23:50:01+08:00,453
2026-07-12T21:02:05+00:00,2026-07-13T05:02:05+08:00,2026-07-12T23:50:01+08:00,453
2026-07-12T21:03:05+00:00,2026-07-13T05:03:05+08:00,2026-07-12T23:50:01+08:00,453
2026-07-12T21:04:05+00:00,2026-07-13T05:04:05+08:00,2026-07-12T23:50:01+08:00,453
2026-07-12T21:05:05+00:00,2026-07-13T05:05:05+08:00,,0
2026-07-12T21:06:05+00:00,2026-07-13T05:06:05+08:00,,0
2026-07-12T21:07:29+00:00,2026-07-13T05:07:29+08:00,,0
2026-07-12T21:08:05+00:00,2026-07-13T05:08:05+08:00,,0
2026-07-12T21:09:05+00:00,2026-07-13T05:09:05+08:00,,0
2026-07-12T21:10:05+00:00,2026-07-13T05:10:05+08:00,2026-07-13T05:05:01+08:00,453
2026-07-12T21:11:05+00:00,2026-07-13T05:11:05+08:00,2026-07-13T05:05:01+08:00,453
2026-07-12T21:12:05+00:00,2026-07-13T05:12:05+08:00,2026-07-13T05:05:01+08:00,453
2026-07-12T21:13:05+00:00,2026-07-13T05:13:05+08:00,2026-07-13T05:05:01+08:00,453
2026-07-12T21:14:05+00:00,2026-07-13T05:14:05+08:00,2026-07-13T05:05:01+08:00,453
2026-07-12T21:15:04+00:00,2026-07-13T05:15:04+08:00,2026-07-13T05:10:01+08:00,453
2026-07-12T21:16:05+00:00,2026-07-13T05:16:05+08:00,2026-07-13T05:10:01+08:00,453
2026-07-12T21:17:29+00:00,2026-07-13T05:17:29+08:00,2026-07-13T05:10:01+08:00,453
2026-07-12T21:18:05+00:00,2026-07-13T05:18:05+08:00,2026-07-13T05:10:01+08:00,453
2026-07-12T21:19:06+00:00,2026-07-13T05:19:06+08:00,2026-07-13T05:10:01+08:00,453
2026-07-12T21:20:05+00:00,2026-07-13T05:20:05+08:00,2026-07-13T05:15:01+08:00,453
2026-07-12T21:21:06+00:00,2026-07-13T05:21:06+08:00,2026-07-13T05:15:01+08:00,453
2026-07-12T21:22:05+00:00,2026-07-13T05:22:05+08:00,2026-07-13T05:15:01+08:00,453
2026-07-12T21:23:05+00:00,2026-07-13T05:23:05+08:00,2026-07-13T05:15:01+08:00,453
2026-07-12T21:24:05+00:00,2026-07-13T05:24:05+08:00,2026-07-13T05:15:01+08:00,453
2026-07-12T21:25:05+00:00,2026-07-13T05:25:05+08:00,2026-07-13T05:20:01+08:00,453
2026-07-12T21:26:05+00:00,2026-07-13T05:26:05+08:00,2026-07-13T05:20:01+08:00,453
2026-07-12T21:27:35+00:00,2026-07-13T05:27:35+08:00,2026-07-13T05:20:01+08:00,453
2026-07-12T21:28:05+00:00,2026-07-13T05:28:05+08:00,2026-07-13T05:20:01+08:00,453
2026-07-12T21:29:05+00:00,2026-07-13T05:29:05+08:00,2026-07-13T05:20:01+08:00,453
2026-07-12T21:30:05+00:00,2026-07-13T05:30:05+08:00,2026-07-13T05:25:01+08:00,453
2026-07-12T21:31:06+00:00,2026-07-13T05:31:06+08:00,2026-07-13T05:25:01+08:00,453
2026-07-12T21:32:05+00:00,2026-07-13T05:32:05+08:00,2026-07-13T05:25:01+08:00,453
2026-07-12T21:33:07+00:00,2026-07-13T05:33:07+08:00,2026-07-13T05:25:01+08:00,453
2026-07-12T21:34:06+00:00,2026-07-13T05:34:06+08:00,2026-07-13T05:25:01+08:00,453
2026-07-12T21:35:05+00:00,2026-07-13T05:35:05+08:00,2026-07-13T05:30:01+08:00,453
2026-07-12T21:36:05+00:00,2026-07-13T05:36:05+08:00,2026-07-13T05:30:01+08:00,453
2026-07-12T21:37:31+00:00,2026-07-13T05:37:31+08:00,2026-07-13T05:30:01+08:00,453
2026-07-12T21:38:05+00:00,2026-07-13T05:38:05+08:00,2026-07-13T05:30:01+08:00,453
2026-07-12T21:39:05+00:00,2026-07-13T05:39:05+08:00,2026-07-13T05:30:01+08:00,453
2026-07-12T21:40:05+00:00,2026-07-13T05:40:05+08:00,2026-07-13T05:35:01+08:00,453
2026-07-12T21:50:06+00:00,2026-07-13T05:50:06+08:00,2026-07-13T05:45:01+08:00,453
2026-07-12T22:00:06+00:00,2026-07-13T06:00:06+08:00,2026-07-13T05:55:01+08:00,453
2026-07-12T22:10:05+00:00,2026-07-13T06:10:05+08:00,2026-07-13T06:05:01+08:00,453
2026-07-12T22:20:06+00:00,2026-07-13T06:20:06+08:00,2026-07-13T06:15:01+08:00,453
2026-07-12T22:30:06+00:00,2026-07-13T06:30:06+08:00,2026-07-13T06:25:01+08:00,453
2026-07-12T22:40:28+00:00,2026-07-13T06:40:28+08:00,2026-07-13T06:35:01+08:00,453
2026-07-12T22:50:05+00:00,2026-07-13T06:50:05+08:00,2026-07-13T06:45:03+08:00,453
2026-07-12T23:00:05+00:00,2026-07-13T07:00:05+08:00,2026-07-13T06:55:01+08:00,453
2026-07-12T23:10:05+00:00,2026-07-13T07:10:05+08:00,2026-07-13T07:05:01+08:00,453
2026-07-12T23:20:06+00:00,2026-07-13T07:20:06+08:00,2026-07-13T07:15:01+08:00,453
2026-07-12T23:30:05+00:00,2026-07-13T07:30:05+08:00,2026-07-13T07:25:01+08:00,452
2026-07-12T23:40:05+00:00,2026-07-13T07:40:05+08:00,2026-07-13T07:35:01+08:00,451
2026-07-12T23:50:05+00:00,2026-07-13T07:50:05+08:00,2026-07-13T07:45:01+08:00,451
2026-07-13T00:00:05+00:00,2026-07-13T08:00:05+08:00,2026-07-13T07:55:01+08:00,450
2026-07-13T00:10:05+00:00,2026-07-13T08:10:05+08:00,2026-07-13T08:05:01+08:00,447
2026-07-13T00:20:06+00:00,2026-07-13T08:20:06+08:00,2026-07-13T08:15:01+08:00,446
2026-07-13T00:30:07+00:00,2026-07-13T08:30:07+08:00,2026-07-13T08:25:02+08:00,437
2026-07-13T00:40:05+00:00,2026-07-13T08:40:05+08:00,2026-07-13T08:35:02+08:00,436
2026-07-13T00:50:07+00:00,2026-07-13T08:50:07+08:00,2026-07-13T08:45:02+08:00,430
2026-07-13T01:00:06+00:00,2026-07-13T09:00:06+08:00,2026-07-13T08:55:02+08:00,420
2026-07-13T01:10:06+00:00,2026-07-13T09:10:06+08:00,2026-07-13T09:05:02+08:00,417
2026-07-13T01:20:06+00:00,2026-07-13T09:20:06+08:00,2026-07-13T09:15:01+08:00,408
2026-07-13T01:30:05+00:00,2026-07-13T09:30:05+08:00,2026-07-13T09:25:01+08:00,408
2026-07-13T01:40:05+00:00,2026-07-13T09:40:05+08:00,2026-07-13T09:35:01+08:00,401
2026-07-13T01:50:06+00:00,2026-07-13T09:50:06+08:00,2026-07-13T09:45:01+08:00,398
2026-07-13T02:00:06+00:00,2026-07-13T10:00:06+08:00,2026-07-13T09:55:01+08:00,389
2026-07-13T02:10:05+00:00,2026-07-13T10:10:05+08:00,2026-07-13T10:05:01+08:00,386
2026-07-13T02:20:06+00:00,2026-07-13T10:20:06+08:00,2026-07-13T10:15:01+08:00,377
2026-07-13T02:30:06+00:00,2026-07-13T10:30:06+08:00,2026-07-13T10:25:01+08:00,374
2026-07-13T02:40:28+00:00,2026-07-13T10:40:28+08:00,2026-07-13T10:35:01+08:00,368
2026-07-13T02:50:06+00:00,2026-07-13T10:50:06+08:00,2026-07-13T10:45:01+08:00,365
2026-07-13T03:00:05+00:00,2026-07-13T11:00:05+08:00,2026-07-13T10:55:01+08:00,356
2026-07-13T03:10:05+00:00,2026-07-13T11:10:05+08:00,2026-07-13T11:05:01+08:00,356
2026-07-13T03:20:05+00:00,2026-07-13T11:20:05+08:00,2026-07-13T11:15:01+08:00,350
2026-07-13T03:30:05+00:00,2026-07-13T11:30:05+08:00,2026-07-13T11:25:01+08:00,347
2026-07-13T03:40:05+00:00,2026-07-13T11:40:05+08:00,2026-07-13T11:35:01+08:00,341
2026-07-13T04:00:06+00:00,2026-07-13T12:00:06+08:00,2026-07-13T11:55:01+08:00,329
2026-07-13T04:10:05+00:00,2026-07-13T12:10:05+08:00,2026-07-13T12:05:01+08:00,329
2026-07-13T04:20:05+00:00,2026-07-13T12:20:05+08:00,2026-07-13T12:15:01+08:00,320
2026-07-13T04:30:06+00:00,2026-07-13T12:30:06+08:00,2026-07-13T12:25:01+08:00,317
2026-07-13T04:40:06+00:00,2026-07-13T12:40:06+08:00,2026-07-13T12:35:01+08:00,314
2026-07-13T04:50:06+00:00,2026-07-13T12:50:06+08:00,2026-07-13T12:45:01+08:00,311
2026-07-13T05:00:05+00:00,2026-07-13T13:00:05+08:00,2026-07-13T12:55:01+08:00,302
2026-07-13T05:10:06+00:00,2026-07-13T13:10:06+08:00,2026-07-13T13:05:01+08:00,299
2026-07-13T05:20:08+00:00,2026-07-13T13:20:08+08:00,2026-07-13T13:15:01+08:00,290
2026-07-13T05:30:05+00:00,2026-07-13T13:30:05+08:00,2026-07-13T13:25:01+08:00,287
2026-07-13T05:40:06+00:00,2026-07-13T13:40:06+08:00,2026-07-13T13:35:01+08:00,284
2026-07-13T05:50:05+00:00,2026-07-13T13:50:05+08:00,2026-07-13T13:45:01+08:00,281
2026-07-13T06:00:06+00:00,2026-07-13T14:00:06+08:00,2026-07-13T13:55:01+08:00,272
2026-07-13T06:10:07+00:00,2026-07-13T14:10:07+08:00,2026-07-13T14:05:02+08:00,272
2026-07-13T06:20:07+00:00,2026-07-13T14:20:07+08:00,2026-07-13T14:15:01+08:00,266
2026-07-13T06:30:05+00:00,2026-07-13T14:30:05+08:00,2026-07-13T14:25:01+08:00,263
2026-07-13T06:40:29+00:00,2026-07-13T14:40:29+08:00,2026-07-13T14:35:01+08:00,260
2026-07-13T06:50:05+00:00,2026-07-13T14:50:05+08:00,2026-07-13T14:45:01+08:00,257
2026-07-13T07:00:05+00:00,2026-07-13T15:00:05+08:00,2026-07-13T14:55:01+08:00,248
2026-07-13T07:10:06+00:00,2026-07-13T15:10:06+08:00,2026-07-13T15:05:01+08:00,248
2026-07-13T07:20:07+00:00,2026-07-13T15:20:07+08:00,2026-07-13T15:15:01+08:00,242
2026-07-13T07:30:06+00:00,2026-07-13T15:30:06+08:00,2026-07-13T15:25:01+08:00,239
2026-07-13T07:40:06+00:00,2026-07-13T15:40:06+08:00,2026-07-13T15:35:02+08:00,236
2026-07-13T07:50:05+00:00,2026-07-13T15:50:05+08:00,2026-07-13T15:45:01+08:00,233
2026-07-13T08:00:06+00:00,2026-07-13T16:00:06+08:00,2026-07-13T15:55:01+08:00,224
2026-07-13T08:10:07+00:00,2026-07-13T16:10:07+08:00,2026-07-13T16:05:01+08:00,224
2026-07-13T08:20:07+00:00,2026-07-13T16:20:07+08:00,2026-07-13T16:15:01+08:00,218
2026-07-13T08:30:05+00:00,2026-07-13T16:30:05+08:00,2026-07-13T16:25:01+08:00,215
2026-07-13T08:40:07+00:00,2026-07-13T16:40:07+08:00,2026-07-13T16:35:01+08:00,212
2026-07-13T08:50:05+00:00,2026-07-13T16:50:05+08:00,2026-07-13T16:45:01+08:00,209
2026-07-13T09:00:07+00:00,2026-07-13T17:00:07+08:00,2026-07-13T16:55:01+08:00,199
2026-07-13T09:10:07+00:00,2026-07-13T17:10:07+08:00,2026-07-13T17:05:01+08:00,199
2026-07-13T09:20:06+00:00,2026-07-13T17:20:06+08:00,2026-07-13T17:15:01+08:00,190
2026-07-13T09:30:06+00:00,2026-07-13T17:30:06+08:00,2026-07-13T17:25:01+08:00,187
2026-07-13T09:40:07+00:00,2026-07-13T17:40:07+08:00,2026-07-13T17:35:01+08:00,184
2026-07-13T09:50:08+00:00,2026-07-13T17:50:08+08:00,2026-07-13T17:45:01+08:00,181
2026-07-13T10:00:07+00:00,2026-07-13T18:00:07+08:00,2026-07-13T17:55:01+08:00,172
2026-07-13T10:10:06+00:00,2026-07-13T18:10:06+08:00,2026-07-13T18:05:01+08:00,169
2026-07-13T10:20:06+00:00,2026-07-13T18:20:06+08:00,2026-07-13T18:15:01+08:00,160
2026-07-13T10:30:06+00:00,2026-07-13T18:30:06+08:00,2026-07-13T18:25:01+08:00,157
2026-07-13T10:40:29+00:00,2026-07-13T18:40:29+08:00,2026-07-13T18:35:01+08:00,150
2026-07-13T10:50:06+00:00,2026-07-13T18:50:06+08:00,2026-07-13T18:45:01+08:00,147
2026-07-13T11:00:06+00:00,2026-07-13T19:00:06+08:00,2026-07-13T18:55:01+08:00,138
2026-07-13T11:10:05+00:00,2026-07-13T19:10:05+08:00,2026-07-13T19:05:01+08:00,134
2026-07-13T11:20:05+00:00,2026-07-13T19:20:05+08:00,2026-07-13T19:15:01+08:00,125
2026-07-13T11:30:05+00:00,2026-07-13T19:30:05+08:00,2026-07-13T19:25:01+08:00,122
2026-07-13T11:40:05+00:00,2026-07-13T19:40:05+08:00,2026-07-13T19:35:01+08:00,119
2026-07-13T11:50:05+00:00,2026-07-13T19:50:05+08:00,2026-07-13T19:45:01+08:00,116
2026-07-13T12:00:06+00:00,2026-07-13T20:00:06+08:00,2026-07-13T19:55:01+08:00,106
2026-07-13T12:10:05+00:00,2026-07-13T20:10:05+08:00,2026-07-13T20:05:02+08:00,106
2026-07-13T12:20:05+00:00,2026-07-13T20:20:05+08:00,2026-07-13T20:15:01+08:00,100
2026-07-13T12:30:06+00:00,2026-07-13T20:30:06+08:00,2026-07-13T20:25:01+08:00,97
2026-07-13T12:40:06+00:00,2026-07-13T20:40:06+08:00,2026-07-13T20:35:01+08:00,91
2026-07-13T12:50:06+00:00,2026-07-13T20:50:06+08:00,2026-07-13T20:45:01+08:00,88
2026-07-13T13:00:05+00:00,2026-07-13T21:00:05+08:00,2026-07-13T20:55:01+08:00,79
2026-07-13T13:10:05+00:00,2026-07-13T21:10:05+08:00,2026-07-13T21:05:01+08:00,79
2026-07-13T13:20:05+00:00,2026-07-13T21:20:05+08:00,2026-07-13T21:15:01+08:00,73
2026-07-13T13:30:05+00:00,2026-07-13T21:30:05+08:00,2026-07-13T21:25:01+08:00,70
2026-07-13T13:40:06+00:00,2026-07-13T21:40:06+08:00,2026-07-13T21:35:01+08:00,64
2026-07-13T13:50:05+00:00,2026-07-13T21:50:05+08:00,2026-07-13T21:45:01+08:00,61
2026-07-13T14:00:06+00:00,2026-07-13T22:00:06+08:00,2026-07-13T21:55:01+08:00,52
2026-07-13T14:10:05+00:00,2026-07-13T22:10:05+08:00,2026-07-13T22:05:01+08:00,52
2026-07-13T14:20:05+00:00,2026-07-13T22:20:05+08:00,2026-07-13T22:15:01+08:00,46
2026-07-13T14:30:06+00:00,2026-07-13T22:30:06+08:00,2026-07-13T22:25:01+08:00,46
2026-07-13T14:40:29+00:00,2026-07-13T22:40:29+08:00,2026-07-13T22:35:01+08:00,43
2026-07-13T14:50:05+00:00,2026-07-13T22:50:05+08:00,2026-07-13T22:45:01+08:00,40
2026-07-13T15:00:06+00:00,2026-07-13T23:00:06+08:00,2026-07-13T22:55:01+08:00,34
2026-07-13T15:10:05+00:00,2026-07-13T23:10:05+08:00,2026-07-13T23:05:02+08:00,34
2026-07-13T15:20:05+00:00,2026-07-13T23:20:05+08:00,2026-07-13T23:15:01+08:00,31
2026-07-13T15:30:05+00:00,2026-07-13T23:30:05+08:00,2026-07-13T23:25:01+08:00,28
2026-07-13T15:40:05+00:00,2026-07-13T23:40:05+08:00,2026-07-13T23:35:01+08:00,24
2026-07-13T16:00:06+00:00,2026-07-14T00:00:06+08:00,2026-07-13T23:50:01+08:00,425
2026-07-13T16:10:05+00:00,2026-07-14T00:10:05+08:00,2026-07-13T23:50:01+08:00,425
2026-07-13T16:20:05+00:00,2026-07-14T00:20:05+08:00,2026-07-13T23:50:01+08:00,425
2026-07-13T16:30:07+00:00,2026-07-14T00:30:07+08:00,2026-07-13T23:50:01+08:00,425
2026-07-13T16:40:07+00:00,2026-07-14T00:40:07+08:00,2026-07-13T23:50:01+08:00,425
2026-07-13T17:00:05+00:00,2026-07-14T01:00:05+08:00,2026-07-13T23:50:01+08:00,425
2026-07-13T17:20:06+00:00,2026-07-14T01:20:06+08:00,2026-07-13T23:50:01+08:00,425
2026-07-13T17:40:06+00:00,2026-07-14T01:40:06+08:00,2026-07-13T23:50:01+08:00,425
2026-07-13T18:00:06+00:00,2026-07-14T02:00:06+08:00,2026-07-13T23:50:01+08:00,425
2026-07-13T18:20:06+00:00,2026-07-14T02:20:06+08:00,2026-07-13T23:50:01+08:00,425
2026-07-13T18:40:26+00:00,2026-07-14T02:40:26+08:00,2026-07-13T23:50:01+08:00,425
2026-07-13T19:00:06+00:00,2026-07-14T03:00:06+08:00,2026-07-13T23:50:01+08:00,425
2026-07-13T19:20:05+00:00,2026-07-14T03:20:05+08:00,2026-07-13T23:50:01+08:00,425
2026-07-13T19:40:07+00:00,2026-07-14T03:40:07+08:00,2026-07-13T23:50:01+08:00,425
2026-07-13T20:00:06+00:00,2026-07-14T04:00:06+08:00,2026-07-13T23:50:01+08:00,425
2026-07-13T20:20:06+00:00,2026-07-14T04:20:06+08:00,2026-07-13T23:50:01+08:00,425
2026-07-13T20:40:06+00:00,2026-07-14T04:40:06+08:00,2026-07-13T23:50:01+08:00,425
2026-07-13T20:55:06+00:00,2026-07-14T04:55:06+08:00,2026-07-13T23:50:01+08:00,425
2026-07-13T20:56:05+00:00,2026-07-14T04:56:05+08:00,2026-07-13T23:50:01+08:00,425
2026-07-13T20:57:05+00:00,2026-07-14T04:57:05+08:00,2026-07-13T23:50:01+08:00,425
2026-07-13T20:58:05+00:00,2026-07-14T04:58:05+08:00,2026-07-13T23:50:01+08:00,425
2026-07-13T20:59:05+00:00,2026-07-14T04:59:05+08:00,2026-07-13T23:50:01+08:00,425
2026-07-13T21:00:05+00:00,2026-07-14T05:00:05+08:00,2026-07-13T23:50:01+08:00,425
2026-07-13T21:01:06+00:00,2026-07-14T05:01:06+08:00,2026-07-13T23:50:01+08:00,425
2026-07-13T21:02:05+00:00,2026-07-14T05:02:05+08:00,2026-07-13T23:50:01+08:00,425
2026-07-13T21:03:05+00:00,2026-07-14T05:03:05+08:00,2026-07-13T23:50:01+08:00,425
2026-07-13T21:04:05+00:00,2026-07-14T05:04:05+08:00,2026-07-13T23:50:01+08:00,425
2026-07-13T21:05:06+00:00,2026-07-14T05:05:06+08:00,2026-07-14T05:00:01+08:00,425
2026-07-13T21:06:05+00:00,2026-07-14T05:06:05+08:00,2026-07-14T05:00:01+08:00,425
2026-07-13T21:07:30+00:00,2026-07-14T05:07:30+08:00,2026-07-14T05:00:01+08:00,425
2026-07-13T21:08:05+00:00,2026-07-14T05:08:05+08:00,2026-07-14T05:00:01+08:00,425
2026-07-13T21:09:05+00:00,2026-07-14T05:09:05+08:00,2026-07-14T05:00:01+08:00,425
2026-07-13T21:10:05+00:00,2026-07-14T05:10:05+08:00,2026-07-14T05:05:01+08:00,425
2026-07-13T21:11:05+00:00,2026-07-14T05:11:05+08:00,2026-07-14T05:05:01+08:00,425
2026-07-13T21:12:05+00:00,2026-07-14T05:12:05+08:00,2026-07-14T05:05:01+08:00,425
2026-07-13T21:13:05+00:00,2026-07-14T05:13:05+08:00,2026-07-14T05:05:01+08:00,425
2026-07-13T21:14:05+00:00,2026-07-14T05:14:05+08:00,2026-07-14T05:05:01+08:00,425
2026-07-13T21:15:27+00:00,2026-07-14T05:15:27+08:00,2026-07-14T05:10:01+08:00,425
2026-07-13T21:16:05+00:00,2026-07-14T05:16:05+08:00,2026-07-14T05:10:01+08:00,425
2026-07-13T21:17:05+00:00,2026-07-14T05:17:05+08:00,2026-07-14T05:10:01+08:00,425
2026-07-13T21:18:05+00:00,2026-07-14T05:18:05+08:00,2026-07-14T05:10:01+08:00,425
2026-07-13T21:19:05+00:00,2026-07-14T05:19:05+08:00,2026-07-14T05:10:01+08:00,425
2026-07-13T21:20:05+00:00,2026-07-14T05:20:05+08:00,2026-07-14T05:15:01+08:00,425
2026-07-13T21:21:06+00:00,2026-07-14T05:21:06+08:00,2026-07-14T05:15:01+08:00,425
2026-07-13T21:22:05+00:00,2026-07-14T05:22:05+08:00,2026-07-14T05:15:01+08:00,425
2026-07-13T21:23:05+00:00,2026-07-14T05:23:05+08:00,2026-07-14T05:15:01+08:00,425
2026-07-13T21:24:05+00:00,2026-07-14T05:24:05+08:00,2026-07-14T05:15:01+08:00,425
2026-07-13T21:25:05+00:00,2026-07-14T05:25:05+08:00,2026-07-14T05:20:01+08:00,425
2026-07-13T21:26:05+00:00,2026-07-14T05:26:05+08:00,2026-07-14T05:20:01+08:00,425
2026-07-13T21:27:29+00:00,2026-07-14T05:27:29+08:00,2026-07-14T05:20:01+08:00,425
2026-07-13T21:28:05+00:00,2026-07-14T05:28:05+08:00,2026-07-14T05:20:01+08:00,425
2026-07-13T21:29:05+00:00,2026-07-14T05:29:05+08:00,2026-07-14T05:20:01+08:00,425
2026-07-13T21:30:05+00:00,2026-07-14T05:30:05+08:00,2026-07-14T05:25:01+08:00,425
2026-07-13T21:31:05+00:00,2026-07-14T05:31:05+08:00,2026-07-14T05:25:01+08:00,425
2026-07-13T21:32:05+00:00,2026-07-14T05:32:05+08:00,2026-07-14T05:25:01+08:00,425
2026-07-13T21:33:05+00:00,2026-07-14T05:33:05+08:00,2026-07-14T05:25:01+08:00,425
2026-07-13T21:34:05+00:00,2026-07-14T05:34:05+08:00,2026-07-14T05:25:01+08:00,425
2026-07-13T21:35:05+00:00,2026-07-14T05:35:05+08:00,2026-07-14T05:30:01+08:00,425
2026-07-13T21:36:05+00:00,2026-07-14T05:36:05+08:00,2026-07-14T05:30:01+08:00,425
2026-07-13T21:37:30+00:00,2026-07-14T05:37:30+08:00,2026-07-14T05:30:01+08:00,425
2026-07-13T21:38:05+00:00,2026-07-14T05:38:05+08:00,2026-07-14T05:30:01+08:00,425
2026-07-13T21:39:05+00:00,2026-07-14T05:39:05+08:00,2026-07-14T05:30:01+08:00,425
2026-07-13T21:40:05+00:00,2026-07-14T05:40:05+08:00,2026-07-14T05:35:01+08:00,425
2026-07-13T21:50:05+00:00,2026-07-14T05:50:05+08:00,2026-07-14T05:45:01+08:00,425
2026-07-13T22:00:05+00:00,2026-07-14T06:00:05+08:00,2026-07-14T05:55:01+08:00,425
2026-07-13T22:10:05+00:00,2026-07-14T06:10:05+08:00,2026-07-14T06:05:01+08:00,425
2026-07-13T22:20:05+00:00,2026-07-14T06:20:05+08:00,2026-07-14T06:15:02+08:00,425
2026-07-13T22:30:06+00:00,2026-07-14T06:30:06+08:00,2026-07-14T06:25:02+08:00,425
2026-07-13T22:40:26+00:00,2026-07-14T06:40:26+08:00,2026-07-14T06:35:01+08:00,425
2026-07-13T22:50:05+00:00,2026-07-14T06:50:05+08:00,2026-07-14T06:45:02+08:00,425
2026-07-13T23:00:05+00:00,2026-07-14T07:00:05+08:00,2026-07-14T06:55:02+08:00,425
2026-07-13T23:10:05+00:00,2026-07-14T07:10:05+08:00,2026-07-14T07:05:01+08:00,425
2026-07-13T23:20:06+00:00,2026-07-14T07:20:06+08:00,2026-07-14T07:15:01+08:00,425
2026-07-13T23:30:06+00:00,2026-07-14T07:30:06+08:00,2026-07-14T07:25:01+08:00,424
2026-07-13T23:40:06+00:00,2026-07-14T07:40:06+08:00,2026-07-14T07:35:01+08:00,423
2026-07-13T23:50:05+00:00,2026-07-14T07:50:05+08:00,2026-07-14T07:45:01+08:00,423
2026-07-14T00:00:05+00:00,2026-07-14T08:00:05+08:00,2026-07-14T07:55:01+08:00,422
2026-07-14T00:10:05+00:00,2026-07-14T08:10:05+08:00,2026-07-14T08:05:01+08:00,419
2026-07-14T00:20:05+00:00,2026-07-14T08:20:05+08:00,2026-07-14T08:15:01+08:00,418
2026-07-14T00:30:06+00:00,2026-07-14T08:30:06+08:00,2026-07-14T08:25:01+08:00,412
2026-07-14T00:40:05+00:00,2026-07-14T08:40:05+08:00,2026-07-14T08:35:01+08:00,411
2026-07-14T00:50:05+00:00,2026-07-14T08:50:05+08:00,2026-07-14T08:45:01+08:00,405
2026-07-14T01:00:05+00:00,2026-07-14T09:00:05+08:00,2026-07-14T08:55:01+08:00,395
2026-07-14T01:10:05+00:00,2026-07-14T09:10:05+08:00,2026-07-14T09:05:01+08:00,392
2026-07-14T01:20:05+00:00,2026-07-14T09:20:05+08:00,2026-07-14T09:15:01+08:00,383
2026-07-14T01:30:06+00:00,2026-07-14T09:30:06+08:00,2026-07-14T09:25:01+08:00,383
2026-07-14T01:40:05+00:00,2026-07-14T09:40:05+08:00,2026-07-14T09:35:01+08:00,376
2026-07-14T01:50:06+00:00,2026-07-14T09:50:06+08:00,2026-07-14T09:45:01+08:00,373
2026-07-14T02:00:05+00:00,2026-07-14T10:00:05+08:00,2026-07-14T09:55:01+08:00,364
2026-07-14T02:10:05+00:00,2026-07-14T10:10:05+08:00,2026-07-14T10:05:01+08:00,361
2026-07-14T02:20:06+00:00,2026-07-14T10:20:06+08:00,2026-07-14T10:15:01+08:00,355
2026-07-14T02:30:06+00:00,2026-07-14T10:30:06+08:00,2026-07-14T10:25:01+08:00,352
2026-07-14T02:40:26+00:00,2026-07-14T10:40:26+08:00,2026-07-14T10:35:01+08:00,349
2026-07-14T02:50:05+00:00,2026-07-14T10:50:05+08:00,2026-07-14T10:45:01+08:00,346
2026-07-14T03:00:06+00:00,2026-07-14T11:00:06+08:00,2026-07-14T10:55:01+08:00,337
2026-07-14T03:10:05+00:00,2026-07-14T11:10:05+08:00,2026-07-14T11:05:01+08:00,334
2026-07-14T03:20:05+00:00,2026-07-14T11:20:05+08:00,2026-07-14T11:15:01+08:00,328
2026-07-14T03:30:06+00:00,2026-07-14T11:30:06+08:00,2026-07-14T11:25:01+08:00,325
2026-07-14T03:40:06+00:00,2026-07-14T11:40:06+08:00,2026-07-14T11:35:01+08:00,322
2026-07-14T04:00:06+00:00,2026-07-14T12:00:06+08:00,2026-07-14T11:55:01+08:00,310
2026-07-14T04:10:06+00:00,2026-07-14T12:10:06+08:00,2026-07-14T12:05:01+08:00,310
2026-07-14T04:20:07+00:00,2026-07-14T12:20:07+08:00,2026-07-14T12:15:01+08:00,304
2026-07-14T04:30:06+00:00,2026-07-14T12:30:06+08:00,2026-07-14T12:25:01+08:00,301
2026-07-14T04:40:05+00:00,2026-07-14T12:40:05+08:00,2026-07-14T12:35:01+08:00,298
2026-07-14T04:50:06+00:00,2026-07-14T12:50:06+08:00,2026-07-14T12:45:01+08:00,295
2026-07-14T05:00:05+00:00,2026-07-14T13:00:05+08:00,2026-07-14T12:55:01+08:00,286
2026-07-14T05:10:05+00:00,2026-07-14T13:10:05+08:00,2026-07-14T13:05:01+08:00,286
2026-07-14T05:20:05+00:00,2026-07-14T13:20:05+08:00,2026-07-14T13:15:01+08:00,280
2026-07-14T05:30:06+00:00,2026-07-14T13:30:06+08:00,2026-07-14T13:25:01+08:00,280
2026-07-14T05:40:06+00:00,2026-07-14T13:40:06+08:00,2026-07-14T13:35:01+08:00,277
2026-07-14T05:50:07+00:00,2026-07-14T13:50:07+08:00,2026-07-14T13:45:01+08:00,274
2026-07-14T06:00:05+00:00,2026-07-14T14:00:05+08:00,2026-07-14T13:55:01+08:00,268
2026-07-14T06:10:05+00:00,2026-07-14T14:10:05+08:00,2026-07-14T14:05:01+08:00,268
2026-07-14T06:20:06+00:00,2026-07-14T14:20:06+08:00,2026-07-14T14:15:01+08:00,262
2026-07-14T06:30:06+00:00,2026-07-14T14:30:06+08:00,2026-07-14T14:25:02+08:00,259
2026-07-14T06:40:28+00:00,2026-07-14T14:40:28+08:00,2026-07-14T14:35:01+08:00,256
2026-07-14T06:50:05+00:00,2026-07-14T14:50:05+08:00,2026-07-14T14:45:01+08:00,253
2026-07-14T07:00:11+00:00,2026-07-14T15:00:11+08:00,2026-07-14T14:55:01+08:00,244
2026-07-14T07:10:05+00:00,2026-07-14T15:10:05+08:00,2026-07-14T15:05:01+08:00,244
2026-07-14T07:20:05+00:00,2026-07-14T15:20:05+08:00,2026-07-14T15:15:01+08:00,238
2026-07-14T07:30:06+00:00,2026-07-14T15:30:06+08:00,2026-07-14T15:25:01+08:00,235
2026-07-14T07:40:05+00:00,2026-07-14T15:40:05+08:00,2026-07-14T15:35:01+08:00,232
2026-07-14T07:50:05+00:00,2026-07-14T15:50:05+08:00,2026-07-14T15:45:01+08:00,229
2026-07-14T08:00:05+00:00,2026-07-14T16:00:05+08:00,2026-07-14T15:55:01+08:00,220
2026-07-14T08:10:05+00:00,2026-07-14T16:10:05+08:00,2026-07-14T16:05:01+08:00,220
2026-07-14T08:20:05+00:00,2026-07-14T16:20:05+08:00,2026-07-14T16:15:01+08:00,214
2026-07-14T08:30:06+00:00,2026-07-14T16:30:06+08:00,2026-07-14T16:25:01+08:00,211
2026-07-14T08:40:06+00:00,2026-07-14T16:40:06+08:00,2026-07-14T16:35:01+08:00,208
2026-07-14T08:50:05+00:00,2026-07-14T16:50:05+08:00,2026-07-14T16:45:01+08:00,205
2026-07-14T09:00:06+00:00,2026-07-14T17:00:06+08:00,2026-07-14T16:55:01+08:00,196
2026-07-14T09:10:05+00:00,2026-07-14T17:10:05+08:00,2026-07-14T17:05:01+08:00,196
2026-07-14T09:20:05+00:00,2026-07-14T17:20:05+08:00,2026-07-14T17:15:01+08:00,187
2026-07-14T09:30:07+00:00,2026-07-14T17:30:07+08:00,2026-07-14T17:25:01+08:00,184
2026-07-14T09:40:10+00:00,2026-07-14T17:40:10+08:00,2026-07-14T17:35:01+08:00,181
2026-07-14T09:50:06+00:00,2026-07-14T17:50:06+08:00,2026-07-14T17:45:01+08:00,178
2026-07-14T10:00:05+00:00,2026-07-14T18:00:05+08:00,2026-07-14T17:55:01+08:00,169
2026-07-14T10:10:05+00:00,2026-07-14T18:10:05+08:00,2026-07-14T18:05:01+08:00,166
2026-07-14T10:20:05+00:00,2026-07-14T18:20:05+08:00,2026-07-14T18:15:01+08:00,157
2026-07-14T10:30:05+00:00,2026-07-14T18:30:05+08:00,2026-07-14T18:25:01+08:00,154
2026-07-14T10:40:25+00:00,2026-07-14T18:40:25+08:00,2026-07-14T18:35:01+08:00,147
2026-07-14T10:50:05+00:00,2026-07-14T18:50:05+08:00,2026-07-14T18:45:01+08:00,144
2026-07-14T11:00:05+00:00,2026-07-14T19:00:05+08:00,2026-07-14T18:55:01+08:00,135
2026-07-14T11:10:05+00:00,2026-07-14T19:10:05+08:00,2026-07-14T19:05:01+08:00,131
2026-07-14T11:20:07+00:00,2026-07-14T19:20:07+08:00,2026-07-14T19:15:01+08:00,122
2026-07-14T11:30:05+00:00,2026-07-14T19:30:05+08:00,2026-07-14T19:25:01+08:00,119
2026-07-14T11:40:05+00:00,2026-07-14T19:40:05+08:00,2026-07-14T19:35:01+08:00,116
2026-07-14T11:50:05+00:00,2026-07-14T19:50:05+08:00,2026-07-14T19:45:01+08:00,113
2026-07-14T12:00:05+00:00,2026-07-14T20:00:05+08:00,2026-07-14T19:55:01+08:00,103
2026-07-14T12:10:05+00:00,2026-07-14T20:10:05+08:00,2026-07-14T20:05:01+08:00,103
2026-07-14T12:20:05+00:00,2026-07-14T20:20:05+08:00,2026-07-14T20:15:01+08:00,97
2026-07-14T12:30:06+00:00,2026-07-14T20:30:06+08:00,2026-07-14T20:25:01+08:00,94
2026-07-14T12:40:06+00:00,2026-07-14T20:40:06+08:00,2026-07-14T20:35:01+08:00,88
2026-07-14T12:50:05+00:00,2026-07-14T20:50:05+08:00,2026-07-14T20:45:01+08:00,85
2026-07-14T13:00:06+00:00,2026-07-14T21:00:06+08:00,2026-07-14T20:55:01+08:00,76
2026-07-14T13:10:05+00:00,2026-07-14T21:10:05+08:00,2026-07-14T21:05:01+08:00,76
2026-07-14T13:20:05+00:00,2026-07-14T21:20:05+08:00,2026-07-14T21:15:01+08:00,70
2026-07-14T13:30:05+00:00,2026-07-14T21:30:05+08:00,2026-07-14T21:25:01+08:00,67
2026-07-14T13:40:05+00:00,2026-07-14T21:40:05+08:00,2026-07-14T21:35:01+08:00,61
2026-07-14T13:50:05+00:00,2026-07-14T21:50:05+08:00,2026-07-14T21:45:01+08:00,58
2026-07-14T14:00:05+00:00,2026-07-14T22:00:05+08:00,2026-07-14T21:55:01+08:00,52
2026-07-14T14:10:05+00:00,2026-07-14T22:10:05+08:00,2026-07-14T22:05:01+08:00,52
2026-07-14T14:20:05+00:00,2026-07-14T22:20:05+08:00,2026-07-14T22:15:01+08:00,46
2026-07-14T14:30:05+00:00,2026-07-14T22:30:05+08:00,2026-07-14T22:25:01+08:00,46
2026-07-14T14:40:25+00:00,2026-07-14T22:40:25+08:00,2026-07-14T22:35:01+08:00,43
2026-07-14T14:50:05+00:00,2026-07-14T22:50:05+08:00,2026-07-14T22:45:01+08:00,40
2026-07-14T15:00:05+00:00,2026-07-14T23:00:05+08:00,2026-07-14T22:55:01+08:00,34
2026-07-14T15:10:05+00:00,2026-07-14T23:10:05+08:00,2026-07-14T23:05:01+08:00,34
2026-07-14T15:20:06+00:00,2026-07-14T23:20:06+08:00,2026-07-14T23:15:01+08:00,31
2026-07-14T15:30:06+00:00,2026-07-14T23:30:06+08:00,2026-07-14T23:25:01+08:00,28
2026-07-14T15:40:06+00:00,2026-07-14T23:40:06+08:00,2026-07-14T23:35:01+08:00,24
2026-07-14T16:00:05+00:00,2026-07-15T00:00:05+08:00,2026-07-14T23:50:02+08:00,425
2026-07-14T16:10:06+00:00,2026-07-15T00:10:06+08:00,2026-07-14T23:50:02+08:00,425
2026-07-14T16:20:05+00:00,2026-07-15T00:20:05+08:00,2026-07-14T23:50:02+08:00,425
2026-07-14T16:30:05+00:00,2026-07-15T00:30:05+08:00,2026-07-14T23:50:02+08:00,425
2026-07-14T16:40:05+00:00,2026-07-15T00:40:05+08:00,2026-07-14T23:50:02+08:00,425
2026-07-14T17:00:06+00:00,2026-07-15T01:00:06+08:00,2026-07-14T23:50:02+08:00,425
2026-07-14T17:20:05+00:00,2026-07-15T01:20:05+08:00,2026-07-14T23:50:02+08:00,425
2026-07-14T17:40:07+00:00,2026-07-15T01:40:07+08:00,2026-07-14T23:50:02+08:00,425
2026-07-14T18:00:05+00:00,2026-07-15T02:00:05+08:00,2026-07-14T23:50:02+08:00,425
2026-07-14T18:20:05+00:00,2026-07-15T02:20:05+08:00,2026-07-14T23:50:02+08:00,425
2026-07-14T18:40:25+00:00,2026-07-15T02:40:25+08:00,2026-07-14T23:50:02+08:00,425
2026-07-14T19:00:05+00:00,2026-07-15T03:00:05+08:00,2026-07-14T23:50:02+08:00,425
2026-07-14T19:20:05+00:00,2026-07-15T03:20:05+08:00,2026-07-14T23:50:02+08:00,425
2026-07-14T19:40:06+00:00,2026-07-15T03:40:06+08:00,2026-07-14T23:50:02+08:00,425
2026-07-14T20:00:05+00:00,2026-07-15T04:00:05+08:00,2026-07-14T23:50:02+08:00,425
2026-07-14T20:20:05+00:00,2026-07-15T04:20:05+08:00,2026-07-14T23:50:02+08:00,425
2026-07-14T20:40:05+00:00,2026-07-15T04:40:05+08:00,2026-07-14T23:50:02+08:00,425
2026-07-14T20:55:04+00:00,2026-07-15T04:55:04+08:00,2026-07-14T23:50:02+08:00,425
2026-07-14T20:56:05+00:00,2026-07-15T04:56:05+08:00,2026-07-14T23:50:02+08:00,425
2026-07-14T20:57:05+00:00,2026-07-15T04:57:05+08:00,2026-07-14T23:50:02+08:00,425
2026-07-14T20:58:05+00:00,2026-07-15T04:58:05+08:00,2026-07-14T23:50:02+08:00,425
2026-07-14T20:59:05+00:00,2026-07-15T04:59:05+08:00,2026-07-14T23:50:02+08:00,425
2026-07-14T21:00:05+00:00,2026-07-15T05:00:05+08:00,2026-07-14T23:50:02+08:00,425
2026-07-14T21:01:05+00:00,2026-07-15T05:01:05+08:00,2026-07-14T23:50:02+08:00,425
2026-07-14T21:02:05+00:00,2026-07-15T05:02:05+08:00,2026-07-14T23:50:02+08:00,425
2026-07-14T21:03:05+00:00,2026-07-15T05:03:05+08:00,2026-07-14T23:50:02+08:00,425
2026-07-14T21:04:05+00:00,2026-07-15T05:04:05+08:00,2026-07-14T23:50:02+08:00,425
2026-07-14T21:05:05+00:00,2026-07-15T05:05:05+08:00,2026-07-15T05:00:01+08:00,425
2026-07-14T21:06:05+00:00,2026-07-15T05:06:05+08:00,2026-07-15T05:00:01+08:00,425
2026-07-14T21:07:28+00:00,2026-07-15T05:07:28+08:00,2026-07-15T05:00:01+08:00,425
2026-07-14T21:08:05+00:00,2026-07-15T05:08:05+08:00,2026-07-15T05:00:01+08:00,425
2026-07-14T21:09:05+00:00,2026-07-15T05:09:05+08:00,2026-07-15T05:00:01+08:00,425
2026-07-14T21:10:05+00:00,2026-07-15T05:10:05+08:00,2026-07-15T05:05:01+08:00,425
2026-07-14T21:11:05+00:00,2026-07-15T05:11:05+08:00,2026-07-15T05:05:01+08:00,425
2026-07-14T21:12:05+00:00,2026-07-15T05:12:05+08:00,2026-07-15T05:05:01+08:00,425
2026-07-14T21:13:05+00:00,2026-07-15T05:13:05+08:00,2026-07-15T05:05:01+08:00,425
2026-07-14T21:14:05+00:00,2026-07-15T05:14:05+08:00,2026-07-15T05:05:01+08:00,425
2026-07-14T21:15:04+00:00,2026-07-15T05:15:04+08:00,2026-07-15T05:10:01+08:00,425
2026-07-14T21:16:05+00:00,2026-07-15T05:16:05+08:00,2026-07-15T05:10:01+08:00,425
2026-07-14T21:17:27+00:00,2026-07-15T05:17:27+08:00,2026-07-15T05:10:01+08:00,425
2026-07-14T21:18:07+00:00,2026-07-15T05:18:07+08:00,2026-07-15T05:10:01+08:00,425
2026-07-14T21:19:10+00:00,2026-07-15T05:19:10+08:00,2026-07-15T05:10:01+08:00,425
2026-07-14T21:20:08+00:00,2026-07-15T05:20:08+08:00,2026-07-15T05:15:01+08:00,425
2026-07-14T21:21:11+00:00,2026-07-15T05:21:11+08:00,2026-07-15T05:15:01+08:00,425
2026-07-14T21:22:05+00:00,2026-07-15T05:22:05+08:00,2026-07-15T05:15:01+08:00,425
2026-07-14T21:23:05+00:00,2026-07-15T05:23:05+08:00,2026-07-15T05:15:01+08:00,425
2026-07-14T21:24:05+00:00,2026-07-15T05:24:05+08:00,2026-07-15T05:15:01+08:00,425
2026-07-14T21:25:06+00:00,2026-07-15T05:25:06+08:00,2026-07-15T05:20:01+08:00,425
2026-07-14T21:26:06+00:00,2026-07-15T05:26:06+08:00,2026-07-15T05:20:01+08:00,425
2026-07-14T21:27:30+00:00,2026-07-15T05:27:30+08:00,2026-07-15T05:20:01+08:00,425
2026-07-14T21:28:05+00:00,2026-07-15T05:28:05+08:00,2026-07-15T05:20:01+08:00,425
2026-07-14T21:29:05+00:00,2026-07-15T05:29:05+08:00,2026-07-15T05:20:01+08:00,425
2026-07-14T21:30:05+00:00,2026-07-15T05:30:05+08:00,2026-07-15T05:25:01+08:00,425
2026-07-14T21:31:05+00:00,2026-07-15T05:31:05+08:00,2026-07-15T05:25:01+08:00,425
2026-07-14T21:32:07+00:00,2026-07-15T05:32:07+08:00,2026-07-15T05:25:01+08:00,425
2026-07-14T21:33:05+00:00,2026-07-15T05:33:05+08:00,2026-07-15T05:25:01+08:00,425
2026-07-14T21:34:05+00:00,2026-07-15T05:34:05+08:00,2026-07-15T05:25:01+08:00,425
2026-07-14T21:35:05+00:00,2026-07-15T05:35:05+08:00,2026-07-15T05:30:01+08:00,425
2026-07-14T21:36:05+00:00,2026-07-15T05:36:05+08:00,2026-07-15T05:30:01+08:00,425
2026-07-14T21:37:04+00:00,2026-07-15T05:37:04+08:00,2026-07-15T05:30:01+08:00,425
2026-07-14T21:38:05+00:00,2026-07-15T05:38:05+08:00,2026-07-15T05:30:01+08:00,425
2026-07-14T21:39:05+00:00,2026-07-15T05:39:05+08:00,2026-07-15T05:30:01+08:00,425
2026-07-14T21:40:05+00:00,2026-07-15T05:40:05+08:00,2026-07-15T05:35:01+08:00,425
2026-07-14T21:50:04+00:00,2026-07-15T05:50:04+08:00,2026-07-15T05:45:01+08:00,425
2026-07-14T22:00:05+00:00,2026-07-15T06:00:05+08:00,2026-07-15T05:55:01+08:00,425
2026-07-14T22:10:05+00:00,2026-07-15T06:10:05+08:00,2026-07-15T06:05:01+08:00,425
2026-07-14T22:20:05+00:00,2026-07-15T06:20:05+08:00,2026-07-15T06:15:01+08:00,425
2026-07-14T22:30:05+00:00,2026-07-15T06:30:05+08:00,2026-07-15T06:25:01+08:00,425
2026-07-14T22:40:24+00:00,2026-07-15T06:40:24+08:00,2026-07-15T06:35:01+08:00,425
2026-07-14T22:50:05+00:00,2026-07-15T06:50:05+08:00,2026-07-15T06:45:02+08:00,425
2026-07-14T23:00:05+00:00,2026-07-15T07:00:05+08:00,2026-07-15T06:55:01+08:00,425
2026-07-14T23:10:05+00:00,2026-07-15T07:10:05+08:00,2026-07-15T07:05:01+08:00,425
2026-07-14T23:20:05+00:00,2026-07-15T07:20:05+08:00,2026-07-15T07:15:01+08:00,425
2026-07-14T23:30:07+00:00,2026-07-15T07:30:07+08:00,2026-07-15T07:25:01+08:00,424
2026-07-14T23:40:05+00:00,2026-07-15T07:40:05+08:00,2026-07-15T07:35:01+08:00,423
2026-07-14T23:50:05+00:00,2026-07-15T07:50:05+08:00,2026-07-15T07:45:01+08:00,423
2026-07-15T00:00:05+00:00,2026-07-15T08:00:05+08:00,2026-07-15T07:55:01+08:00,422
2026-07-15T00:10:05+00:00,2026-07-15T08:10:05+08:00,2026-07-15T08:05:01+08:00,419
2026-07-15T00:20:06+00:00,2026-07-15T08:20:06+08:00,2026-07-15T08:15:01+08:00,418
2026-07-15T00:30:05+00:00,2026-07-15T08:30:05+08:00,2026-07-15T08:25:01+08:00,412
2026-07-15T00:40:05+00:00,2026-07-15T08:40:05+08:00,2026-07-15T08:35:01+08:00,411
2026-07-15T00:50:05+00:00,2026-07-15T08:50:05+08:00,2026-07-15T08:45:01+08:00,405
2026-07-15T01:00:05+00:00,2026-07-15T09:00:05+08:00,2026-07-15T08:55:01+08:00,395
2026-07-15T01:10:06+00:00,2026-07-15T09:10:06+08:00,2026-07-15T09:05:01+08:00,392
2026-07-15T01:20:05+00:00,2026-07-15T09:20:05+08:00,2026-07-15T09:15:01+08:00,383
2026-07-15T01:30:05+00:00,2026-07-15T09:30:05+08:00,2026-07-15T09:25:01+08:00,383
2026-07-15T01:40:05+00:00,2026-07-15T09:40:05+08:00,2026-07-15T09:35:01+08:00,376
2026-07-15T01:50:05+00:00,2026-07-15T09:50:05+08:00,2026-07-15T09:45:01+08:00,373
2026-07-15T02:00:05+00:00,2026-07-15T10:00:05+08:00,2026-07-15T09:55:01+08:00,364
2026-07-15T02:10:05+00:00,2026-07-15T10:10:05+08:00,2026-07-15T10:05:01+08:00,361
2026-07-15T02:20:05+00:00,2026-07-15T10:20:05+08:00,2026-07-15T10:15:01+08:00,355
2026-07-15T02:30:07+00:00,2026-07-15T10:30:07+08:00,2026-07-15T10:25:01+08:00,352
2026-07-15T02:40:25+00:00,2026-07-15T10:40:25+08:00,2026-07-15T10:35:01+08:00,349
2026-07-15T02:50:05+00:00,2026-07-15T10:50:05+08:00,2026-07-15T10:45:01+08:00,346
2026-07-15T03:00:05+00:00,2026-07-15T11:00:05+08:00,2026-07-15T10:55:01+08:00,337
2026-07-15T03:10:05+00:00,2026-07-15T11:10:05+08:00,2026-07-15T11:05:01+08:00,334
2026-07-15T03:20:05+00:00,2026-07-15T11:20:05+08:00,2026-07-15T11:15:01+08:00,328
2026-07-15T03:30:05+00:00,2026-07-15T11:30:05+08:00,2026-07-15T11:25:01+08:00,325
2026-07-15T03:40:06+00:00,2026-07-15T11:40:06+08:00,2026-07-15T11:35:01+08:00,322
2026-07-15T04:00:05+00:00,2026-07-15T12:00:05+08:00,2026-07-15T11:55:01+08:00,310
2026-07-15T04:10:05+00:00,2026-07-15T12:10:05+08:00,2026-07-15T12:05:01+08:00,310
2026-07-15T04:20:05+00:00,2026-07-15T12:20:05+08:00,2026-07-15T12:15:01+08:00,304
2026-07-15T04:30:06+00:00,2026-07-15T12:30:06+08:00,2026-07-15T12:25:01+08:00,301
2026-07-15T04:40:07+00:00,2026-07-15T12:40:07+08:00,2026-07-15T12:35:01+08:00,298
2026-07-15T04:50:05+00:00,2026-07-15T12:50:05+08:00,2026-07-15T12:45:01+08:00,295
2026-07-15T05:00:05+00:00,2026-07-15T13:00:05+08:00,2026-07-15T12:55:01+08:00,286
2026-07-15T05:10:07+00:00,2026-07-15T13:10:07+08:00,2026-07-15T13:05:01+08:00,286
2026-07-15T05:20:05+00:00,2026-07-15T13:20:05+08:00,2026-07-15T13:15:01+08:00,280
2026-07-15T05:30:05+00:00,2026-07-15T13:30:05+08:00,2026-07-15T13:25:01+08:00,280
2026-07-17T21:17:44+00:00,2026-07-18T05:17:44+08:00,2026-07-18T05:10:01+08:00,466
2026-07-17T22:48:15+00:00,2026-07-18T06:48:15+08:00,2026-07-18T06:40:02+08:00,466
2026-07-17T23:38:14+00:00,2026-07-18T07:38:14+08:00,2026-07-18T07:30:01+08:00,465
2026-07-18T01:04:16+00:00,2026-07-18T09:04:16+08:00,2026-07-18T08:55:01+08:00,440
2026-07-18T04:11:41+00:00,2026-07-18T12:11:41+08:00,2026-07-18T12:05:01+08:00,337
2026-07-18T06:22:25+00:00,2026-07-18T14:22:25+08:00,2026-07-18T14:15:01+08:00,268
2026-07-18T08:18:42+00:00,2026-07-18T16:18:42+08:00,2026-07-18T16:10:01+08:00,214
2026-07-18T09:50:28+00:00,2026-07-18T17:50:28+08:00,2026-07-18T17:45:01+08:00,175
2026-07-18T11:01:29+00:00,2026-07-18T19:01:29+08:00,2026-07-18T18:55:01+08:00,133
2026-07-18T12:01:45+00:00,2026-07-18T20:01:45+08:00,2026-07-18T19:55:01+08:00,109
2026-07-18T13:43:53+00:00,2026-07-18T21:43:53+08:00,2026-07-18T21:35:01+08:00,70
2026-07-18T14:40:57+00:00,2026-07-18T22:40:57+08:00,2026-07-18T22:35:01+08:00,46
2026-07-18T15:40:01+00:00,2026-07-18T23:40:01+08:00,2026-07-18T23:35:01+08:00,24
2026-07-18T16:36:24+00:00,2026-07-19T00:36:24+08:00,2026-07-18T23:50:02+08:00,505
2026-07-18T17:38:29+00:00,2026-07-19T01:38:29+08:00,2026-07-18T23:50:02+08:00,505
2026-07-18T17:45:35+00:00,2026-07-19T01:45:35+08:00,2026-07-18T23:50:02+08:00,505
2026-07-18T18:44:30+00:00,2026-07-19T02:44:30+08:00,2026-07-18T23:50:02+08:00,505
2026-07-18T19:58:31+00:00,2026-07-19T03:58:31+08:00,2026-07-18T23:50:02+08:00,505
2026-07-18T20:43:01+00:00,2026-07-19T04:43:01+08:00,2026-07-18T23:50:02+08:00,505
2026-07-18T21:33:50+00:00,2026-07-19T05:33:50+08:00,2026-07-19T05:25:01+08:00,505
2026-07-18T21:34:52+00:00,2026-07-19T05:34:52+08:00,2026-07-19T05:30:01+08:00,505
2026-07-18T21:35:54+00:00,2026-07-19T05:35:54+08:00,2026-07-19T05:30:01+08:00,505
2026-07-18T21:36:55+00:00,2026-07-19T05:36:55+08:00,2026-07-19T05:30:01+08:00,505
2026-07-18T21:37:56+00:00,2026-07-19T05:37:56+08:00,2026-07-19T05:30:01+08:00,505
2026-07-18T21:38:57+00:00,2026-07-19T05:38:57+08:00,2026-07-19T05:30:01+08:00,505
2026-07-18T21:39:58+00:00,2026-07-19T05:39:58+08:00,2026-07-19T05:35:01+08:00,505
2026-07-18T21:41:00+00:00,2026-07-19T05:41:00+08:00,2026-07-19T05:35:01+08:00,505
2026-07-18T21:42:01+00:00,2026-07-19T05:42:01+08:00,2026-07-19T05:35:01+08:00,505
2026-07-18T21:43:02+00:00,2026-07-19T05:43:02+08:00,2026-07-19T05:35:01+08:00,505
2026-07-18T21:44:03+00:00,2026-07-19T05:44:03+08:00,2026-07-19T05:35:01+08:00,505
2026-07-18T21:45:04+00:00,2026-07-19T05:45:04+08:00,2026-07-19T05:40:01+08:00,505
2026-07-18T21:46:06+00:00,2026-07-19T05:46:06+08:00,2026-07-19T05:40:01+08:00,505
2026-07-18T21:47:06+00:00,2026-07-19T05:47:06+08:00,2026-07-19T05:40:01+08:00,505
2026-07-18T21:48:07+00:00,2026-07-19T05:48:07+08:00,2026-07-19T05:40:01+08:00,505
2026-07-18T21:49:08+00:00,2026-07-19T05:49:08+08:00,2026-07-19T05:40:01+08:00,505
2026-07-18T21:50:09+00:00,2026-07-19T05:50:09+08:00,2026-07-19T05:45:01+08:00,505
2026-07-18T22:46:39+00:00,2026-07-19T06:46:39+08:00,2026-07-19T06:40:01+08:00,505
2026-07-18T23:38:17+00:00,2026-07-19T07:38:17+08:00,2026-07-19T07:30:01+08:00,504
2026-07-19T01:09:42+00:00,2026-07-19T09:09:42+08:00,2026-07-19T09:05:01+08:00,484
2026-07-19T04:34:17+00:00,2026-07-19T12:34:17+08:00,2026-07-19T12:25:01+08:00,391
2026-07-19T07:11:45+00:00,2026-07-19T15:11:45+08:00,2026-07-19T15:05:01+08:00,321
2026-07-19T09:20:11+00:00,2026-07-19T17:20:11+08:00,2026-07-19T17:15:01+08:00,245
2026-07-19T10:48:16+00:00,2026-07-19T18:48:16+08:00,2026-07-19T18:40:01+08:00,200
2026-07-19T12:39:09+00:00,2026-07-19T20:39:09+08:00,2026-07-19T20:30:01+08:00,136
2026-07-19T14:11:17+00:00,2026-07-19T22:11:17+08:00,2026-07-19T22:05:01+08:00,82
2026-07-19T15:17:53+00:00,2026-07-19T23:17:53+08:00,2026-07-19T23:10:01+08:00,42
2026-07-19T16:15:02+00:00,2026-07-20T00:15:02+08:00,2026-07-19T23:50:02+08:00,453
2026-07-19T17:26:33+00:00,2026-07-20T01:26:33+08:00,2026-07-19T23:50:02+08:00,453
2026-07-19T17:47:22+00:00,2026-07-20T01:47:22+08:00,2026-07-19T23:50:02+08:00,453
2026-07-19T18:47:51+00:00,2026-07-20T02:47:51+08:00,2026-07-19T23:50:02+08:00,453
2026-07-19T20:01:24+00:00,2026-07-20T04:01:24+08:00,2026-07-19T23:50:02+08:00,453
2026-07-19T21:08:12+00:00,2026-07-20T05:08:12+08:00,,0
2026-07-19T21:34:43+00:00,2026-07-20T05:34:43+08:00,2026-07-20T05:30:01+08:00,453
2026-07-19T21:35:44+00:00,2026-07-20T05:35:44+08:00,2026-07-20T05:30:01+08:00,453
2026-07-19T21:36:45+00:00,2026-07-20T05:36:45+08:00,2026-07-20T05:30:01+08:00,453
2026-07-19T21:37:46+00:00,2026-07-20T05:37:46+08:00,2026-07-20T05:30:01+08:00,453
2026-07-19T21:38:47+00:00,2026-07-20T05:38:47+08:00,2026-07-20T05:30:01+08:00,453
2026-07-19T21:39:48+00:00,2026-07-20T05:39:48+08:00,2026-07-20T05:35:01+08:00,453
2026-07-19T21:40:50+00:00,2026-07-20T05:40:50+08:00,2026-07-20T05:35:01+08:00,453
2026-07-19T21:41:51+00:00,2026-07-20T05:41:51+08:00,2026-07-20T05:35:01+08:00,453
2026-07-19T21:42:52+00:00,2026-07-20T05:42:52+08:00,2026-07-20T05:35:01+08:00,453
2026-07-19T21:43:53+00:00,2026-07-20T05:43:53+08:00,2026-07-20T05:35:01+08:00,453
2026-07-19T21:44:54+00:00,2026-07-20T05:44:54+08:00,2026-07-20T05:40:01+08:00,453
2026-07-19T21:45:56+00:00,2026-07-20T05:45:56+08:00,2026-07-20T05:40:01+08:00,453
2026-07-19T21:46:57+00:00,2026-07-20T05:46:57+08:00,2026-07-20T05:40:01+08:00,453
2026-07-19T21:47:57+00:00,2026-07-20T05:47:57+08:00,2026-07-20T05:40:01+08:00,453
2026-07-19T21:48:58+00:00,2026-07-20T05:48:58+08:00,2026-07-20T05:40:01+08:00,453
2026-07-19T21:50:00+00:00,2026-07-20T05:50:00+08:00,2026-07-20T05:45:01+08:00,453
2026-07-19T22:33:39+00:00,2026-07-20T06:33:39+08:00,2026-07-20T06:25:01+08:00,453
2026-07-19T22:40:01+00:00,2026-07-20T06:40:01+08:00,2026-07-20T06:35:01+08:00,453
2026-07-19T22:50:02+00:00,2026-07-20T06:50:02+08:00,2026-07-20T06:45:02+08:00,453
2026-07-19T23:00:04+00:00,2026-07-20T07:00:04+08:00,2026-07-20T06:55:01+08:00,453
2026-07-19T23:10:05+00:00,2026-07-20T07:10:05+08:00,2026-07-20T07:05:01+08:00,453
2026-07-19T23:20:09+00:00,2026-07-20T07:20:09+08:00,2026-07-20T07:15:01+08:00,453
2026-07-19T23:30:10+00:00,2026-07-20T07:30:10+08:00,2026-07-20T07:25:02+08:00,452
2026-07-20T02:22:01+00:00,2026-07-20T10:22:01+08:00,2026-07-20T10:15:02+08:00,377
2026-07-20T02:30:03+00:00,2026-07-20T10:30:03+08:00,2026-07-20T10:25:02+08:00,374
2026-07-20T02:40:05+00:00,2026-07-20T10:40:05+08:00,2026-07-20T10:35:01+08:00,368
2026-07-20T02:50:06+00:00,2026-07-20T10:50:06+08:00,2026-07-20T10:45:02+08:00,365
2026-07-20T03:00:08+00:00,2026-07-20T11:00:08+08:00,2026-07-20T10:55:01+08:00,356
2026-07-20T03:10:09+00:00,2026-07-20T11:10:09+08:00,2026-07-20T11:05:01+08:00,356
2026-07-20T03:20:15+00:00,2026-07-20T11:20:15+08:00,2026-07-20T11:15:02+08:00,350
2026-07-20T03:30:04+00:00,2026-07-20T11:30:04+08:00,2026-07-20T11:25:01+08:00,347
2026-07-20T03:40:04+00:00,2026-07-20T11:40:04+08:00,2026-07-20T11:35:01+08:00,341
2026-07-20T03:50:02+00:00,2026-07-20T11:50:02+08:00,2026-07-20T11:45:02+08:00,338
2026-07-20T04:00:05+00:00,2026-07-20T12:00:05+08:00,2026-07-20T11:55:01+08:00,329
2026-07-20T04:10:03+00:00,2026-07-20T12:10:03+08:00,2026-07-20T12:05:02+08:00,329
2026-07-20T05:29:38+00:00,2026-07-20T13:29:38+08:00,2026-07-20T13:25:02+08:00,287
2026-07-20T05:30:34+00:00,2026-07-20T13:30:34+08:00,2026-07-20T13:25:02+08:00,287
2026-07-20T05:40:02+00:00,2026-07-20T13:40:02+08:00,2026-07-20T13:35:02+08:00,284
2026-07-20T05:50:00+00:00,2026-07-20T13:50:00+08:00,2026-07-20T13:45:01+08:00,281
2026-07-20T06:00:09+00:00,2026-07-20T14:00:09+08:00,2026-07-20T13:55:02+08:00,272
2026-07-20T06:10:09+00:00,2026-07-20T14:10:09+08:00,2026-07-20T14:05:01+08:00,272
2026-07-20T06:20:08+00:00,2026-07-20T14:20:08+08:00,2026-07-20T14:15:02+08:00,266
2026-07-20T08:24:45+00:00,2026-07-20T16:24:45+08:00,2026-07-20T16:20:02+08:00,218
2026-07-20T08:30:04+00:00,2026-07-20T16:30:04+08:00,2026-07-20T16:25:01+08:00,215
2026-07-20T08:40:02+00:00,2026-07-20T16:40:02+08:00,2026-07-20T16:35:01+08:00,212
2026-07-20T08:50:10+00:00,2026-07-20T16:50:10+08:00,2026-07-20T16:45:01+08:00,209
2026-07-20T09:00:08+00:00,2026-07-20T17:00:08+08:00,2026-07-20T16:55:01+08:00,199
2026-07-20T09:10:08+00:00,2026-07-20T17:10:08+08:00,2026-07-20T17:05:01+08:00,199
2026-07-20T09:20:06+00:00,2026-07-20T17:20:06+08:00,2026-07-20T17:15:01+08:00,190
2026-07-20T11:19:05+00:00,2026-07-20T19:19:05+08:00,2026-07-20T19:10:02+08:00,128
2026-07-20T11:20:05+00:00,2026-07-20T19:20:05+08:00,2026-07-20T19:15:02+08:00,125
2026-07-20T11:30:06+00:00,2026-07-20T19:30:06+08:00,2026-07-20T19:25:01+08:00,122
2026-07-20T11:40:08+00:00,2026-07-20T19:40:08+08:00,2026-07-20T19:35:01+08:00,119
2026-07-20T11:50:09+00:00,2026-07-20T19:50:09+08:00,2026-07-20T19:45:01+08:00,116
2026-07-20T12:00:01+00:00,2026-07-20T20:00:01+08:00,2026-07-20T19:55:01+08:00,106
2026-07-20T12:10:03+00:00,2026-07-20T20:10:03+08:00,2026-07-20T20:05:02+08:00,106
2026-07-20T13:22:30+00:00,2026-07-20T21:22:30+08:00,2026-07-20T21:15:01+08:00,73
2026-07-20T13:30:03+00:00,2026-07-20T21:30:03+08:00,2026-07-20T21:25:01+08:00,70
2026-07-20T13:40:04+00:00,2026-07-20T21:40:04+08:00,2026-07-20T21:35:01+08:00,64
2026-07-20T13:50:06+00:00,2026-07-20T21:50:06+08:00,2026-07-20T21:45:01+08:00,61
2026-07-20T14:00:07+00:00,2026-07-20T22:00:07+08:00,2026-07-20T21:55:01+08:00,52
2026-07-20T14:10:08+00:00,2026-07-20T22:10:08+08:00,2026-07-20T22:05:01+08:00,52
2026-07-20T14:20:02+00:00,2026-07-20T22:20:02+08:00,2026-07-20T22:15:01+08:00,46
2026-07-20T15:25:32+00:00,2026-07-20T23:25:32+08:00,2026-07-20T23:20:02+08:00,28
2026-07-20T15:30:08+00:00,2026-07-20T23:30:08+08:00,2026-07-20T23:25:01+08:00,28
2026-07-20T15:40:08+00:00,2026-07-20T23:40:08+08:00,2026-07-20T23:35:01+08:00,24
2026-07-20T15:50:06+00:00,2026-07-20T23:50:06+08:00,2026-07-20T23:45:01+08:00,21
2026-07-20T16:00:07+00:00,2026-07-21T00:00:07+08:00,2026-07-20T23:50:02+08:00,425
2026-07-20T16:10:04+00:00,2026-07-21T00:10:04+08:00,2026-07-20T23:50:02+08:00,425
2026-07-20T16:20:10+00:00,2026-07-21T00:20:10+08:00,2026-07-20T23:50:02+08:00,425
2026-07-20T16:51:16+00:00,2026-07-21T00:51:16+08:00,2026-07-20T23:50:02+08:00,425
2026-07-20T17:00:02+00:00,2026-07-21T01:00:02+08:00,2026-07-20T23:50:02+08:00,425
2026-07-20T17:20:02+00:00,2026-07-21T01:20:02+08:00,2026-07-20T23:50:02+08:00,425
2026-07-20T17:40:07+00:00,2026-07-21T01:40:07+08:00,2026-07-20T23:50:02+08:00,425
2026-07-20T18:47:57+00:00,2026-07-21T02:47:57+08:00,2026-07-20T23:50:02+08:00,425
2026-07-20T19:00:05+00:00,2026-07-21T03:00:05+08:00,2026-07-20T23:50:02+08:00,425
2026-07-20T19:20:06+00:00,2026-07-21T03:20:06+08:00,2026-07-20T23:50:02+08:00,425
2026-07-20T19:40:02+00:00,2026-07-21T03:40:02+08:00,2026-07-20T23:50:02+08:00,425
2026-07-20T20:15:56+00:00,2026-07-21T04:15:56+08:00,2026-07-20T23:50:02+08:00,425
2026-07-20T20:20:03+00:00,2026-07-21T04:20:03+08:00,2026-07-20T23:50:02+08:00,425
2026-07-20T20:40:09+00:00,2026-07-21T04:40:09+08:00,2026-07-20T23:50:02+08:00,425
2026-07-20T20:55:06+00:00,2026-07-21T04:55:06+08:00,2026-07-20T23:50:02+08:00,425
2026-07-20T20:56:02+00:00,2026-07-21T04:56:02+08:00,2026-07-20T23:50:02+08:00,425
2026-07-20T20:57:08+00:00,2026-07-21T04:57:08+08:00,2026-07-20T23:50:02+08:00,425
2026-07-20T20:58:04+00:00,2026-07-21T04:58:04+08:00,2026-07-20T23:50:02+08:00,425
2026-07-20T20:59:09+00:00,2026-07-21T04:59:09+08:00,2026-07-20T23:50:02+08:00,425
2026-07-20T21:00:06+00:00,2026-07-21T05:00:06+08:00,2026-07-20T23:50:02+08:00,425
2026-07-20T21:01:02+00:00,2026-07-21T05:01:02+08:00,2026-07-20T23:50:02+08:00,425
2026-07-20T21:02:08+00:00,2026-07-21T05:02:08+08:00,2026-07-20T23:50:02+08:00,425
2026-07-20T21:03:04+00:00,2026-07-21T05:03:04+08:00,2026-07-20T23:50:02+08:00,425
2026-07-20T21:04:09+00:00,2026-07-21T05:04:09+08:00,2026-07-20T23:50:02+08:00,425
2026-07-20T21:05:07+00:00,2026-07-21T05:05:07+08:00,,0
2026-07-20T21:06:03+00:00,2026-07-21T05:06:03+08:00,,0
2026-07-20T21:07:10+00:00,2026-07-21T05:07:10+08:00,,0
2026-07-20T21:08:09+00:00,2026-07-21T05:08:09+08:00,,0
2026-07-20T21:09:05+00:00,2026-07-21T05:09:05+08:00,,0
2026-07-20T21:10:01+00:00,2026-07-21T05:10:01+08:00,2026-07-21T05:05:01+08:00,425
2026-07-20T21:11:08+00:00,2026-07-21T05:11:08+08:00,2026-07-21T05:05:01+08:00,425
2026-07-20T21:12:03+00:00,2026-07-21T05:12:03+08:00,2026-07-21T05:05:01+08:00,425
2026-07-20T21:13:10+00:00,2026-07-21T05:13:10+08:00,2026-07-21T05:05:01+08:00,425
2026-07-20T21:38:13+00:00,2026-07-21T05:38:13+08:00,2026-07-21T05:30:01+08:00,425
2026-07-20T21:39:10+00:00,2026-07-21T05:39:10+08:00,2026-07-21T05:30:01+08:00,425
2026-07-20T21:40:05+00:00,2026-07-21T05:40:05+08:00,2026-07-21T05:35:01+08:00,425
2026-07-20T21:41:02+00:00,2026-07-21T05:41:02+08:00,2026-07-21T05:35:01+08:00,425
2026-07-20T21:42:07+00:00,2026-07-21T05:42:07+08:00,2026-07-21T05:35:01+08:00,425
2026-07-20T21:43:03+00:00,2026-07-21T05:43:03+08:00,2026-07-21T05:35:01+08:00,425
2026-07-20T21:44:08+00:00,2026-07-21T05:44:08+08:00,2026-07-21T05:35:01+08:00,425
2026-07-20T21:45:04+00:00,2026-07-21T05:45:04+08:00,2026-07-21T05:40:01+08:00,425
2026-07-20T21:46:09+00:00,2026-07-21T05:46:09+08:00,2026-07-21T05:40:01+08:00,425
2026-07-20T21:47:05+00:00,2026-07-21T05:47:05+08:00,2026-07-21T05:40:01+08:00,425
2026-07-20T21:48:01+00:00,2026-07-21T05:48:01+08:00,2026-07-21T05:40:01+08:00,425
2026-07-20T21:49:07+00:00,2026-07-21T05:49:07+08:00,2026-07-21T05:40:01+08:00,425
2026-07-20T21:50:02+00:00,2026-07-21T05:50:02+08:00,2026-07-21T05:45:01+08:00,425
2026-07-20T22:00:01+00:00,2026-07-21T06:00:01+08:00,2026-07-21T05:55:01+08:00,425
2026-07-20T22:10:10+00:00,2026-07-21T06:10:10+08:00,2026-07-21T06:05:01+08:00,425
2026-07-20T22:20:09+00:00,2026-07-21T06:20:09+08:00,2026-07-21T06:15:01+08:00,425
2026-07-20T22:30:09+00:00,2026-07-21T06:30:09+08:00,2026-07-21T06:25:01+08:00,425
2026-07-20T22:44:56+00:00,2026-07-21T06:44:56+08:00,2026-07-21T06:40:02+08:00,425
2026-07-20T22:50:06+00:00,2026-07-21T06:50:06+08:00,2026-07-21T06:45:02+08:00,425
2026-07-20T23:00:05+00:00,2026-07-21T07:00:05+08:00,2026-07-21T06:55:01+08:00,425
2026-07-20T23:10:04+00:00,2026-07-21T07:10:04+08:00,2026-07-21T07:05:01+08:00,425
2026-07-20T23:20:05+00:00,2026-07-21T07:20:05+08:00,2026-07-21T07:15:01+08:00,425
2026-07-20T23:30:03+00:00,2026-07-21T07:30:03+08:00,2026-07-21T07:25:01+08:00,424
2026-07-20T23:40:02+00:00,2026-07-21T07:40:02+08:00,2026-07-21T07:35:01+08:00,423
2026-07-20T23:45:42+00:00,2026-07-21T07:45:42+08:00,2026-07-21T07:40:01+08:00,423
2026-07-20T23:50:05+00:00,2026-07-21T07:50:05+08:00,2026-07-21T07:45:01+08:00,423
2026-07-21T00:00:06+00:00,2026-07-21T08:00:06+08:00,2026-07-21T07:55:01+08:00,422
2026-07-21T00:10:01+00:00,2026-07-21T08:10:01+08:00,2026-07-21T08:05:01+08:00,419
2026-07-21T00:20:03+00:00,2026-07-21T08:20:03+08:00,2026-07-21T08:15:01+08:00,418
2026-07-21T00:30:04+00:00,2026-07-21T08:30:04+08:00,2026-07-21T08:25:01+08:00,412
2026-07-21T00:40:04+00:00,2026-07-21T08:40:04+08:00,2026-07-21T08:35:02+08:00,411
2026-07-21T01:28:25+00:00,2026-07-21T09:28:25+08:00,2026-07-21T09:20:01+08:00,383
2026-07-21T01:30:07+00:00,2026-07-21T09:30:07+08:00,2026-07-21T09:25:01+08:00,383
2026-07-21T01:40:08+00:00,2026-07-21T09:40:08+08:00,2026-07-21T09:35:01+08:00,376
2026-07-21T01:50:10+00:00,2026-07-21T09:50:10+08:00,2026-07-21T09:45:01+08:00,373
2026-07-21T02:00:04+00:00,2026-07-21T10:00:04+08:00,2026-07-21T09:55:01+08:00,364
2026-07-21T02:10:07+00:00,2026-07-21T10:10:07+08:00,2026-07-21T10:05:01+08:00,361
2026-07-21T02:20:08+00:00,2026-07-21T10:20:08+08:00,2026-07-21T10:15:01+08:00,355
2026-07-21T04:45:24+00:00,2026-07-21T12:45:24+08:00,2026-07-21T12:40:01+08:00,298
2026-07-21T04:50:09+00:00,2026-07-21T12:50:09+08:00,2026-07-21T12:45:01+08:00,295
2026-07-21T05:00:08+00:00,2026-07-21T13:00:08+08:00,2026-07-21T12:55:01+08:00,286
2026-07-21T05:10:06+00:00,2026-07-21T13:10:06+08:00,2026-07-21T13:05:01+08:00,286
2026-07-21T05:20:03+00:00,2026-07-21T13:20:03+08:00,2026-07-21T13:15:02+08:00,280
2026-07-21T05:30:10+00:00,2026-07-21T13:30:10+08:00,2026-07-21T13:25:01+08:00,280
2026-07-21T05:40:07+00:00,2026-07-21T13:40:07+08:00,2026-07-21T13:35:01+08:00,277
2026-07-21T07:27:20+00:00,2026-07-21T15:27:20+08:00,2026-07-21T15:20:01+08:00,238
2026-07-21T07:30:07+00:00,2026-07-21T15:30:07+08:00,2026-07-21T15:25:01+08:00,235
2026-07-21T07:40:05+00:00,2026-07-21T15:40:05+08:00,2026-07-21T15:35:01+08:00,232
2026-07-21T07:50:03+00:00,2026-07-21T15:50:03+08:00,2026-07-21T15:45:01+08:00,229
2026-07-21T08:00:02+00:00,2026-07-21T16:00:02+08:00,2026-07-21T15:55:01+08:00,220
2026-07-21T08:10:01+00:00,2026-07-21T16:10:01+08:00,2026-07-21T16:05:01+08:00,220
2026-07-21T08:20:10+00:00,2026-07-21T16:20:10+08:00,2026-07-21T16:15:01+08:00,214
2026-07-21T09:59:31+00:00,2026-07-21T17:59:31+08:00,2026-07-21T17:50:01+08:00,172
2026-07-21T10:00:32+00:00,2026-07-21T18:00:32+08:00,2026-07-21T17:55:01+08:00,169
2026-07-21T10:10:03+00:00,2026-07-21T18:10:03+08:00,2026-07-21T18:05:01+08:00,166
2026-07-21T10:20:07+00:00,2026-07-21T18:20:07+08:00,2026-07-21T18:15:01+08:00,157
2026-07-21T10:30:09+00:00,2026-07-21T18:30:09+08:00,2026-07-21T18:25:01+08:00,154
2026-07-21T10:40:09+00:00,2026-07-21T18:40:09+08:00,2026-07-21T18:35:01+08:00,147
2026-07-21T10:50:01+00:00,2026-07-21T18:50:01+08:00,2026-07-21T18:45:02+08:00,144
2026-07-21T11:47:06+00:00,2026-07-21T19:47:06+08:00,2026-07-21T19:40:01+08:00,116
2026-07-21T11:50:07+00:00,2026-07-21T19:50:07+08:00,2026-07-21T19:45:01+08:00,113
2026-07-21T12:00:08+00:00,2026-07-21T20:00:08+08:00,2026-07-21T19:55:02+08:00,103
2026-07-21T12:10:10+00:00,2026-07-21T20:10:10+08:00,2026-07-21T20:05:01+08:00,103
2026-07-21T12:20:02+00:00,2026-07-21T20:20:02+08:00,2026-07-21T20:15:01+08:00,97
2026-07-21T12:30:04+00:00,2026-07-21T20:30:04+08:00,2026-07-21T20:25:01+08:00,94
2026-07-21T12:40:07+00:00,2026-07-21T20:40:07+08:00,2026-07-21T20:35:01+08:00,88
2026-07-21T13:14:35+00:00,2026-07-21T21:14:35+08:00,2026-07-21T21:05:01+08:00,76
2026-07-21T13:20:08+00:00,2026-07-21T21:20:08+08:00,2026-07-21T21:15:01+08:00,70
2026-07-21T13:30:09+00:00,2026-07-21T21:30:09+08:00,2026-07-21T21:25:01+08:00,67
2026-07-21T13:40:07+00:00,2026-07-21T21:40:07+08:00,2026-07-21T21:35:01+08:00,61
2026-07-21T13:50:06+00:00,2026-07-21T21:50:06+08:00,2026-07-21T21:45:01+08:00,58
2026-07-21T14:00:06+00:00,2026-07-21T22:00:06+08:00,2026-07-21T21:55:02+08:00,52
2026-07-21T14:10:06+00:00,2026-07-21T22:10:06+08:00,2026-07-21T22:05:01+08:00,52
2026-07-21T15:21:00+00:00,2026-07-21T23:21:00+08:00,2026-07-21T23:15:01+08:00,31
2026-07-21T15:30:05+00:00,2026-07-21T23:30:05+08:00,2026-07-21T23:25:01+08:00,28
2026-07-21T15:40:03+00:00,2026-07-21T23:40:03+08:00,2026-07-21T23:35:01+08:00,24
2026-07-21T15:50:10+00:00,2026-07-21T23:50:10+08:00,2026-07-21T23:45:01+08:00,21
2026-07-21T16:00:09+00:00,2026-07-22T00:00:09+08:00,2026-07-21T23:50:02+08:00,425
2026-07-21T16:10:05+00:00,2026-07-22T00:10:05+08:00,2026-07-21T23:50:02+08:00,425
2026-07-21T16:52:10+00:00,2026-07-22T00:52:10+08:00,2026-07-21T23:50:02+08:00,425
2026-07-21T17:00:03+00:00,2026-07-22T01:00:03+08:00,2026-07-21T23:50:02+08:00,425
2026-07-21T17:20:08+00:00,2026-07-22T01:20:08+08:00,2026-07-21T23:50:02+08:00,425
2026-07-21T17:40:04+00:00,2026-07-22T01:40:04+08:00,2026-07-21T23:50:02+08:00,425
2026-07-21T18:08:31+00:00,2026-07-22T02:08:31+08:00,2026-07-21T23:50:02+08:00,425
2026-07-21T18:20:06+00:00,2026-07-22T02:20:06+08:00,2026-07-21T23:50:02+08:00,425
2026-07-21T18:40:02+00:00,2026-07-22T02:40:02+08:00,2026-07-21T23:50:02+08:00,425
2026-07-21T19:00:07+00:00,2026-07-22T03:00:07+08:00,2026-07-21T23:50:02+08:00,425
2026-07-21T19:58:28+00:00,2026-07-22T03:58:28+08:00,2026-07-21T23:50:02+08:00,425
2026-07-21T20:00:04+00:00,2026-07-22T04:00:04+08:00,2026-07-21T23:50:02+08:00,425
2026-07-21T20:20:04+00:00,2026-07-22T04:20:04+08:00,2026-07-21T23:50:02+08:00,425
2026-07-21T20:40:11+00:00,2026-07-22T04:40:11+08:00,2026-07-21T23:50:02+08:00,425
2026-07-21T20:55:06+00:00,2026-07-22T04:55:06+08:00,2026-07-21T23:50:02+08:00,425
2026-07-21T20:56:03+00:00,2026-07-22T04:56:03+08:00,2026-07-21T23:50:02+08:00,425
2026-07-21T21:07:19+00:00,2026-07-22T05:07:19+08:00,,0
2026-07-21T21:08:05+00:00,2026-07-22T05:08:05+08:00,,0
2026-07-21T21:09:01+00:00,2026-07-22T05:09:01+08:00,,0
2026-07-21T21:10:06+00:00,2026-07-22T05:10:06+08:00,2026-07-22T05:05:01+08:00,425
2026-07-21T21:11:02+00:00,2026-07-22T05:11:02+08:00,2026-07-22T05:05:01+08:00,425
2026-07-21T21:12:07+00:00,2026-07-22T05:12:07+08:00,2026-07-22T05:05:01+08:00,425
2026-07-21T21:13:02+00:00,2026-07-22T05:13:02+08:00,2026-07-22T05:05:01+08:00,425
2026-07-21T21:14:08+00:00,2026-07-22T05:14:08+08:00,2026-07-22T05:05:01+08:00,425
2026-07-21T21:15:03+00:00,2026-07-22T05:15:03+08:00,2026-07-22T05:10:01+08:00,425
2026-07-21T21:16:08+00:00,2026-07-22T05:16:08+08:00,2026-07-22T05:10:01+08:00,425
2026-07-21T21:17:02+00:00,2026-07-22T05:17:02+08:00,2026-07-22T05:10:01+08:00,425
2026-07-21T21:18:06+00:00,2026-07-22T05:18:06+08:00,2026-07-22T05:10:01+08:00,425
2026-07-21T21:19:02+00:00,2026-07-22T05:19:02+08:00,2026-07-22T05:10:01+08:00,425
2026-07-21T21:20:07+00:00,2026-07-22T05:20:07+08:00,2026-07-22T05:15:01+08:00,425
2026-07-21T21:21:03+00:00,2026-07-22T05:21:03+08:00,2026-07-22T05:15:01+08:00,425
2026-07-21T21:22:08+00:00,2026-07-22T05:22:08+08:00,2026-07-22T05:15:01+08:00,425
2026-07-21T21:23:03+00:00,2026-07-22T05:23:03+08:00,2026-07-22T05:15:01+08:00,425
2026-07-21T21:24:09+00:00,2026-07-22T05:24:09+08:00,2026-07-22T05:15:01+08:00,425
2026-07-21T21:25:04+00:00,2026-07-22T05:25:04+08:00,2026-07-22T05:20:01+08:00,425
2026-07-21T21:26:10+00:00,2026-07-22T05:26:10+08:00,2026-07-22T05:20:01+08:00,425
2026-07-21T21:27:06+00:00,2026-07-22T05:27:06+08:00,2026-07-22T05:20:01+08:00,425
2026-07-21T21:28:01+00:00,2026-07-22T05:28:01+08:00,2026-07-22T05:20:01+08:00,425
2026-07-21T21:29:05+00:00,2026-07-22T05:29:05+08:00,2026-07-22T05:20:01+08:00,425
2026-07-21T21:30:01+00:00,2026-07-22T05:30:01+08:00,2026-07-22T05:25:01+08:00,425
2026-07-21T21:31:06+00:00,2026-07-22T05:31:06+08:00,2026-07-22T05:25:01+08:00,425
2026-07-21T21:32:02+00:00,2026-07-22T05:32:02+08:00,2026-07-22T05:25:01+08:00,425
2026-07-21T21:33:07+00:00,2026-07-22T05:33:07+08:00,2026-07-22T05:25:01+08:00,425
2026-07-21T21:34:03+00:00,2026-07-22T05:34:03+08:00,2026-07-22T05:25:01+08:00,425
2026-07-21T21:35:08+00:00,2026-07-22T05:35:08+08:00,2026-07-22T05:30:01+08:00,425
2026-07-21T21:36:03+00:00,2026-07-22T05:36:03+08:00,2026-07-22T05:30:01+08:00,425
2026-07-21T21:37:09+00:00,2026-07-22T05:37:09+08:00,2026-07-22T05:30:01+08:00,425
2026-07-21T21:38:04+00:00,2026-07-22T05:38:04+08:00,2026-07-22T05:30:01+08:00,425
2026-07-21T21:39:09+00:00,2026-07-22T05:39:09+08:00,2026-07-22T05:30:01+08:00,425
2026-07-21T21:40:04+00:00,2026-07-22T05:40:04+08:00,2026-07-22T05:35:01+08:00,425
2026-07-21T21:41:09+00:00,2026-07-22T05:41:09+08:00,2026-07-22T05:35:01+08:00,425
2026-07-21T21:42:04+00:00,2026-07-22T05:42:04+08:00,2026-07-22T05:35:01+08:00,425
2026-07-21T21:43:09+00:00,2026-07-22T05:43:09+08:00,2026-07-22T05:35:01+08:00,425
2026-07-21T21:44:04+00:00,2026-07-22T05:44:04+08:00,2026-07-22T05:35:01+08:00,425
2026-07-21T21:45:09+00:00,2026-07-22T05:45:09+08:00,2026-07-22T05:40:01+08:00,425
2026-07-21T21:46:05+00:00,2026-07-22T05:46:05+08:00,2026-07-22T05:40:01+08:00,425
2026-07-21T21:47:10+00:00,2026-07-22T05:47:10+08:00,2026-07-22T05:40:01+08:00,425
2026-07-21T21:48:05+00:00,2026-07-22T05:48:05+08:00,2026-07-22T05:40:01+08:00,425
2026-07-21T21:49:10+00:00,2026-07-22T05:49:10+08:00,2026-07-22T05:40:01+08:00,425
2026-07-21T21:50:05+00:00,2026-07-22T05:50:05+08:00,2026-07-22T05:45:01+08:00,425
2026-07-21T22:00:03+00:00,2026-07-22T06:00:03+08:00,2026-07-22T05:55:01+08:00,425
2026-07-21T22:24:49+00:00,2026-07-22T06:24:49+08:00,2026-07-22T06:20:02+08:00,425
2026-07-21T22:30:01+00:00,2026-07-22T06:30:01+08:00,2026-07-22T06:25:01+08:00,425
2026-07-21T22:40:03+00:00,2026-07-22T06:40:03+08:00,2026-07-22T06:35:02+08:00,425
2026-07-21T22:50:04+00:00,2026-07-22T06:50:04+08:00,2026-07-22T06:45:02+08:00,425
2026-07-21T23:00:05+00:00,2026-07-22T07:00:05+08:00,2026-07-22T06:55:02+08:00,425
2026-07-21T23:10:07+00:00,2026-07-22T07:10:07+08:00,2026-07-22T07:05:01+08:00,425
2026-07-21T23:20:09+00:00,2026-07-22T07:20:09+08:00,2026-07-22T07:15:01+08:00,425
2026-07-21T23:26:31+00:00,2026-07-22T07:26:31+08:00,2026-07-22T07:20:01+08:00,425
2026-07-21T23:30:08+00:00,2026-07-22T07:30:08+08:00,2026-07-22T07:25:01+08:00,424
2026-07-21T23:40:07+00:00,2026-07-22T07:40:07+08:00,2026-07-22T07:35:01+08:00,423
2026-07-21T23:50:05+00:00,2026-07-22T07:50:05+08:00,2026-07-22T07:45:02+08:00,423
2026-07-22T00:00:04+00:00,2026-07-22T08:00:04+08:00,2026-07-22T07:55:01+08:00,422
2026-07-22T00:10:03+00:00,2026-07-22T08:10:03+08:00,2026-07-22T08:05:01+08:00,419
2026-07-22T00:20:03+00:00,2026-07-22T08:20:03+08:00,2026-07-22T08:15:01+08:00,418
2026-07-22T00:24:49+00:00,2026-07-22T08:24:49+08:00,2026-07-22T08:20:02+08:00,412
2026-07-22T00:30:10+00:00,2026-07-22T08:30:10+08:00,2026-07-22T08:25:01+08:00,412
2026-07-22T00:40:02+00:00,2026-07-22T08:40:02+08:00,2026-07-22T08:35:02+08:00,411
2026-07-22T00:50:07+00:00,2026-07-22T08:50:07+08:00,2026-07-22T08:45:02+08:00,405
2026-07-22T01:00:11+00:00,2026-07-22T09:00:11+08:00,2026-07-22T08:55:01+08:00,395
2026-07-22T01:10:02+00:00,2026-07-22T09:10:02+08:00,2026-07-22T09:05:01+08:00,392
2026-07-22T01:20:04+00:00,2026-07-22T09:20:04+08:00,2026-07-22T09:15:01+08:00,383
2026-07-22T03:54:42+00:00,2026-07-22T11:54:42+08:00,2026-07-22T11:50:01+08:00,313
2026-07-22T04:00:09+00:00,2026-07-22T12:00:09+08:00,2026-07-22T11:55:01+08:00,310
2026-07-22T04:10:11+00:00,2026-07-22T12:10:11+08:00,2026-07-22T12:05:01+08:00,310
2026-07-22T04:20:04+00:00,2026-07-22T12:20:04+08:00,2026-07-22T12:15:01+08:00,304
2026-07-22T04:30:06+00:00,2026-07-22T12:30:06+08:00,2026-07-22T12:25:01+08:00,301
2026-07-22T04:40:07+00:00,2026-07-22T12:40:07+08:00,2026-07-22T12:35:01+08:00,298
2026-07-22T04:50:09+00:00,2026-07-22T12:50:09+08:00,2026-07-22T12:45:01+08:00,295
2026-07-22T06:20:56+00:00,2026-07-22T14:20:56+08:00,2026-07-22T14:15:01+08:00,262
2026-07-22T06:30:05+00:00,2026-07-22T14:30:05+08:00,2026-07-22T14:25:02+08:00,259
2026-07-22T06:40:03+00:00,2026-07-22T14:40:03+08:00,2026-07-22T14:35:01+08:00,256
2026-07-22T06:50:01+00:00,2026-07-22T14:50:01+08:00,2026-07-22T14:45:01+08:00,253
2026-07-22T07:00:10+00:00,2026-07-22T15:00:10+08:00,2026-07-22T14:55:01+08:00,244
2026-07-22T07:10:08+00:00,2026-07-22T15:10:08+08:00,2026-07-22T15:05:01+08:00,244
2026-07-22T09:30:01+00:00,2026-07-22T17:30:01+08:00,2026-07-22T17:25:01+08:00,184
2026-07-22T09:40:09+00:00,2026-07-22T17:40:09+08:00,2026-07-22T17:35:01+08:00,181
2026-07-22T09:50:10+00:00,2026-07-22T17:50:10+08:00,2026-07-22T17:45:01+08:00,178
2026-07-22T10:00:08+00:00,2026-07-22T18:00:08+08:00,2026-07-22T17:55:01+08:00,169
2026-07-22T11:23:39+00:00,2026-07-22T19:23:39+08:00,2026-07-22T19:20:01+08:00,122
2026-07-22T11:30:04+00:00,2026-07-22T19:30:04+08:00,2026-07-22T19:25:01+08:00,119
2026-07-22T11:40:01+00:00,2026-07-22T19:40:01+08:00,2026-07-22T19:35:01+08:00,116
2026-07-22T11:50:10+00:00,2026-07-22T19:50:10+08:00,2026-07-22T19:45:01+08:00,113
2026-07-22T12:00:07+00:00,2026-07-22T20:00:07+08:00,2026-07-22T19:55:01+08:00,103
2026-07-22T12:10:05+00:00,2026-07-22T20:10:05+08:00,2026-07-22T20:05:01+08:00,103
2026-07-22T12:20:02+00:00,2026-07-22T20:20:02+08:00,2026-07-22T20:15:01+08:00,97
2026-07-22T12:53:41+00:00,2026-07-22T20:53:41+08:00,2026-07-22T20:50:01+08:00,79
2026-07-22T13:00:06+00:00,2026-07-22T21:00:06+08:00,2026-07-22T20:55:01+08:00,76
2026-07-22T13:10:03+00:00,2026-07-22T21:10:03+08:00,2026-07-22T21:05:01+08:00,76
2026-07-22T13:20:10+00:00,2026-07-22T21:20:10+08:00,2026-07-22T21:15:02+08:00,70
2026-07-22T13:30:07+00:00,2026-07-22T21:30:07+08:00,2026-07-22T21:25:08+08:00,67
2026-07-22T13:40:04+00:00,2026-07-22T21:40:04+08:00,2026-07-22T21:35:01+08:00,61
2026-07-22T13:50:02+00:00,2026-07-22T21:50:02+08:00,2026-07-22T21:45:01+08:00,58
2026-07-22T14:54:35+00:00,2026-07-22T22:54:35+08:00,2026-07-22T22:50:02+08:00,37
2026-07-22T15:00:08+00:00,2026-07-22T23:00:08+08:00,2026-07-22T22:55:01+08:00,34
2026-07-22T15:10:10+00:00,2026-07-22T23:10:10+08:00,2026-07-22T23:05:02+08:00,34
2026-07-22T15:20:03+00:00,2026-07-22T23:20:03+08:00,2026-07-22T23:15:01+08:00,31
2026-07-22T15:30:06+00:00,2026-07-22T23:30:06+08:00,2026-07-22T23:25:01+08:00,28
2026-07-22T15:40:07+00:00,2026-07-22T23:40:07+08:00,2026-07-22T23:35:01+08:00,24
2026-07-22T15:50:08+00:00,2026-07-22T23:50:08+08:00,2026-07-22T23:45:01+08:00,21
2026-07-22T16:13:17+00:00,2026-07-23T00:13:17+08:00,2026-07-22T23:50:02+08:00,448
2026-07-22T16:20:06+00:00,2026-07-23T00:20:06+08:00,2026-07-22T23:50:02+08:00,448
2026-07-22T16:30:02+00:00,2026-07-23T00:30:02+08:00,2026-07-22T23:50:02+08:00,448
2026-07-22T16:40:09+00:00,2026-07-23T00:40:09+08:00,2026-07-22T23:50:02+08:00,448
2026-07-22T16:50:05+00:00,2026-07-23T00:50:05+08:00,2026-07-22T23:50:02+08:00,448
2026-07-22T17:00:01+00:00,2026-07-23T01:00:01+08:00,2026-07-22T23:50:02+08:00,448
2026-07-22T17:46:39+00:00,2026-07-23T01:46:39+08:00,2026-07-22T23:50:02+08:00,448
2026-07-22T18:00:04+00:00,2026-07-23T02:00:04+08:00,2026-07-22T23:50:02+08:00,448
2026-07-22T18:20:03+00:00,2026-07-23T02:20:03+08:00,2026-07-22T23:50:02+08:00,448
2026-07-22T18:40:09+00:00,2026-07-23T02:40:09+08:00,2026-07-22T23:50:02+08:00,448
2026-07-22T18:55:42+00:00,2026-07-23T02:55:42+08:00,2026-07-22T23:50:02+08:00,448
2026-07-22T19:00:07+00:00,2026-07-23T03:00:07+08:00,2026-07-22T23:50:02+08:00,448
2026-07-22T19:20:02+00:00,2026-07-23T03:20:02+08:00,2026-07-22T23:50:02+08:00,448
2026-07-22T19:40:08+00:00,2026-07-23T03:40:08+08:00,2026-07-22T23:50:02+08:00,448
2026-07-22T20:06:42+00:00,2026-07-23T04:06:42+08:00,2026-07-22T23:50:02+08:00,448
2026-07-22T20:20:10+00:00,2026-07-23T04:20:10+08:00,2026-07-22T23:50:02+08:00,448
2026-07-22T20:40:06+00:00,2026-07-23T04:40:06+08:00,2026-07-22T23:50:02+08:00,448
2026-07-22T20:55:04+00:00,2026-07-23T04:55:04+08:00,2026-07-22T23:50:02+08:00,448
2026-07-22T20:56:10+00:00,2026-07-23T04:56:10+08:00,2026-07-22T23:50:02+08:00,448
2026-07-22T20:57:06+00:00,2026-07-23T04:57:06+08:00,2026-07-22T23:50:02+08:00,448
2026-07-22T20:58:02+00:00,2026-07-23T04:58:02+08:00,2026-07-22T23:50:02+08:00,448
2026-07-22T20:59:08+00:00,2026-07-23T04:59:08+08:00,2026-07-22T23:50:02+08:00,448
2026-07-22T21:00:04+00:00,2026-07-23T05:00:04+08:00,2026-07-22T23:50:02+08:00,448
2026-07-22T21:01:10+00:00,2026-07-23T05:01:10+08:00,2026-07-22T23:50:02+08:00,448
2026-07-22T21:02:06+00:00,2026-07-23T05:02:06+08:00,2026-07-22T23:50:02+08:00,448
2026-07-22T21:03:03+00:00,2026-07-23T05:03:03+08:00,2026-07-22T23:50:02+08:00,448
2026-07-22T21:04:10+00:00,2026-07-23T05:04:10+08:00,,0
2026-07-22T21:39:12+00:00,2026-07-23T05:39:12+08:00,2026-07-23T05:35:01+08:00,448
2026-07-22T21:40:11+00:00,2026-07-23T05:40:11+08:00,2026-07-23T05:35:01+08:00,448
2026-07-22T21:41:07+00:00,2026-07-23T05:41:07+08:00,2026-07-23T05:35:01+08:00,448
2026-07-22T21:42:02+00:00,2026-07-23T05:42:02+08:00,2026-07-23T05:35:01+08:00,448
2026-07-22T21:43:08+00:00,2026-07-23T05:43:08+08:00,2026-07-23T05:35:01+08:00,448
2026-07-22T21:44:05+00:00,2026-07-23T05:44:05+08:00,2026-07-23T05:40:01+08:00,448
2026-07-22T21:45:10+00:00,2026-07-23T05:45:10+08:00,2026-07-23T05:40:01+08:00,448
2026-07-22T21:46:07+00:00,2026-07-23T05:46:07+08:00,2026-07-23T05:40:01+08:00,448
2026-07-22T21:47:03+00:00,2026-07-23T05:47:03+08:00,2026-07-23T05:40:01+08:00,448
2026-07-22T21:48:10+00:00,2026-07-23T05:48:10+08:00,2026-07-23T05:40:01+08:00,448
2026-07-22T21:49:06+00:00,2026-07-23T05:49:06+08:00,2026-07-23T05:45:01+08:00,448
2026-07-22T21:50:01+00:00,2026-07-23T05:50:01+08:00,2026-07-23T05:45:01+08:00,448
2026-07-22T22:00:03+00:00,2026-07-23T06:00:03+08:00,2026-07-23T05:55:01+08:00,448
2026-07-22T22:10:03+00:00,2026-07-23T06:10:03+08:00,2026-07-23T06:05:01+08:00,448
2026-07-22T22:20:07+00:00,2026-07-23T06:20:07+08:00,2026-07-23T06:15:02+08:00,448
2026-07-22T22:30:08+00:00,2026-07-23T06:30:08+08:00,2026-07-23T06:25:01+08:00,448
2026-07-22T22:52:47+00:00,2026-07-23T06:52:47+08:00,2026-07-23T06:45:02+08:00,448
2026-07-22T23:00:04+00:00,2026-07-23T07:00:04+08:00,2026-07-23T06:55:02+08:00,448
2026-07-22T23:10:02+00:00,2026-07-23T07:10:02+08:00,2026-07-23T07:05:01+08:00,448
2026-07-22T23:20:10+00:00,2026-07-23T07:20:10+08:00,2026-07-23T07:15:01+08:00,448
2026-07-22T23:30:09+00:00,2026-07-23T07:30:09+08:00,2026-07-23T07:25:01+08:00,447
2026-07-22T23:40:05+00:00,2026-07-23T07:40:05+08:00,2026-07-23T07:35:01+08:00,446
2026-07-22T23:50:03+00:00,2026-07-23T07:50:03+08:00,2026-07-23T07:45:01+08:00,446
2026-07-22T23:54:07+00:00,2026-07-23T07:54:07+08:00,2026-07-23T07:50:02+08:00,445
2026-07-23T00:00:08+00:00,2026-07-23T08:00:08+08:00,2026-07-23T07:55:01+08:00,445
2026-07-23T00:10:09+00:00,2026-07-23T08:10:09+08:00,2026-07-23T08:05:01+08:00,442
2026-07-23T00:20:11+00:00,2026-07-23T08:20:11+08:00,2026-07-23T08:15:01+08:00,441
2026-07-23T00:30:10+00:00,2026-07-23T08:30:10+08:00,2026-07-23T08:25:01+08:00,435
2026-07-23T00:40:09+00:00,2026-07-23T08:40:09+08:00,2026-07-23T08:35:01+08:00,434
2026-07-23T00:50:07+00:00,2026-07-23T08:50:07+08:00,2026-07-23T08:45:01+08:00,428
2026-07-23T01:47:02+00:00,2026-07-23T09:47:02+08:00,2026-07-23T09:40:01+08:00,399
2026-07-23T01:50:03+00:00,2026-07-23T09:50:03+08:00,2026-07-23T09:45:01+08:00,396
2026-07-23T02:00:06+00:00,2026-07-23T10:00:06+08:00,2026-07-23T09:55:01+08:00,386
2026-07-23T02:10:07+00:00,2026-07-23T10:10:07+08:00,2026-07-23T10:05:01+08:00,383
2026-07-23T02:20:02+00:00,2026-07-23T10:20:02+08:00,2026-07-23T10:15:01+08:00,374
2026-07-23T02:30:04+00:00,2026-07-23T10:30:04+08:00,2026-07-23T10:25:01+08:00,371
2026-07-23T02:40:04+00:00,2026-07-23T10:40:04+08:00,2026-07-23T10:35:01+08:00,368
2026-07-23T05:14:51+00:00,2026-07-23T13:14:51+08:00,2026-07-23T13:10:02+08:00,299
2026-07-23T05:20:05+00:00,2026-07-23T13:20:05+08:00,2026-07-23T13:15:01+08:00,296
2026-07-23T05:30:06+00:00,2026-07-23T13:30:06+08:00,2026-07-23T13:25:01+08:00,293
2026-07-23T05:40:07+00:00,2026-07-23T13:40:07+08:00,2026-07-23T13:35:02+08:00,290
2026-07-23T05:50:08+00:00,2026-07-23T13:50:08+08:00,2026-07-23T13:45:01+08:00,287
2026-07-23T06:00:09+00:00,2026-07-23T14:00:09+08:00,2026-07-23T13:55:01+08:00,278
2026-07-23T06:10:10+00:00,2026-07-23T14:10:10+08:00,2026-07-23T14:05:01+08:00,278
2026-07-23T07:54:29+00:00,2026-07-23T15:54:29+08:00,2026-07-23T15:50:01+08:00,233
2026-07-23T08:00:04+00:00,2026-07-23T16:00:04+08:00,2026-07-23T15:55:01+08:00,230
2026-07-23T08:10:01+00:00,2026-07-23T16:10:01+08:00,2026-07-23T16:05:01+08:00,230
2026-07-23T08:20:06+00:00,2026-07-23T16:20:06+08:00,2026-07-23T16:15:01+08:00,224
2026-07-23T08:30:03+00:00,2026-07-23T16:30:03+08:00,2026-07-23T16:25:01+08:00,221
2026-07-23T08:40:10+00:00,2026-07-23T16:40:10+08:00,2026-07-23T16:35:01+08:00,218
2026-07-23T08:50:09+00:00,2026-07-23T16:50:09+08:00,2026-07-23T16:45:02+08:00,215
2026-07-23T10:10:39+00:00,2026-07-23T18:10:39+08:00,2026-07-23T18:05:01+08:00,176
2026-07-23T10:20:03+00:00,2026-07-23T18:20:03+08:00,2026-07-23T18:15:01+08:00,167
2026-07-23T10:30:05+00:00,2026-07-23T18:30:05+08:00,2026-07-23T18:25:01+08:00,164
2026-07-23T10:40:06+00:00,2026-07-23T18:40:06+08:00,2026-07-23T18:35:01+08:00,157
2026-07-23T10:50:09+00:00,2026-07-23T18:50:09+08:00,2026-07-23T18:45:01+08:00,154
2026-07-23T11:00:11+00:00,2026-07-23T19:00:11+08:00,2026-07-23T18:55:01+08:00,145
2026-07-23T12:08:19+00:00,2026-07-23T20:08:19+08:00,2026-07-23T20:00:01+08:00,109
2026-07-23T12:10:07+00:00,2026-07-23T20:10:07+08:00,2026-07-23T20:05:02+08:00,109
2026-07-23T12:20:06+00:00,2026-07-23T20:20:06+08:00,2026-07-23T20:15:01+08:00,103
2026-07-23T12:30:04+00:00,2026-07-23T20:30:04+08:00,2026-07-23T20:25:01+08:00,100
2026-07-23T12:40:03+00:00,2026-07-23T20:40:03+08:00,2026-07-23T20:35:01+08:00,94
2026-07-23T12:50:02+00:00,2026-07-23T20:50:02+08:00,2026-07-23T20:45:01+08:00,91
2026-07-23T13:00:01+00:00,2026-07-23T21:00:01+08:00,2026-07-23T20:55:01+08:00,82
2026-07-23T14:38:54+00:00,2026-07-23T22:38:54+08:00,2026-07-23T22:35:01+08:00,43
2026-07-23T14:40:02+00:00,2026-07-23T22:40:02+08:00,2026-07-23T22:35:01+08:00,43
2026-07-23T14:50:01+00:00,2026-07-23T22:50:01+08:00,2026-07-23T22:45:01+08:00,40
2026-07-23T15:00:10+00:00,2026-07-23T23:00:10+08:00,2026-07-23T22:55:01+08:00,34
2026-07-23T15:10:09+00:00,2026-07-23T23:10:09+08:00,2026-07-23T23:05:01+08:00,34
2026-07-23T15:20:08+00:00,2026-07-23T23:20:08+08:00,2026-07-23T23:15:01+08:00,31
2026-07-23T15:30:07+00:00,2026-07-23T23:30:07+08:00,2026-07-23T23:25:01+08:00,28
2026-07-23T16:18:36+00:00,2026-07-24T00:18:36+08:00,2026-07-23T23:50:02+08:00,514
2026-07-23T16:20:04+00:00,2026-07-24T00:20:04+08:00,2026-07-23T23:50:02+08:00,514
2026-07-23T16:30:01+00:00,2026-07-24T00:30:01+08:00,2026-07-23T23:50:02+08:00,514
2026-07-23T16:40:07+00:00,2026-07-24T00:40:07+08:00,2026-07-23T23:50:02+08:00,514
2026-07-23T16:50:04+00:00,2026-07-24T00:50:04+08:00,2026-07-23T23:50:02+08:00,514
2026-07-23T17:00:01+00:00,2026-07-24T01:00:01+08:00,2026-07-23T23:50:02+08:00,514
2026-07-23T17:53:04+00:00,2026-07-24T01:53:04+08:00,2026-07-23T23:50:02+08:00,514
2026-07-23T18:00:03+00:00,2026-07-24T02:00:03+08:00,2026-07-23T23:50:02+08:00,514
2026-07-23T18:20:03+00:00,2026-07-24T02:20:03+08:00,2026-07-23T23:50:02+08:00,514
2026-07-23T18:40:09+00:00,2026-07-24T02:40:09+08:00,2026-07-23T23:50:02+08:00,514
2026-07-23T18:58:01+00:00,2026-07-24T02:58:01+08:00,2026-07-23T23:50:02+08:00,514
2026-07-23T19:00:04+00:00,2026-07-24T03:00:04+08:00,2026-07-23T23:50:02+08:00,514
2026-07-23T19:20:09+00:00,2026-07-24T03:20:09+08:00,2026-07-23T23:50:02+08:00,514
2026-07-23T19:40:05+00:00,2026-07-24T03:40:05+08:00,2026-07-23T23:50:02+08:00,514
2026-07-23T20:10:23+00:00,2026-07-24T04:10:23+08:00,2026-07-23T23:50:02+08:00,514
2026-07-23T20:20:08+00:00,2026-07-24T04:20:08+08:00,2026-07-23T23:50:02+08:00,514
2026-07-23T20:40:03+00:00,2026-07-24T04:40:03+08:00,2026-07-23T23:50:02+08:00,514
2026-07-23T20:55:09+00:00,2026-07-24T04:55:09+08:00,2026-07-23T23:50:02+08:00,514
2026-07-23T20:56:04+00:00,2026-07-24T04:56:04+08:00,2026-07-23T23:50:02+08:00,514
2026-07-23T20:57:09+00:00,2026-07-24T04:57:09+08:00,2026-07-23T23:50:02+08:00,514
2026-07-23T20:58:05+00:00,2026-07-24T04:58:05+08:00,2026-07-23T23:50:02+08:00,514
2026-07-23T20:59:10+00:00,2026-07-24T04:59:10+08:00,2026-07-23T23:50:02+08:00,514
2026-07-23T21:00:04+00:00,2026-07-24T05:00:04+08:00,2026-07-23T23:50:02+08:00,514
2026-07-23T21:01:10+00:00,2026-07-24T05:01:10+08:00,2026-07-23T23:50:02+08:00,514
2026-07-23T21:02:05+00:00,2026-07-24T05:02:05+08:00,2026-07-23T23:50:02+08:00,514
2026-07-23T21:03:10+00:00,2026-07-24T05:03:10+08:00,2026-07-23T23:50:02+08:00,514
2026-07-23T21:04:05+00:00,2026-07-24T05:04:05+08:00,,0
2026-07-23T21:05:01+00:00,2026-07-24T05:05:01+08:00,,0
2026-07-23T21:06:06+00:00,2026-07-24T05:06:06+08:00,,0
2026-07-23T21:07:01+00:00,2026-07-24T05:07:01+08:00,,0
2026-07-23T21:08:04+00:00,2026-07-24T05:08:04+08:00,,0
2026-07-23T21:32:39+00:00,2026-07-24T05:32:39+08:00,2026-07-24T05:25:01+08:00,514
2026-07-23T21:33:17+00:00,2026-07-24T05:33:17+08:00,2026-07-24T05:25:01+08:00,514
2026-07-23T21:34:03+00:00,2026-07-24T05:34:03+08:00,2026-07-24T05:30:01+08:00,514
2026-07-23T21:35:10+00:00,2026-07-24T05:35:10+08:00,2026-07-24T05:30:01+08:00,514
2026-07-23T21:36:06+00:00,2026-07-24T05:36:06+08:00,2026-07-24T05:30:01+08:00,514
2026-07-23T21:37:02+00:00,2026-07-24T05:37:02+08:00,2026-07-24T05:30:01+08:00,514
2026-07-23T21:38:08+00:00,2026-07-24T05:38:08+08:00,2026-07-24T05:30:01+08:00,514
2026-07-23T21:39:04+00:00,2026-07-24T05:39:04+08:00,2026-07-24T05:35:01+08:00,514
2026-07-23T21:40:10+00:00,2026-07-24T05:40:10+08:00,2026-07-24T05:35:01+08:00,514
2026-07-23T21:41:07+00:00,2026-07-24T05:41:07+08:00,2026-07-24T05:35:01+08:00,514
2026-07-23T21:42:03+00:00,2026-07-24T05:42:03+08:00,2026-07-24T05:35:01+08:00,514
2026-07-23T21:43:09+00:00,2026-07-24T05:43:09+08:00,2026-07-24T05:35:01+08:00,514
2026-07-23T21:44:06+00:00,2026-07-24T05:44:06+08:00,2026-07-24T05:40:01+08:00,514
2026-07-23T21:45:02+00:00,2026-07-24T05:45:02+08:00,2026-07-24T05:40:01+08:00,514
2026-07-23T21:46:08+00:00,2026-07-24T05:46:08+08:00,2026-07-24T05:40:01+08:00,514
2026-07-23T21:47:03+00:00,2026-07-24T05:47:03+08:00,2026-07-24T05:40:01+08:00,514
2026-07-23T21:48:10+00:00,2026-07-24T05:48:10+08:00,2026-07-24T05:40:01+08:00,514
2026-07-23T21:49:07+00:00,2026-07-24T05:49:07+08:00,2026-07-24T05:45:01+08:00,514
2026-07-23T21:50:03+00:00,2026-07-24T05:50:03+08:00,2026-07-24T05:45:01+08:00,514
2026-07-23T22:00:02+00:00,2026-07-24T06:00:02+08:00,2026-07-24T05:55:01+08:00,514
2026-07-23T22:10:02+00:00,2026-07-24T06:10:02+08:00,2026-07-24T06:05:01+08:00,514
2026-07-23T22:20:03+00:00,2026-07-24T06:20:03+08:00,2026-07-24T06:15:02+08:00,514
2026-07-23T22:30:03+00:00,2026-07-24T06:30:03+08:00,2026-07-24T06:25:01+08:00,514
2026-07-23T22:45:37+00:00,2026-07-24T06:45:37+08:00,2026-07-24T06:40:01+08:00,514
2026-07-23T22:50:02+00:00,2026-07-24T06:50:02+08:00,2026-07-24T06:45:02+08:00,514
2026-07-23T23:00:08+00:00,2026-07-24T07:00:08+08:00,2026-07-24T06:55:01+08:00,514
2026-07-23T23:10:05+00:00,2026-07-24T07:10:05+08:00,2026-07-24T07:05:01+08:00,514
2026-07-23T23:20:09+00:00,2026-07-24T07:20:09+08:00,2026-07-24T07:15:01+08:00,514
2026-07-23T23:30:05+00:00,2026-07-24T07:30:05+08:00,2026-07-24T07:25:01+08:00,513
2026-07-23T23:40:01+00:00,2026-07-24T07:40:01+08:00,2026-07-24T07:35:01+08:00,512
2026-07-23T23:50:02+00:00,2026-07-24T07:50:02+08:00,2026-07-24T07:45:01+08:00,512
2026-07-24T00:00:03+00:00,2026-07-24T08:00:03+08:00,2026-07-24T07:55:01+08:00,511
2026-07-24T00:10:10+00:00,2026-07-24T08:10:10+08:00,2026-07-24T08:05:02+08:00,508
2026-07-24T00:20:01+00:00,2026-07-24T08:20:01+08:00,2026-07-24T08:15:02+08:00,507
2026-07-24T00:30:05+00:00,2026-07-24T08:30:05+08:00,2026-07-24T08:25:01+08:00,501
2026-07-24T00:40:09+00:00,2026-07-24T08:40:09+08:00,2026-07-24T08:35:01+08:00,500
2026-07-24T01:42:37+00:00,2026-07-24T09:42:37+08:00,2026-07-24T09:35:02+08:00,465
2026-07-24T01:50:09+00:00,2026-07-24T09:50:09+08:00,2026-07-24T09:45:01+08:00,462
2026-07-24T02:00:06+00:00,2026-07-24T10:00:06+08:00,2026-07-24T09:55:02+08:00,453
2026-07-24T02:10:01+00:00,2026-07-24T10:10:01+08:00,2026-07-24T10:05:02+08:00,450
2026-07-24T02:20:07+00:00,2026-07-24T10:20:07+08:00,2026-07-24T10:15:02+08:00,441
2026-07-24T02:30:01+00:00,2026-07-24T10:30:01+08:00,2026-07-24T10:25:01+08:00,438
2026-07-24T02:40:06+00:00,2026-07-24T10:40:06+08:00,2026-07-24T10:35:01+08:00,435
2026-07-24T04:59:49+00:00,2026-07-24T12:59:49+08:00,2026-07-24T12:55:01+08:00,363
2026-07-24T05:00:50+00:00,2026-07-24T13:00:50+08:00,2026-07-24T12:55:01+08:00,363
2026-07-24T05:10:10+00:00,2026-07-24T13:10:10+08:00,2026-07-24T13:05:02+08:00,363
2026-07-24T05:20:03+00:00,2026-07-24T13:20:03+08:00,2026-07-24T13:15:01+08:00,357
2026-07-24T05:30:03+00:00,2026-07-24T13:30:03+08:00,2026-07-24T13:25:02+08:00,354
2026-07-24T05:40:03+00:00,2026-07-24T13:40:03+08:00,2026-07-24T13:35:01+08:00,351
2026-07-24T05:50:05+00:00,2026-07-24T13:50:05+08:00,2026-07-24T13:45:02+08:00,348
2026-07-24T07:32:51+00:00,2026-07-24T15:32:51+08:00,2026-07-24T15:25:02+08:00,297
2026-07-24T07:40:04+00:00,2026-07-24T15:40:04+08:00,2026-07-24T15:35:02+08:00,291
2026-07-24T07:50:02+00:00,2026-07-24T15:50:02+08:00,2026-07-24T15:45:02+08:00,288
2026-07-24T08:00:05+00:00,2026-07-24T16:00:05+08:00,2026-07-24T15:55:01+08:00,278
2026-07-24T08:10:04+00:00,2026-07-24T16:10:04+08:00,2026-07-24T16:05:01+08:00,278
2026-07-24T08:20:05+00:00,2026-07-24T16:20:05+08:00,2026-07-24T16:15:02+08:00,269
2026-07-24T08:30:04+00:00,2026-07-24T16:30:04+08:00,2026-07-24T16:25:01+08:00,266
2026-07-24T10:06:34+00:00,2026-07-24T18:06:34+08:00,2026-07-24T18:00:02+08:00,212
2026-07-24T10:10:04+00:00,2026-07-24T18:10:04+08:00,2026-07-24T18:05:02+08:00,212
2026-07-24T10:20:03+00:00,2026-07-24T18:20:03+08:00,2026-07-24T18:15:02+08:00,203
2026-07-24T10:30:03+00:00,2026-07-24T18:30:03+08:00,2026-07-24T18:25:02+08:00,200
2026-07-24T10:40:02+00:00,2026-07-24T18:40:02+08:00,2026-07-24T18:35:01+08:00,193
2026-07-24T10:50:02+00:00,2026-07-24T18:50:02+08:00,2026-07-24T18:45:02+08:00,190
2026-07-24T11:00:02+00:00,2026-07-24T19:00:02+08:00,2026-07-24T18:55:02+08:00,180
2026-07-24T11:58:47+00:00,2026-07-24T19:58:47+08:00,2026-07-24T19:55:01+08:00,144
2026-07-24T12:00:08+00:00,2026-07-24T20:00:08+08:00,2026-07-24T19:55:01+08:00,144
2026-07-24T12:10:06+00:00,2026-07-24T20:10:06+08:00,2026-07-24T20:05:02+08:00,144
2026-07-24T12:20:06+00:00,2026-07-24T20:20:06+08:00,2026-07-24T20:15:02+08:00,135
2026-07-24T12:30:06+00:00,2026-07-24T20:30:06+08:00,2026-07-24T20:25:01+08:00,132
2026-07-24T12:40:04+00:00,2026-07-24T20:40:04+08:00,2026-07-24T20:35:01+08:00,125
2026-07-24T12:50:05+00:00,2026-07-24T20:50:05+08:00,2026-07-24T20:45:02+08:00,122
2026-07-24T13:43:18+00:00,2026-07-24T21:43:18+08:00,2026-07-24T21:35:02+08:00,91
2026-07-24T13:50:04+00:00,2026-07-24T21:50:04+08:00,2026-07-24T21:45:01+08:00,88
2026-07-24T14:00:10+00:00,2026-07-24T22:00:10+08:00,2026-07-24T21:55:01+08:00,78
2026-07-24T14:10:08+00:00,2026-07-24T22:10:08+08:00,2026-07-24T22:05:02+08:00,72
2026-07-24T14:20:02+00:00,2026-07-24T22:20:02+08:00,2026-07-24T22:15:02+08:00,63
2026-07-24T14:30:09+00:00,2026-07-24T22:30:09+08:00,2026-07-24T22:25:02+08:00,60
2026-07-24T14:40:05+00:00,2026-07-24T22:40:05+08:00,2026-07-24T22:35:02+08:00,54
2026-07-24T15:20:06+00:00,2026-07-24T23:20:06+08:00,2026-07-24T23:15:02+08:00,38
2026-07-24T15:30:01+00:00,2026-07-24T23:30:01+08:00,2026-07-24T23:25:01+08:00,32
2026-07-24T15:40:07+00:00,2026-07-24T23:40:07+08:00,2026-07-24T23:35:01+08:00,25
2026-07-24T15:50:02+00:00,2026-07-24T23:50:02+08:00,2026-07-24T23:45:01+08:00,21
2026-07-24T16:00:10+00:00,2026-07-25T00:00:10+08:00,2026-07-24T23:50:02+08:00,466
2026-07-24T16:10:03+00:00,2026-07-25T00:10:03+08:00,2026-07-24T23:50:02+08:00,466
2026-07-24T17:00:25+00:00,2026-07-25T01:00:25+08:00,2026-07-24T23:50:02+08:00,466
2026-07-24T17:20:10+00:00,2026-07-25T01:20:10+08:00,2026-07-24T23:50:02+08:00,466
2026-07-24T17:40:06+00:00,2026-07-25T01:40:06+08:00,2026-07-24T23:50:02+08:00,466
2026-07-24T18:53:07+00:00,2026-07-25T02:53:07+08:00,2026-07-24T23:50:02+08:00,466
2026-07-24T19:00:02+00:00,2026-07-25T03:00:02+08:00,2026-07-24T23:50:02+08:00,466
2026-07-24T19:20:08+00:00,2026-07-25T03:20:08+08:00,2026-07-24T23:50:02+08:00,466
2026-07-24T19:40:04+00:00,2026-07-25T03:40:04+08:00,2026-07-24T23:50:02+08:00,466
2026-07-24T20:09:33+00:00,2026-07-25T04:09:33+08:00,2026-07-24T23:50:02+08:00,466
2026-07-24T20:20:09+00:00,2026-07-25T04:20:09+08:00,2026-07-24T23:50:02+08:00,466
2026-07-24T20:40:05+00:00,2026-07-25T04:40:05+08:00,2026-07-24T23:50:02+08:00,466
2026-07-24T20:55:02+00:00,2026-07-25T04:55:02+08:00,2026-07-24T23:50:02+08:00,466
2026-07-24T20:56:08+00:00,2026-07-25T04:56:08+08:00,2026-07-24T23:50:02+08:00,466
2026-07-24T20:57:03+00:00,2026-07-25T04:57:03+08:00,2026-07-24T23:50:02+08:00,466
2026-07-24T20:58:09+00:00,2026-07-25T04:58:09+08:00,2026-07-24T23:50:02+08:00,466
2026-07-24T20:59:05+00:00,2026-07-25T04:59:05+08:00,2026-07-24T23:50:02+08:00,466
2026-07-24T21:00:10+00:00,2026-07-25T05:00:10+08:00,2026-07-24T23:50:02+08:00,466
2026-07-24T21:01:06+00:00,2026-07-25T05:01:06+08:00,2026-07-24T23:50:02+08:00,466
2026-07-24T21:02:01+00:00,2026-07-25T05:02:01+08:00,2026-07-24T23:50:02+08:00,466
2026-07-24T21:03:06+00:00,2026-07-25T05:03:06+08:00,2026-07-24T23:50:02+08:00,466
2026-07-24T21:04:02+00:00,2026-07-25T05:04:02+08:00,,0
2026-07-24T21:05:08+00:00,2026-07-25T05:05:08+08:00,,0
2026-07-24T21:06:03+00:00,2026-07-25T05:06:03+08:00,,0
2026-07-24T21:07:09+00:00,2026-07-25T05:07:09+08:00,,0
2026-07-24T21:33:43+00:00,2026-07-25T05:33:43+08:00,2026-07-25T05:30:02+08:00,466
2026-07-24T21:34:23+00:00,2026-07-25T05:34:23+08:00,2026-07-25T05:30:02+08:00,466
2026-07-24T21:35:09+00:00,2026-07-25T05:35:09+08:00,2026-07-25T05:30:02+08:00,466
2026-07-24T21:36:05+00:00,2026-07-25T05:36:05+08:00,2026-07-25T05:30:02+08:00,466
2026-07-24T21:37:01+00:00,2026-07-25T05:37:01+08:00,2026-07-25T05:30:02+08:00,466
2026-07-24T21:38:10+00:00,2026-07-25T05:38:10+08:00,2026-07-25T05:30:02+08:00,466
2026-07-24T21:39:06+00:00,2026-07-25T05:39:06+08:00,2026-07-25T05:35:02+08:00,466
2026-07-24T21:40:01+00:00,2026-07-25T05:40:01+08:00,2026-07-25T05:35:02+08:00,466
2026-07-24T21:41:07+00:00,2026-07-25T05:41:07+08:00,2026-07-25T05:35:02+08:00,466
2026-07-24T21:42:05+00:00,2026-07-25T05:42:05+08:00,2026-07-25T05:35:02+08:00,466
2026-07-24T21:43:01+00:00,2026-07-25T05:43:01+08:00,2026-07-25T05:35:02+08:00,466
2026-07-24T21:44:07+00:00,2026-07-25T05:44:07+08:00,2026-07-25T05:40:02+08:00,466
2026-07-24T21:45:04+00:00,2026-07-25T05:45:04+08:00,2026-07-25T05:40:02+08:00,466
2026-07-24T21:46:10+00:00,2026-07-25T05:46:10+08:00,2026-07-25T05:40:02+08:00,466
2026-07-24T21:47:06+00:00,2026-07-25T05:47:06+08:00,2026-07-25T05:40:02+08:00,466
2026-07-24T21:48:07+00:00,2026-07-25T05:48:07+08:00,2026-07-25T05:40:02+08:00,466
2026-07-24T21:49:03+00:00,2026-07-25T05:49:03+08:00,2026-07-25T05:45:02+08:00,466
2026-07-24T21:50:09+00:00,2026-07-25T05:50:09+08:00,2026-07-25T05:45:02+08:00,466
2026-07-24T22:00:01+00:00,2026-07-25T06:00:01+08:00,2026-07-25T05:55:02+08:00,466
2026-07-24T22:10:03+00:00,2026-07-25T06:10:03+08:00,2026-07-25T06:05:02+08:00,466
2026-07-24T22:20:08+00:00,2026-07-25T06:20:08+08:00,2026-07-25T06:15:02+08:00,466
2026-07-24T22:30:01+00:00,2026-07-25T06:30:01+08:00,2026-07-25T06:25:02+08:00,466
2026-07-24T22:51:55+00:00,2026-07-25T06:51:55+08:00,2026-07-25T06:45:02+08:00,466
2026-07-24T23:00:05+00:00,2026-07-25T07:00:05+08:00,2026-07-25T06:55:02+08:00,466
2026-07-24T23:10:05+00:00,2026-07-25T07:10:05+08:00,2026-07-25T07:05:01+08:00,466
2026-07-24T23:20:04+00:00,2026-07-25T07:20:04+08:00,2026-07-25T07:15:01+08:00,466
2026-07-24T23:30:03+00:00,2026-07-25T07:30:03+08:00,2026-07-25T07:25:01+08:00,465
2026-07-24T23:40:02+00:00,2026-07-25T07:40:02+08:00,2026-07-25T07:35:01+08:00,464
2026-07-24T23:54:57+00:00,2026-07-25T07:54:57+08:00,2026-07-25T07:50:02+08:00,464
2026-07-25T00:00:10+00:00,2026-07-25T08:00:10+08:00,2026-07-25T07:55:02+08:00,464
2026-07-25T00:10:02+00:00,2026-07-25T08:10:02+08:00,2026-07-25T08:05:02+08:00,461
2026-07-25T00:20:06+00:00,2026-07-25T08:20:06+08:00,2026-07-25T08:15:02+08:00,460
2026-07-25T00:30:08+00:00,2026-07-25T08:30:08+08:00,2026-07-25T08:25:01+08:00,454
2026-07-25T00:40:02+00:00,2026-07-25T08:40:02+08:00,2026-07-25T08:35:02+08:00,453
2026-07-25T00:50:04+00:00,2026-07-25T08:50:04+08:00,2026-07-25T08:45:02+08:00,447
2026-07-25T01:42:43+00:00,2026-07-25T09:42:43+08:00,2026-07-25T09:35:02+08:00,421
2026-07-25T01:50:02+00:00,2026-07-25T09:50:02+08:00,2026-07-25T09:45:01+08:00,418
2026-07-25T02:00:02+00:00,2026-07-25T10:00:02+08:00,2026-07-25T09:55:01+08:00,408
2026-07-25T02:10:03+00:00,2026-07-25T10:10:03+08:00,2026-07-25T10:05:01+08:00,405
2026-07-25T02:20:02+00:00,2026-07-25T10:20:02+08:00,2026-07-25T10:15:02+08:00,396
2026-07-25T02:30:03+00:00,2026-07-25T10:30:03+08:00,2026-07-25T10:25:02+08:00,393
2026-07-25T02:40:02+00:00,2026-07-25T10:40:02+08:00,2026-07-25T10:35:02+08:00,387
2026-07-25T04:55:55+00:00,2026-07-25T12:55:55+08:00,2026-07-25T12:50:02+08:00,310
2026-07-25T05:00:04+00:00,2026-07-25T13:00:04+08:00,2026-07-25T12:55:02+08:00,307
2026-07-25T05:10:03+00:00,2026-07-25T13:10:03+08:00,2026-07-25T13:05:01+08:00,304
2026-07-25T05:20:02+00:00,2026-07-25T13:20:02+08:00,2026-07-25T13:15:02+08:00,295
2026-07-25T05:30:01+00:00,2026-07-25T13:30:01+08:00,2026-07-25T13:25:01+08:00,292
2026-07-25T05:40:01+00:00,2026-07-25T13:40:01+08:00,2026-07-25T13:35:02+08:00,289
2026-07-25T05:50:10+00:00,2026-07-25T13:50:10+08:00,2026-07-25T13:45:01+08:00,286
2026-07-25T07:09:23+00:00,2026-07-25T15:09:23+08:00,2026-07-25T15:05:02+08:00,247
2026-07-25T07:10:02+00:00,2026-07-25T15:10:02+08:00,2026-07-25T15:05:02+08:00,247
2026-07-25T07:20:03+00:00,2026-07-25T15:20:03+08:00,2026-07-25T15:15:02+08:00,238
2026-07-25T07:30:03+00:00,2026-07-25T15:30:03+08:00,2026-07-25T15:25:02+08:00,235
2026-07-25T07:40:03+00:00,2026-07-25T15:40:03+08:00,2026-07-25T15:35:02+08:00,232
2026-07-25T07:50:03+00:00,2026-07-25T15:50:03+08:00,2026-07-25T15:45:02+08:00,229
2026-07-25T08:00:03+00:00,2026-07-25T16:00:03+08:00,2026-07-25T15:55:01+08:00,220
2026-07-25T09:16:35+00:00,2026-07-25T17:16:35+08:00,2026-07-25T17:10:02+08:00,187
2026-07-25T09:20:08+00:00,2026-07-25T17:20:08+08:00,2026-07-25T17:15:02+08:00,184
2026-07-25T09:30:09+00:00,2026-07-25T17:30:09+08:00,2026-07-25T17:25:01+08:00,181
2026-07-25T09:40:03+00:00,2026-07-25T17:40:03+08:00,2026-07-25T17:35:02+08:00,178
2026-07-25T09:50:07+00:00,2026-07-25T17:50:07+08:00,2026-07-25T17:45:02+08:00,175
2026-07-25T10:00:08+00:00,2026-07-25T18:00:08+08:00,2026-07-25T17:55:02+08:00,166
2026-07-25T10:10:10+00:00,2026-07-25T18:10:10+08:00,2026-07-25T18:05:02+08:00,160
2026-07-25T10:50:15+00:00,2026-07-25T18:50:15+08:00,2026-07-25T18:45:02+08:00,142
2026-07-25T11:00:02+00:00,2026-07-25T19:00:02+08:00,2026-07-25T18:55:01+08:00,133
2026-07-25T11:10:09+00:00,2026-07-25T19:10:09+08:00,2026-07-25T19:05:02+08:00,133
2026-07-25T11:20:06+00:00,2026-07-25T19:20:06+08:00,2026-07-25T19:15:02+08:00,127
2026-07-25T11:30:04+00:00,2026-07-25T19:30:04+08:00,2026-07-25T19:25:02+08:00,124
2026-07-25T11:40:01+00:00,2026-07-25T19:40:01+08:00,2026-07-25T19:35:02+08:00,121
2026-07-25T11:55:51+00:00,2026-07-25T19:55:51+08:00,2026-07-25T19:50:02+08:00,112
2026-07-25T12:00:05+00:00,2026-07-25T20:00:05+08:00,2026-07-25T19:55:02+08:00,109
2026-07-25T12:10:05+00:00,2026-07-25T20:10:05+08:00,2026-07-25T20:05:02+08:00,109
2026-07-25T12:20:07+00:00,2026-07-25T20:20:07+08:00,2026-07-25T20:15:02+08:00,103
2026-07-25T12:30:08+00:00,2026-07-25T20:30:08+08:00,2026-07-25T20:25:02+08:00,100
2026-07-25T12:40:10+00:00,2026-07-25T20:40:10+08:00,2026-07-25T20:35:02+08:00,94
2026-07-25T12:50:02+00:00,2026-07-25T20:50:02+08:00,2026-07-25T20:45:01+08:00,91
2026-07-25T13:03:30+00:00,2026-07-25T21:03:30+08:00,2026-07-25T20:55:02+08:00,82
2026-07-25T13:10:10+00:00,2026-07-25T21:10:10+08:00,2026-07-25T21:05:02+08:00,82
2026-07-25T13:20:10+00:00,2026-07-25T21:20:10+08:00,2026-07-25T21:15:02+08:00,76
2026-07-25T13:30:10+00:00,2026-07-25T21:30:10+08:00,2026-07-25T21:25:02+08:00,73
2026-07-25T13:40:07+00:00,2026-07-25T21:40:07+08:00,2026-07-25T21:35:01+08:00,70
2026-07-25T13:50:09+00:00,2026-07-25T21:50:09+08:00,2026-07-25T21:45:02+08:00,67
2026-07-25T14:00:07+00:00,2026-07-25T22:00:07+08:00,2026-07-25T21:55:01+08:00,58
2026-07-25T14:43:59+00:00,2026-07-25T22:43:59+08:00,2026-07-25T22:40:02+08:00,46
2026-07-25T14:50:07+00:00,2026-07-25T22:50:07+08:00,2026-07-25T22:45:02+08:00,43
2026-07-25T15:00:06+00:00,2026-07-25T23:00:06+08:00,2026-07-25T22:55:01+08:00,34
2026-07-25T15:10:05+00:00,2026-07-25T23:10:05+08:00,2026-07-25T23:05:01+08:00,34
2026-07-25T15:20:04+00:00,2026-07-25T23:20:04+08:00,2026-07-25T23:15:01+08:00,31
2026-07-25T15:30:02+00:00,2026-07-25T23:30:02+08:00,2026-07-25T23:25:01+08:00,28
2026-07-25T15:40:01+00:00,2026-07-25T23:40:01+08:00,2026-07-25T23:35:01+08:00,24
2026-07-25T15:55:42+00:00,2026-07-25T23:55:42+08:00,2026-07-25T23:50:02+08:00,20
2026-07-25T16:00:08+00:00,2026-07-26T00:00:08+08:00,2026-07-25T23:50:02+08:00,508
2026-07-25T16:10:03+00:00,2026-07-26T00:10:03+08:00,2026-07-25T23:50:02+08:00,508
2026-07-25T16:20:08+00:00,2026-07-26T00:20:08+08:00,2026-07-25T23:50:02+08:00,508
2026-07-25T16:30:03+00:00,2026-07-26T00:30:03+08:00,2026-07-25T23:50:02+08:00,508
2026-07-25T16:40:09+00:00,2026-07-26T00:40:09+08:00,2026-07-25T23:50:02+08:00,508
2026-07-25T16:50:04+00:00,2026-07-26T00:50:04+08:00,2026-07-25T23:50:02+08:00,508
2026-07-25T16:54:02+00:00,2026-07-26T00:54:02+08:00,2026-07-25T23:50:02+08:00,508
2026-07-25T17:00:02+00:00,2026-07-26T01:00:02+08:00,2026-07-25T23:50:02+08:00,508
2026-07-25T17:20:02+00:00,2026-07-26T01:20:02+08:00,2026-07-25T23:50:02+08:00,508
2026-07-25T17:40:08+00:00,2026-07-26T01:40:08+08:00,2026-07-25T23:50:02+08:00,508
2026-07-25T17:52:17+00:00,2026-07-26T01:52:17+08:00,2026-07-25T23:50:02+08:00,508
2026-07-25T18:00:04+00:00,2026-07-26T02:00:04+08:00,2026-07-25T23:50:02+08:00,508
2026-07-25T18:20:01+00:00,2026-07-26T02:20:01+08:00,2026-07-25T23:50:02+08:00,508
2026-07-25T18:40:06+00:00,2026-07-26T02:40:06+08:00,2026-07-25T23:50:02+08:00,508
2026-07-25T18:50:35+00:00,2026-07-26T02:50:35+08:00,2026-07-25T23:50:02+08:00,508
2026-07-25T19:00:10+00:00,2026-07-26T03:00:10+08:00,2026-07-25T23:50:02+08:00,508
2026-07-25T19:20:07+00:00,2026-07-26T03:20:07+08:00,2026-07-25T23:50:02+08:00,508
2026-07-25T19:40:03+00:00,2026-07-26T03:40:03+08:00,2026-07-25T23:50:02+08:00,508
2026-07-25T20:04:44+00:00,2026-07-26T04:04:44+08:00,2026-07-25T23:50:02+08:00,508
2026-07-25T20:20:09+00:00,2026-07-26T04:20:09+08:00,2026-07-25T23:50:02+08:00,508
2026-07-25T20:40:05+00:00,2026-07-26T04:40:05+08:00,2026-07-25T23:50:02+08:00,508
2026-07-25T20:55:10+00:00,2026-07-26T04:55:10+08:00,2026-07-25T23:50:02+08:00,508
2026-07-25T20:56:05+00:00,2026-07-26T04:56:05+08:00,2026-07-25T23:50:02+08:00,508
2026-07-25T20:57:01+00:00,2026-07-26T04:57:01+08:00,2026-07-25T23:50:02+08:00,508
2026-07-25T20:58:06+00:00,2026-07-26T04:58:06+08:00,2026-07-25T23:50:02+08:00,508
2026-07-25T20:59:01+00:00,2026-07-26T04:59:01+08:00,2026-07-25T23:50:02+08:00,508
2026-07-25T21:00:06+00:00,2026-07-26T05:00:06+08:00,2026-07-25T23:50:02+08:00,508
2026-07-25T21:01:02+00:00,2026-07-26T05:01:02+08:00,2026-07-25T23:50:02+08:00,508
2026-07-25T21:02:08+00:00,2026-07-26T05:02:08+08:00,2026-07-25T23:50:02+08:00,508
2026-07-25T21:14:24+00:00,2026-07-26T05:14:24+08:00,2026-07-26T05:10:02+08:00,508
2026-07-25T21:15:10+00:00,2026-07-26T05:15:10+08:00,2026-07-26T05:10:02+08:00,508
2026-07-25T21:16:05+00:00,2026-07-26T05:16:05+08:00,2026-07-26T05:10:02+08:00,508
2026-07-25T21:17:01+00:00,2026-07-26T05:17:01+08:00,2026-07-26T05:10:02+08:00,508
2026-07-25T21:18:04+00:00,2026-07-26T05:18:04+08:00,2026-07-26T05:10:02+08:00,508
2026-07-25T21:19:09+00:00,2026-07-26T05:19:09+08:00,2026-07-26T05:15:02+08:00,508
2026-07-25T21:20:05+00:00,2026-07-26T05:20:05+08:00,2026-07-26T05:15:02+08:00,508
2026-07-25T21:21:00+00:00,2026-07-26T05:21:00+08:00,2026-07-26T05:15:02+08:00,508
2026-07-25T21:22:06+00:00,2026-07-26T05:22:06+08:00,2026-07-26T05:15:02+08:00,508
2026-07-25T21:23:02+00:00,2026-07-26T05:23:02+08:00,2026-07-26T05:15:02+08:00,508
2026-07-25T21:24:08+00:00,2026-07-26T05:24:08+08:00,2026-07-26T05:20:02+08:00,508
2026-07-25T21:25:04+00:00,2026-07-26T05:25:04+08:00,2026-07-26T05:20:02+08:00,508
2026-07-25T21:26:10+00:00,2026-07-26T05:26:10+08:00,2026-07-26T05:20:02+08:00,508
2026-07-25T21:27:06+00:00,2026-07-26T05:27:06+08:00,2026-07-26T05:20:02+08:00,508
2026-07-25T21:28:10+00:00,2026-07-26T05:28:10+08:00,2026-07-26T05:20:02+08:00,508
2026-07-25T21:29:05+00:00,2026-07-26T05:29:05+08:00,2026-07-26T05:25:01+08:00,508
2026-07-25T21:30:01+00:00,2026-07-26T05:30:01+08:00,2026-07-26T05:25:01+08:00,508
2026-07-25T21:31:06+00:00,2026-07-26T05:31:06+08:00,2026-07-26T05:25:01+08:00,508
2026-07-25T21:32:02+00:00,2026-07-26T05:32:02+08:00,2026-07-26T05:25:01+08:00,508
2026-07-25T21:33:08+00:00,2026-07-26T05:33:08+08:00,2026-07-26T05:25:01+08:00,508
2026-07-25T21:34:03+00:00,2026-07-26T05:34:03+08:00,2026-07-26T05:30:01+08:00,508
2026-07-25T21:35:08+00:00,2026-07-26T05:35:08+08:00,2026-07-26T05:30:01+08:00,508
2026-07-25T21:36:06+00:00,2026-07-26T05:36:06+08:00,2026-07-26T05:30:01+08:00,508
2026-07-25T21:37:02+00:00,2026-07-26T05:37:02+08:00,2026-07-26T05:30:01+08:00,508
2026-07-25T21:38:06+00:00,2026-07-26T05:38:06+08:00,2026-07-26T05:30:01+08:00,508
2026-07-25T21:39:01+00:00,2026-07-26T05:39:01+08:00,2026-07-26T05:35:01+08:00,508
2026-07-25T21:40:06+00:00,2026-07-26T05:40:06+08:00,2026-07-26T05:35:01+08:00,508
2026-07-25T21:41:02+00:00,2026-07-26T05:41:02+08:00,2026-07-26T05:35:01+08:00,508
2026-07-25T21:42:07+00:00,2026-07-26T05:42:07+08:00,2026-07-26T05:35:01+08:00,508
2026-07-25T21:43:04+00:00,2026-07-26T05:43:04+08:00,2026-07-26T05:35:01+08:00,508
2026-07-25T21:44:09+00:00,2026-07-26T05:44:09+08:00,2026-07-26T05:40:01+08:00,508
2026-07-25T21:45:05+00:00,2026-07-26T05:45:05+08:00,2026-07-26T05:40:01+08:00,508
2026-07-25T21:46:01+00:00,2026-07-26T05:46:01+08:00,2026-07-26T05:40:01+08:00,508
2026-07-25T21:47:07+00:00,2026-07-26T05:47:07+08:00,2026-07-26T05:40:01+08:00,508
2026-07-25T21:48:10+00:00,2026-07-26T05:48:10+08:00,2026-07-26T05:40:01+08:00,508
2026-07-25T21:49:06+00:00,2026-07-26T05:49:06+08:00,2026-07-26T05:45:01+08:00,508
2026-07-25T21:50:02+00:00,2026-07-26T05:50:02+08:00,2026-07-26T05:45:01+08:00,508
2026-07-25T22:00:09+00:00,2026-07-26T06:00:09+08:00,2026-07-26T05:55:01+08:00,508
2026-07-25T22:10:07+00:00,2026-07-26T06:10:07+08:00,2026-07-26T06:05:01+08:00,508
2026-07-25T22:16:40+00:00,2026-07-26T06:16:40+08:00,2026-07-26T06:10:02+08:00,508
2026-07-25T22:20:09+00:00,2026-07-26T06:20:09+08:00,2026-07-26T06:15:01+08:00,508
2026-07-25T22:30:08+00:00,2026-07-26T06:30:08+08:00,2026-07-26T06:25:02+08:00,508
2026-07-25T22:40:08+00:00,2026-07-26T06:40:08+08:00,2026-07-26T06:35:02+08:00,508
2026-07-25T22:50:07+00:00,2026-07-26T06:50:07+08:00,2026-07-26T06:45:02+08:00,508
2026-07-25T23:00:05+00:00,2026-07-26T07:00:05+08:00,2026-07-26T06:55:01+08:00,508
2026-07-25T23:10:05+00:00,2026-07-26T07:10:05+08:00,2026-07-26T07:05:01+08:00,508
2026-07-25T23:26:23+00:00,2026-07-26T07:26:23+08:00,2026-07-26T07:20:01+08:00,508
2026-07-25T23:30:03+00:00,2026-07-26T07:30:03+08:00,2026-07-26T07:25:01+08:00,507
2026-07-25T23:40:03+00:00,2026-07-26T07:40:03+08:00,2026-07-26T07:35:01+08:00,506
2026-07-25T23:50:04+00:00,2026-07-26T07:50:04+08:00,2026-07-26T07:45:01+08:00,506
2026-07-26T00:00:03+00:00,2026-07-26T08:00:03+08:00,2026-07-26T07:55:01+08:00,506
2026-07-26T00:10:03+00:00,2026-07-26T08:10:03+08:00,2026-07-26T08:05:01+08:00,503
2026-07-26T00:20:05+00:00,2026-07-26T08:20:05+08:00,2026-07-26T08:15:01+08:00,502
2026-07-26T01:04:27+00:00,2026-07-26T09:04:27+08:00,2026-07-26T09:00:02+08:00,487
2026-07-26T01:10:03+00:00,2026-07-26T09:10:03+08:00,2026-07-26T09:05:01+08:00,487
2026-07-26T01:20:07+00:00,2026-07-26T09:20:07+08:00,2026-07-26T09:15:02+08:00,478
2026-07-26T01:30:02+00:00,2026-07-26T09:30:02+08:00,2026-07-26T09:25:01+08:00,478
2026-07-26T01:40:08+00:00,2026-07-26T09:40:08+08:00,2026-07-26T09:35:01+08:00,472
2026-07-26T01:50:04+00:00,2026-07-26T09:50:04+08:00,2026-07-26T09:45:02+08:00,469
2026-07-26T02:00:10+00:00,2026-07-26T10:00:10+08:00,2026-07-26T09:55:01+08:00,460
2026-07-26T04:50:59+00:00,2026-07-26T12:50:59+08:00,2026-07-26T12:45:02+08:00,388
2026-07-26T05:00:08+00:00,2026-07-26T13:00:08+08:00,2026-07-26T12:55:01+08:00,379
2026-07-26T05:10:06+00:00,2026-07-26T13:10:06+08:00,2026-07-26T13:05:01+08:00,376
2026-07-26T05:20:02+00:00,2026-07-26T13:20:02+08:00,2026-07-26T13:15:02+08:00,370
2026-07-26T05:30:10+00:00,2026-07-26T13:30:10+08:00,2026-07-26T13:25:01+08:00,367
2026-07-26T05:40:06+00:00,2026-07-26T13:40:06+08:00,2026-07-26T13:35:02+08:00,364
2026-07-26T07:30:12+00:00,2026-07-26T15:30:12+08:00,2026-07-26T15:25:01+08:00,312
2026-07-26T07:40:03+00:00,2026-07-26T15:40:03+08:00,2026-07-26T15:35:02+08:00,305
2026-07-26T07:50:05+00:00,2026-07-26T15:50:05+08:00,2026-07-26T15:45:01+08:00,302
2026-07-26T08:00:04+00:00,2026-07-26T16:00:04+08:00,2026-07-26T15:55:01+08:00,292
2026-07-26T08:10:05+00:00,2026-07-26T16:10:05+08:00,2026-07-26T16:05:02+08:00,292
2026-07-26T08:20:08+00:00,2026-07-26T16:20:08+08:00,2026-07-26T16:15:01+08:00,283
2026-07-26T09:50:06+00:00,2026-07-26T17:50:06+08:00,2026-07-26T17:45:02+08:00,235
2026-07-26T10:00:08+00:00,2026-07-26T18:00:08+08:00,2026-07-26T17:55:02+08:00,225
2026-07-26T10:10:09+00:00,2026-07-26T18:10:09+08:00,2026-07-26T18:05:02+08:00,222
2026-07-26T10:20:11+00:00,2026-07-26T18:20:11+08:00,2026-07-26T18:15:01+08:00,213
2026-07-26T10:30:11+00:00,2026-07-26T18:30:11+08:00,2026-07-26T18:25:01+08:00,210
2026-07-26T10:40:10+00:00,2026-07-26T18:40:10+08:00,2026-07-26T18:35:02+08:00,203
2026-07-26T11:12:45+00:00,2026-07-26T19:12:45+08:00,2026-07-26T19:05:01+08:00,190
2026-07-26T11:20:03+00:00,2026-07-26T19:20:03+08:00,2026-07-26T19:15:01+08:00,181
2026-07-26T11:30:01+00:00,2026-07-26T19:30:01+08:00,2026-07-26T19:25:01+08:00,178
2026-07-26T11:40:10+00:00,2026-07-26T19:40:10+08:00,2026-07-26T19:35:01+08:00,171
2026-07-26T11:50:07+00:00,2026-07-26T19:50:07+08:00,2026-07-26T19:45:02+08:00,168
2026-07-26T12:00:06+00:00,2026-07-26T20:00:06+08:00,2026-07-26T19:55:01+08:00,158
2026-07-26T12:10:03+00:00,2026-07-26T20:10:03+08:00,2026-07-26T20:05:01+08:00,155
2026-07-26T12:35:59+00:00,2026-07-26T20:35:59+08:00,2026-07-26T20:30:02+08:00,139
2026-07-26T12:40:09+00:00,2026-07-26T20:40:09+08:00,2026-07-26T20:35:02+08:00,136
2026-07-26T12:50:03+00:00,2026-07-26T20:50:03+08:00,2026-07-26T20:45:01+08:00,133
2026-07-26T13:00:03+00:00,2026-07-26T21:00:03+08:00,2026-07-26T20:55:01+08:00,123
2026-07-26T13:10:02+00:00,2026-07-26T21:10:02+08:00,2026-07-26T21:05:02+08:00,120
2026-07-26T13:20:05+00:00,2026-07-26T21:20:05+08:00,2026-07-26T21:15:01+08:00,111
2026-07-26T13:30:04+00:00,2026-07-26T21:30:04+08:00,2026-07-26T21:25:02+08:00,108
2026-07-26T14:23:20+00:00,2026-07-26T22:23:20+08:00,2026-07-26T22:15:02+08:00,76
2026-07-26T14:30:08+00:00,2026-07-26T22:30:08+08:00,2026-07-26T22:25:02+08:00,73
2026-07-26T14:40:06+00:00,2026-07-26T22:40:06+08:00,2026-07-26T22:35:02+08:00,66
2026-07-26T14:50:04+00:00,2026-07-26T22:50:04+08:00,2026-07-26T22:45:02+08:00,63
2026-07-26T15:00:02+00:00,2026-07-26T23:00:02+08:00,2026-07-26T22:55:02+08:00,54
2026-07-26T15:10:01+00:00,2026-07-26T23:10:01+08:00,2026-07-26T23:05:01+08:00,48
2026-07-26T15:20:10+00:00,2026-07-26T23:20:10+08:00,2026-07-26T23:15:01+08:00,40
2026-07-26T15:35:34+00:00,2026-07-26T23:35:34+08:00,2026-07-26T23:30:02+08:00,31
2026-07-26T15:40:05+00:00,2026-07-26T23:40:05+08:00,2026-07-26T23:35:01+08:00,27
2026-07-26T15:50:03+00:00,2026-07-26T23:50:03+08:00,2026-07-26T23:45:02+08:00,23
2026-07-26T16:00:08+00:00,2026-07-27T00:00:08+08:00,2026-07-26T23:50:02+08:00,453
2026-07-26T16:10:05+00:00,2026-07-27T00:10:05+08:00,2026-07-26T23:50:02+08:00,453
2026-07-26T16:20:04+00:00,2026-07-27T00:20:04+08:00,2026-07-26T23:50:02+08:00,453
2026-07-26T16:30:10+00:00,2026-07-27T00:30:10+08:00,2026-07-26T23:50:02+08:00,453
2026-07-26T16:45:34+00:00,2026-07-27T00:45:34+08:00,2026-07-26T23:50:02+08:00,453
2026-07-26T16:50:02+00:00,2026-07-27T00:50:02+08:00,2026-07-26T23:50:02+08:00,453
2026-07-26T17:00:08+00:00,2026-07-27T01:00:08+08:00,2026-07-26T23:50:02+08:00,453
2026-07-26T17:20:04+00:00,2026-07-27T01:20:04+08:00,2026-07-26T23:50:02+08:00,453
2026-07-26T17:40:10+00:00,2026-07-27T01:40:10+08:00,2026-07-26T23:50:02+08:00,453
2026-07-26T17:53:39+00:00,2026-07-27T01:53:39+08:00,2026-07-26T23:50:02+08:00,453
2026-07-26T18:00:05+00:00,2026-07-27T02:00:05+08:00,2026-07-26T23:50:02+08:00,453
2026-07-26T18:20:02+00:00,2026-07-27T02:20:02+08:00,2026-07-26T23:50:02+08:00,453
2026-07-26T18:40:08+00:00,2026-07-27T02:40:08+08:00,2026-07-26T23:50:02+08:00,453
2026-07-26T18:54:59+00:00,2026-07-27T02:54:59+08:00,2026-07-26T23:50:02+08:00,453
2026-07-26T19:00:07+00:00,2026-07-27T03:00:07+08:00,2026-07-26T23:50:02+08:00,453
2026-07-26T19:20:07+00:00,2026-07-27T03:20:07+08:00,2026-07-26T23:50:02+08:00,453
2026-07-26T19:40:04+00:00,2026-07-27T03:40:04+08:00,2026-07-26T23:50:02+08:00,453
2026-07-26T20:03:47+00:00,2026-07-27T04:03:47+08:00,2026-07-26T23:50:02+08:00,453
2026-07-26T20:20:02+00:00,2026-07-27T04:20:02+08:00,2026-07-26T23:50:02+08:00,453
2026-07-26T20:40:08+00:00,2026-07-27T04:40:08+08:00,2026-07-26T23:50:02+08:00,453
2026-07-26T20:55:03+00:00,2026-07-27T04:55:03+08:00,2026-07-26T23:50:02+08:00,453
2026-07-26T20:56:08+00:00,2026-07-27T04:56:08+08:00,2026-07-26T23:50:02+08:00,453
2026-07-26T20:57:04+00:00,2026-07-27T04:57:04+08:00,2026-07-26T23:50:02+08:00,453
2026-07-26T20:58:09+00:00,2026-07-27T04:58:09+08:00,2026-07-26T23:50:02+08:00,453
2026-07-26T20:59:04+00:00,2026-07-27T04:59:04+08:00,2026-07-26T23:50:02+08:00,453
2026-07-26T21:00:09+00:00,2026-07-27T05:00:09+08:00,2026-07-26T23:50:02+08:00,453
2026-07-26T21:01:05+00:00,2026-07-27T05:01:05+08:00,2026-07-26T23:50:02+08:00,453
2026-07-26T21:23:32+00:00,2026-07-27T05:23:32+08:00,2026-07-27T05:15:01+08:00,453
2026-07-26T21:24:07+00:00,2026-07-27T05:24:07+08:00,2026-07-27T05:20:02+08:00,453
2026-07-26T21:25:03+00:00,2026-07-27T05:25:03+08:00,2026-07-27T05:20:02+08:00,453
2026-07-26T21:26:08+00:00,2026-07-27T05:26:08+08:00,2026-07-27T05:20:02+08:00,453
2026-07-26T21:27:04+00:00,2026-07-27T05:27:04+08:00,2026-07-27T05:20:02+08:00,453
2026-07-26T21:28:02+00:00,2026-07-27T05:28:02+08:00,2026-07-27T05:20:02+08:00,453
2026-07-26T21:29:07+00:00,2026-07-27T05:29:07+08:00,2026-07-27T05:25:02+08:00,453
2026-07-26T21:30:03+00:00,2026-07-27T05:30:03+08:00,2026-07-27T05:25:02+08:00,453
2026-07-26T21:31:09+00:00,2026-07-27T05:31:09+08:00,2026-07-27T05:25:02+08:00,453
2026-07-26T21:32:04+00:00,2026-07-27T05:32:04+08:00,2026-07-27T05:25:02+08:00,453
2026-07-26T21:33:09+00:00,2026-07-27T05:33:09+08:00,2026-07-27T05:25:02+08:00,453
2026-07-26T21:34:05+00:00,2026-07-27T05:34:05+08:00,2026-07-27T05:30:02+08:00,453
2026-07-26T21:35:01+00:00,2026-07-27T05:35:01+08:00,2026-07-27T05:30:02+08:00,453
2026-07-26T21:36:06+00:00,2026-07-27T05:36:06+08:00,2026-07-27T05:30:02+08:00,453
2026-07-26T21:37:02+00:00,2026-07-27T05:37:02+08:00,2026-07-27T05:30:02+08:00,453
2026-07-26T21:38:09+00:00,2026-07-27T05:38:09+08:00,2026-07-27T05:30:02+08:00,453
2026-07-26T21:39:04+00:00,2026-07-27T05:39:04+08:00,2026-07-27T05:35:01+08:00,453
2026-07-26T21:40:10+00:00,2026-07-27T05:40:10+08:00,2026-07-27T05:35:01+08:00,453
2026-07-26T21:41:06+00:00,2026-07-27T05:41:06+08:00,2026-07-27T05:35:01+08:00,453
2026-07-26T21:42:01+00:00,2026-07-27T05:42:01+08:00,2026-07-27T05:35:01+08:00,453
2026-07-26T21:43:07+00:00,2026-07-27T05:43:07+08:00,2026-07-27T05:35:01+08:00,453
2026-07-26T21:44:02+00:00,2026-07-27T05:44:02+08:00,2026-07-27T05:40:01+08:00,453
2026-07-26T21:45:08+00:00,2026-07-27T05:45:08+08:00,2026-07-27T05:40:01+08:00,453
2026-07-26T21:46:04+00:00,2026-07-27T05:46:04+08:00,2026-07-27T05:40:01+08:00,453
2026-07-26T21:47:10+00:00,2026-07-27T05:47:10+08:00,2026-07-27T05:40:01+08:00,453
2026-07-26T21:48:07+00:00,2026-07-27T05:48:07+08:00,2026-07-27T05:40:01+08:00,453
2026-07-26T21:49:02+00:00,2026-07-27T05:49:02+08:00,2026-07-27T05:45:02+08:00,453
2026-07-26T21:50:08+00:00,2026-07-27T05:50:08+08:00,2026-07-27T05:45:02+08:00,453
2026-07-26T22:00:07+00:00,2026-07-27T06:00:07+08:00,2026-07-27T05:55:01+08:00,453
2026-07-26T22:10:07+00:00,2026-07-27T06:10:07+08:00,2026-07-27T06:05:02+08:00,453
2026-07-26T22:20:07+00:00,2026-07-27T06:20:07+08:00,2026-07-27T06:15:02+08:00,453
2026-07-26T22:26:42+00:00,2026-07-27T06:26:42+08:00,2026-07-27T06:20:02+08:00,453
2026-07-26T22:30:07+00:00,2026-07-27T06:30:07+08:00,2026-07-27T06:25:02+08:00,453
2026-07-26T22:40:04+00:00,2026-07-27T06:40:04+08:00,2026-07-27T06:35:01+08:00,453
2026-07-26T22:50:01+00:00,2026-07-27T06:50:01+08:00,2026-07-27T06:45:02+08:00,453
2026-07-26T23:00:09+00:00,2026-07-27T07:00:09+08:00,2026-07-27T06:55:02+08:00,453
2026-07-26T23:10:07+00:00,2026-07-27T07:10:07+08:00,2026-07-27T07:05:01+08:00,453
2026-07-26T23:20:05+00:00,2026-07-27T07:20:05+08:00,2026-07-27T07:15:01+08:00,453
2026-07-26T23:27:02+00:00,2026-07-27T07:27:02+08:00,2026-07-27T07:20:02+08:00,453
2026-07-26T23:30:03+00:00,2026-07-27T07:30:03+08:00,2026-07-27T07:25:01+08:00,452
2026-07-26T23:40:05+00:00,2026-07-27T07:40:05+08:00,2026-07-27T07:35:01+08:00,451
2026-07-26T23:50:08+00:00,2026-07-27T07:50:08+08:00,2026-07-27T07:45:01+08:00,451
2026-07-27T00:00:11+00:00,2026-07-27T08:00:11+08:00,2026-07-27T07:55:01+08:00,450
2026-07-27T00:10:03+00:00,2026-07-27T08:10:03+08:00,2026-07-27T08:05:01+08:00,447
2026-07-27T00:20:05+00:00,2026-07-27T08:20:05+08:00,2026-07-27T08:15:01+08:00,446
2026-07-27T01:06:47+00:00,2026-07-27T09:06:47+08:00,2026-07-27T09:00:02+08:00,417
2026-07-27T01:10:09+00:00,2026-07-27T09:10:09+08:00,2026-07-27T09:05:01+08:00,417
2026-07-27T01:20:01+00:00,2026-07-27T09:20:01+08:00,2026-07-27T09:15:02+08:00,408
2026-07-27T01:30:02+00:00,2026-07-27T09:30:02+08:00,2026-07-27T09:25:02+08:00,408
2026-07-27T01:40:02+00:00,2026-07-27T09:40:02+08:00,2026-07-27T09:35:02+08:00,401
2026-07-27T01:50:02+00:00,2026-07-27T09:50:02+08:00,2026-07-27T09:45:02+08:00,398
2026-07-27T02:00:04+00:00,2026-07-27T10:00:04+08:00,2026-07-27T09:55:01+08:00,389
2026-07-27T05:01:39+00:00,2026-07-27T13:01:39+08:00,2026-07-27T12:55:01+08:00,302
2026-07-27T05:10:09+00:00,2026-07-27T13:10:09+08:00,2026-07-27T13:05:01+08:00,299
2026-07-27T05:20:08+00:00,2026-07-27T13:20:08+08:00,2026-07-27T13:15:01+08:00,290
2026-07-27T05:30:07+00:00,2026-07-27T13:30:07+08:00,2026-07-27T13:25:02+08:00,287
2026-07-27T05:40:06+00:00,2026-07-27T13:40:06+08:00,2026-07-27T13:35:02+08:00,284
2026-07-27T05:50:05+00:00,2026-07-27T13:50:05+08:00,2026-07-27T13:45:02+08:00,281
2026-07-27T08:51:21+00:00,2026-07-27T16:51:21+08:00,2026-07-27T16:45:02+08:00,209
2026-07-27T09:00:08+00:00,2026-07-27T17:00:08+08:00,2026-07-27T16:55:02+08:00,199
2026-07-27T09:10:05+00:00,2026-07-27T17:10:05+08:00,2026-07-27T17:05:02+08:00,199
2026-07-27T09:20:01+00:00,2026-07-27T17:20:01+08:00,2026-07-27T17:15:01+08:00,190
2026-07-27T09:30:09+00:00,2026-07-27T17:30:09+08:00,2026-07-27T17:25:01+08:00,187
2026-07-27T09:40:07+00:00,2026-07-27T17:40:07+08:00,2026-07-27T17:35:01+08:00,184
2026-07-27T12:10:38+00:00,2026-07-27T20:10:38+08:00,2026-07-27T20:05:02+08:00,106
2026-07-27T12:20:03+00:00,2026-07-27T20:20:03+08:00,2026-07-27T20:15:01+08:00,100
2026-07-27T12:30:05+00:00,2026-07-27T20:30:05+08:00,2026-07-27T20:25:02+08:00,97
2026-07-27T12:40:08+00:00,2026-07-27T20:40:08+08:00,2026-07-27T20:35:02+08:00,91
2026-07-27T12:50:01+00:00,2026-07-27T20:50:01+08:00,2026-07-27T20:45:01+08:00,88
2026-07-27T13:00:03+00:00,2026-07-27T21:00:03+08:00,2026-07-27T20:55:01+08:00,79
2026-07-27T15:20:21+00:00,2026-07-27T23:20:21+08:00,2026-07-27T23:15:01+08:00,31
2026-07-27T15:30:06+00:00,2026-07-27T23:30:06+08:00,2026-07-27T23:25:01+08:00,28
2026-07-27T15:40:08+00:00,2026-07-27T23:40:08+08:00,2026-07-27T23:35:01+08:00,24
2026-07-27T15:50:09+00:00,2026-07-27T23:50:09+08:00,2026-07-27T23:45:02+08:00,21
2026-07-27T16:00:09+00:00,2026-07-28T00:00:09+08:00,2026-07-27T23:50:02+08:00,425
2026-07-27T16:10:05+00:00,2026-07-28T00:10:05+08:00,2026-07-27T23:50:02+08:00,425
2026-07-27T17:14:37+00:00,2026-07-28T01:14:37+08:00,2026-07-27T23:50:02+08:00,425
2026-07-27T17:20:08+00:00,2026-07-28T01:20:08+08:00,2026-07-27T23:50:02+08:00,425
2026-07-27T17:40:04+00:00,2026-07-28T01:40:04+08:00,2026-07-27T23:50:02+08:00,425
2026-07-27T18:00:01+00:00,2026-07-28T02:00:01+08:00,2026-07-27T23:50:02+08:00,425
2026-07-27T18:52:56+00:00,2026-07-28T02:52:56+08:00,2026-07-27T23:50:02+08:00,425
2026-07-27T19:00:04+00:00,2026-07-28T03:00:04+08:00,2026-07-27T23:50:02+08:00,425
2026-07-27T19:20:04+00:00,2026-07-28T03:20:04+08:00,2026-07-27T23:50:02+08:00,425
2026-07-27T19:40:10+00:00,2026-07-28T03:40:10+08:00,2026-07-27T23:50:02+08:00,425
2026-07-27T20:13:13+00:00,2026-07-28T04:13:13+08:00,2026-07-27T23:50:02+08:00,425
2026-07-27T20:20:02+00:00,2026-07-28T04:20:02+08:00,2026-07-27T23:50:02+08:00,425
2026-07-27T20:40:08+00:00,2026-07-28T04:40:08+08:00,2026-07-27T23:50:02+08:00,425
2026-07-27T20:55:04+00:00,2026-07-28T04:55:04+08:00,2026-07-27T23:50:02+08:00,425
2026-07-27T20:56:04+00:00,2026-07-28T04:56:04+08:00,2026-07-27T23:50:02+08:00,425
2026-07-27T20:57:09+00:00,2026-07-28T04:57:09+08:00,2026-07-27T23:50:02+08:00,425
2026-07-27T20:58:06+00:00,2026-07-28T04:58:06+08:00,2026-07-27T23:50:02+08:00,425
2026-07-27T20:59:02+00:00,2026-07-28T04:59:02+08:00,2026-07-27T23:50:02+08:00,425
2026-07-27T21:00:08+00:00,2026-07-28T05:00:08+08:00,2026-07-27T23:50:02+08:00,425
2026-07-27T21:01:04+00:00,2026-07-28T05:01:04+08:00,2026-07-27T23:50:02+08:00,425
2026-07-27T21:02:10+00:00,2026-07-28T05:02:10+08:00,2026-07-27T23:50:02+08:00,425
2026-07-27T21:03:06+00:00,2026-07-28T05:03:06+08:00,2026-07-27T23:50:02+08:00,425
2026-07-27T21:04:02+00:00,2026-07-28T05:04:02+08:00,,0
2026-07-27T21:05:08+00:00,2026-07-28T05:05:08+08:00,,0
2026-07-27T21:06:04+00:00,2026-07-28T05:06:04+08:00,,0
2026-07-27T21:07:09+00:00,2026-07-28T05:07:09+08:00,,0
2026-07-27T21:08:09+00:00,2026-07-28T05:08:09+08:00,,0
2026-07-27T21:09:05+00:00,2026-07-28T05:09:05+08:00,2026-07-28T05:05:01+08:00,425
2026-07-27T21:10:01+00:00,2026-07-28T05:10:01+08:00,2026-07-28T05:05:01+08:00,425
2026-07-27T21:11:07+00:00,2026-07-28T05:11:07+08:00,2026-07-28T05:05:01+08:00,425
2026-07-27T21:34:44+00:00,2026-07-28T05:34:44+08:00,2026-07-28T05:30:02+08:00,425
2026-07-27T21:35:20+00:00,2026-07-28T05:35:20+08:00,2026-07-28T05:30:02+08:00,425
2026-07-27T21:36:05+00:00,2026-07-28T05:36:05+08:00,2026-07-28T05:30:02+08:00,425
2026-07-27T21:37:00+00:00,2026-07-28T05:37:00+08:00,2026-07-28T05:30:02+08:00,425
2026-07-27T21:38:07+00:00,2026-07-28T05:38:07+08:00,2026-07-28T05:30:02+08:00,425
2026-07-27T21:39:02+00:00,2026-07-28T05:39:02+08:00,2026-07-28T05:35:01+08:00,425
2026-07-27T21:40:08+00:00,2026-07-28T05:40:08+08:00,2026-07-28T05:35:01+08:00,425
2026-07-27T21:41:04+00:00,2026-07-28T05:41:04+08:00,2026-07-28T05:35:01+08:00,425
2026-07-27T21:42:09+00:00,2026-07-28T05:42:09+08:00,2026-07-28T05:35:01+08:00,425
2026-07-27T21:43:05+00:00,2026-07-28T05:43:05+08:00,2026-07-28T05:35:01+08:00,425
2026-07-27T21:44:10+00:00,2026-07-28T05:44:10+08:00,2026-07-28T05:40:02+08:00,425
2026-07-27T21:45:06+00:00,2026-07-28T05:45:06+08:00,2026-07-28T05:40:02+08:00,425
2026-07-27T21:46:02+00:00,2026-07-28T05:46:02+08:00,2026-07-28T05:40:02+08:00,425
2026-07-27T21:47:07+00:00,2026-07-28T05:47:07+08:00,2026-07-28T05:40:02+08:00,425
2026-07-27T21:48:04+00:00,2026-07-28T05:48:04+08:00,2026-07-28T05:40:02+08:00,425
2026-07-27T21:49:10+00:00,2026-07-28T05:49:10+08:00,2026-07-28T05:45:02+08:00,425
2026-07-27T21:50:06+00:00,2026-07-28T05:50:06+08:00,2026-07-28T05:45:02+08:00,425
2026-07-27T22:00:06+00:00,2026-07-28T06:00:06+08:00,2026-07-28T05:55:01+08:00,425
2026-07-27T22:10:05+00:00,2026-07-28T06:10:05+08:00,2026-07-28T06:05:01+08:00,425
2026-07-27T22:20:03+00:00,2026-07-28T06:20:03+08:00,2026-07-28T06:15:02+08:00,425
2026-07-27T22:30:02+00:00,2026-07-28T06:30:02+08:00,2026-07-28T06:25:02+08:00,425
2026-07-27T22:50:12+00:00,2026-07-28T06:50:12+08:00,2026-07-28T06:45:02+08:00,425
2026-07-27T23:00:10+00:00,2026-07-28T07:00:10+08:00,2026-07-28T06:55:02+08:00,425
2026-07-27T23:10:08+00:00,2026-07-28T07:10:08+08:00,2026-07-28T07:05:02+08:00,425
2026-07-27T23:20:05+00:00,2026-07-28T07:20:05+08:00,2026-07-28T07:15:01+08:00,425
2026-07-27T23:30:05+00:00,2026-07-28T07:30:05+08:00,2026-07-28T07:25:02+08:00,424
2026-07-27T23:40:03+00:00,2026-07-28T07:40:03+08:00,2026-07-28T07:35:02+08:00,423
2026-07-27T23:54:00+00:00,2026-07-28T07:54:00+08:00,2026-07-28T07:50:02+08:00,422
2026-07-28T00:00:06+00:00,2026-07-28T08:00:06+08:00,2026-07-28T07:55:02+08:00,422
2026-07-28T00:10:09+00:00,2026-07-28T08:10:09+08:00,2026-07-28T08:05:01+08:00,419
2026-07-28T00:20:05+00:00,2026-07-28T08:20:05+08:00,2026-07-28T08:15:01+08:00,418
2026-07-28T00:30:06+00:00,2026-07-28T08:30:06+08:00,2026-07-28T08:25:01+08:00,412
2026-07-28T00:40:09+00:00,2026-07-28T08:40:09+08:00,2026-07-28T08:35:02+08:00,411
2026-07-28T00:50:09+00:00,2026-07-28T08:50:09+08:00,2026-07-28T08:45:02+08:00,405
2026-07-28T01:27:16+00:00,2026-07-28T09:27:16+08:00,2026-07-28T09:20:02+08:00,383
2026-07-28T01:30:10+00:00,2026-07-28T09:30:10+08:00,2026-07-28T09:25:01+08:00,383
2026-07-28T01:40:07+00:00,2026-07-28T09:40:07+08:00,2026-07-28T09:35:02+08:00,376
2026-07-28T01:50:04+00:00,2026-07-28T09:50:04+08:00,2026-07-28T09:45:02+08:00,373
2026-07-28T02:00:01+00:00,2026-07-28T10:00:01+08:00,2026-07-28T09:55:02+08:00,364
2026-07-28T02:10:08+00:00,2026-07-28T10:10:08+08:00,2026-07-28T10:05:02+08:00,361
2026-07-28T02:20:04+00:00,2026-07-28T10:20:04+08:00,2026-07-28T10:15:01+08:00,355
2026-07-28T04:39:20+00:00,2026-07-28T12:39:20+08:00,2026-07-28T12:35:01+08:00,298
2026-07-28T04:40:23+00:00,2026-07-28T12:40:23+08:00,2026-07-28T12:35:01+08:00,298
2026-07-28T04:50:05+00:00,2026-07-28T12:50:05+08:00,2026-07-28T12:45:02+08:00,295
2026-07-28T05:00:08+00:00,2026-07-28T13:00:08+08:00,2026-07-28T12:55:01+08:00,286
2026-07-28T05:10:11+00:00,2026-07-28T13:10:11+08:00,2026-07-28T13:05:01+08:00,286
2026-07-28T05:20:05+00:00,2026-07-28T13:20:05+08:00,2026-07-28T13:15:01+08:00,280
2026-07-28T05:30:08+00:00,2026-07-28T13:30:08+08:00,2026-07-28T13:25:01+08:00,280
2026-07-28T07:31:30+00:00,2026-07-28T15:31:30+08:00,2026-07-28T15:25:02+08:00,235
2026-07-28T07:40:07+00:00,2026-07-28T15:40:07+08:00,2026-07-28T15:35:02+08:00,232
2026-07-28T07:50:03+00:00,2026-07-28T15:50:03+08:00,2026-07-28T15:45:02+08:00,229
2026-07-28T08:00:04+00:00,2026-07-28T16:00:04+08:00,2026-07-28T15:55:02+08:00,220
2026-07-28T08:10:01+00:00,2026-07-28T16:10:01+08:00,2026-07-28T16:05:02+08:00,220
2026-07-28T08:20:08+00:00,2026-07-28T16:20:08+08:00,2026-07-28T16:15:02+08:00,214
2026-07-28T10:22:22+00:00,2026-07-28T18:22:22+08:00,2026-07-28T18:15:01+08:00,157
2026-07-28T10:30:02+00:00,2026-07-28T18:30:02+08:00,2026-07-28T18:25:02+08:00,154
2026-07-28T10:40:05+00:00,2026-07-28T18:40:05+08:00,2026-07-28T18:35:01+08:00,147
2026-07-28T10:50:05+00:00,2026-07-28T18:50:05+08:00,2026-07-28T18:45:01+08:00,144
2026-07-28T11:00:05+00:00,2026-07-28T19:00:05+08:00,2026-07-28T18:55:01+08:00,135
2026-07-28T11:10:04+00:00,2026-07-28T19:10:04+08:00,2026-07-28T19:05:01+08:00,131
2026-07-28T11:20:03+00:00,2026-07-28T19:20:03+08:00,2026-07-28T19:15:01+08:00,122
2026-07-28T12:18:52+00:00,2026-07-28T20:18:52+08:00,2026-07-28T20:15:01+08:00,97
2026-07-28T12:20:06+00:00,2026-07-28T20:20:06+08:00,2026-07-28T20:15:01+08:00,97
2026-07-28T12:30:03+00:00,2026-07-28T20:30:03+08:00,2026-07-28T20:25:02+08:00,94
2026-07-28T12:40:02+00:00,2026-07-28T20:40:02+08:00,2026-07-28T20:35:01+08:00,88
2026-07-28T12:50:10+00:00,2026-07-28T20:50:10+08:00,2026-07-28T20:45:01+08:00,85
2026-07-28T13:00:09+00:00,2026-07-28T21:00:09+08:00,2026-07-28T20:55:02+08:00,76
2026-07-28T13:10:08+00:00,2026-07-28T21:10:08+08:00,2026-07-28T21:05:02+08:00,76
2026-07-28T14:56:08+00:00,2026-07-28T22:56:08+08:00,2026-07-28T22:50:02+08:00,37
2026-07-28T15:00:05+00:00,2026-07-28T23:00:05+08:00,2026-07-28T22:55:02+08:00,34
2026-07-28T15:10:08+00:00,2026-07-28T23:10:08+08:00,2026-07-28T23:05:02+08:00,34
2026-07-28T15:20:04+00:00,2026-07-28T23:20:04+08:00,2026-07-28T23:15:02+08:00,31
2026-07-28T15:30:06+00:00,2026-07-28T23:30:06+08:00,2026-07-28T23:25:02+08:00,28
2026-07-28T15:40:08+00:00,2026-07-28T23:40:08+08:00,2026-07-28T23:35:02+08:00,24
2026-07-28T15:50:07+00:00,2026-07-28T23:50:07+08:00,2026-07-28T23:45:02+08:00,21
2026-07-28T16:28:30+00:00,2026-07-29T00:28:30+08:00,2026-07-28T23:50:02+08:00,425
2026-07-28T16:30:04+00:00,2026-07-29T00:30:04+08:00,2026-07-28T23:50:02+08:00,425
2026-07-28T16:40:09+00:00,2026-07-29T00:40:09+08:00,2026-07-28T23:50:02+08:00,425
2026-07-28T16:50:05+00:00,2026-07-29T00:50:05+08:00,2026-07-28T23:50:02+08:00,425
2026-07-28T17:00:01+00:00,2026-07-29T01:00:01+08:00,2026-07-28T23:50:02+08:00,425
2026-07-28T17:20:06+00:00,2026-07-29T01:20:06+08:00,2026-07-28T23:50:02+08:00,425
2026-07-28T17:53:00+00:00,2026-07-29T01:53:00+08:00,2026-07-28T23:50:02+08:00,425
2026-07-28T18:00:10+00:00,2026-07-29T02:00:10+08:00,2026-07-28T23:50:02+08:00,425
2026-07-28T18:20:11+00:00,2026-07-29T02:20:11+08:00,2026-07-28T23:50:02+08:00,425
2026-07-28T18:40:08+00:00,2026-07-29T02:40:08+08:00,2026-07-28T23:50:02+08:00,425
2026-07-28T19:05:29+00:00,2026-07-29T03:05:29+08:00,2026-07-28T23:50:02+08:00,425
2026-07-28T19:20:06+00:00,2026-07-29T03:20:06+08:00,2026-07-28T23:50:02+08:00,425
2026-07-28T19:40:02+00:00,2026-07-29T03:40:02+08:00,2026-07-28T23:50:02+08:00,425
2026-07-28T20:00:09+00:00,2026-07-29T04:00:09+08:00,2026-07-28T23:50:02+08:00,425
2026-07-28T20:39:08+00:00,2026-07-29T04:39:08+08:00,2026-07-28T23:50:02+08:00,425
2026-07-28T20:40:06+00:00,2026-07-29T04:40:06+08:00,2026-07-28T23:50:02+08:00,425
2026-07-28T20:55:02+00:00,2026-07-29T04:55:02+08:00,2026-07-28T23:50:02+08:00,425
2026-07-28T20:56:09+00:00,2026-07-29T04:56:09+08:00,2026-07-28T23:50:02+08:00,425
2026-07-28T20:57:05+00:00,2026-07-29T04:57:05+08:00,2026-07-28T23:50:02+08:00,425
2026-07-28T20:58:02+00:00,2026-07-29T04:58:02+08:00,2026-07-28T23:50:02+08:00,425
2026-07-28T20:59:09+00:00,2026-07-29T04:59:09+08:00,2026-07-28T23:50:02+08:00,425
2026-07-28T21:00:06+00:00,2026-07-29T05:00:06+08:00,2026-07-28T23:50:02+08:00,425
2026-07-28T21:01:02+00:00,2026-07-29T05:01:02+08:00,2026-07-28T23:50:02+08:00,425
2026-07-28T21:02:08+00:00,2026-07-29T05:02:08+08:00,2026-07-28T23:50:02+08:00,425
2026-07-28T21:03:04+00:00,2026-07-29T05:03:04+08:00,2026-07-28T23:50:02+08:00,425
2026-07-28T21:04:11+00:00,2026-07-29T05:04:11+08:00,,0
2026-07-28T21:05:11+00:00,2026-07-29T05:05:11+08:00,,0
2026-07-28T21:06:08+00:00,2026-07-29T05:06:08+08:00,,0
2026-07-28T21:07:04+00:00,2026-07-29T05:07:04+08:00,,0
2026-07-28T21:08:03+00:00,2026-07-29T05:08:03+08:00,,0
2026-07-28T21:09:09+00:00,2026-07-29T05:09:09+08:00,2026-07-29T05:05:02+08:00,425
2026-07-28T21:10:07+00:00,2026-07-29T05:10:07+08:00,2026-07-29T05:05:02+08:00,425
2026-07-28T21:11:03+00:00,2026-07-29T05:11:03+08:00,2026-07-29T05:05:02+08:00,425
2026-07-28T21:12:09+00:00,2026-07-29T05:12:09+08:00,2026-07-29T05:05:02+08:00,425
2026-07-28T21:13:06+00:00,2026-07-29T05:13:06+08:00,2026-07-29T05:05:02+08:00,425
2026-07-28T21:14:02+00:00,2026-07-29T05:14:02+08:00,2026-07-29T05:10:02+08:00,425
2026-07-28T21:15:08+00:00,2026-07-29T05:15:08+08:00,2026-07-29T05:10:02+08:00,425
2026-07-28T21:16:05+00:00,2026-07-29T05:16:05+08:00,2026-07-29T05:10:02+08:00,425
2026-07-28T21:17:01+00:00,2026-07-29T05:17:01+08:00,2026-07-29T05:10:02+08:00,425
2026-07-28T21:18:01+00:00,2026-07-29T05:18:01+08:00,2026-07-29T05:10:02+08:00,425
2026-07-28T21:19:07+00:00,2026-07-29T05:19:07+08:00,2026-07-29T05:15:02+08:00,425
2026-07-28T21:20:03+00:00,2026-07-29T05:20:03+08:00,2026-07-29T05:15:02+08:00,425
2026-07-28T21:21:08+00:00,2026-07-29T05:21:08+08:00,2026-07-29T05:15:02+08:00,425
2026-07-28T21:22:05+00:00,2026-07-29T05:22:05+08:00,2026-07-29T05:15:02+08:00,425
2026-07-28T21:23:02+00:00,2026-07-29T05:23:02+08:00,2026-07-29T05:15:02+08:00,425
2026-07-28T21:24:08+00:00,2026-07-29T05:24:08+08:00,2026-07-29T05:20:02+08:00,425
2026-07-28T21:25:04+00:00,2026-07-29T05:25:04+08:00,2026-07-29T05:20:02+08:00,425
2026-07-28T21:26:10+00:00,2026-07-29T05:26:10+08:00,2026-07-29T05:20:02+08:00,425
2026-07-28T21:27:07+00:00,2026-07-29T05:27:07+08:00,2026-07-29T05:20:02+08:00,425
2026-07-28T21:28:08+00:00,2026-07-29T05:28:08+08:00,2026-07-29T05:20:02+08:00,425
2026-07-28T21:29:04+00:00,2026-07-29T05:29:04+08:00,2026-07-29T05:25:02+08:00,425
2026-07-28T21:30:10+00:00,2026-07-29T05:30:10+08:00,2026-07-29T05:25:02+08:00,425
2026-07-28T21:31:06+00:00,2026-07-29T05:31:06+08:00,2026-07-29T05:25:02+08:00,425
2026-07-28T21:32:02+00:00,2026-07-29T05:32:02+08:00,2026-07-29T05:25:02+08:00,425
2026-07-28T21:33:08+00:00,2026-07-29T05:33:08+08:00,2026-07-29T05:25:02+08:00,425
2026-07-28T21:34:04+00:00,2026-07-29T05:34:04+08:00,2026-07-29T05:30:02+08:00,425
2026-07-28T21:35:01+00:00,2026-07-29T05:35:01+08:00,2026-07-29T05:30:02+08:00,425
2026-07-28T21:36:08+00:00,2026-07-29T05:36:08+08:00,2026-07-29T05:30:02+08:00,425
2026-07-28T21:37:04+00:00,2026-07-29T05:37:04+08:00,2026-07-29T05:30:02+08:00,425
2026-07-28T22:00:06+00:00,2026-07-29T06:00:06+08:00,2026-07-29T05:55:02+08:00,425
2026-07-28T22:10:07+00:00,2026-07-29T06:10:07+08:00,2026-07-29T06:05:02+08:00,425
2026-07-28T22:20:03+00:00,2026-07-29T06:20:03+08:00,2026-07-29T06:15:02+08:00,425
2026-07-28T22:30:01+00:00,2026-07-29T06:30:01+08:00,2026-07-29T06:25:02+08:00,425
2026-07-28T22:40:02+00:00,2026-07-29T06:40:02+08:00,2026-07-29T06:35:02+08:00,425
2026-07-28T22:50:10+00:00,2026-07-29T06:50:10+08:00,2026-07-29T06:45:02+08:00,425
2026-07-28T22:52:56+00:00,2026-07-29T06:52:56+08:00,2026-07-29T06:45:02+08:00,425
2026-07-28T23:00:02+00:00,2026-07-29T07:00:02+08:00,2026-07-29T06:55:02+08:00,425
2026-07-28T23:10:07+00:00,2026-07-29T07:10:07+08:00,2026-07-29T07:05:02+08:00,425
2026-07-28T23:20:01+00:00,2026-07-29T07:20:01+08:00,2026-07-29T07:15:02+08:00,425
2026-07-28T23:30:04+00:00,2026-07-29T07:30:04+08:00,2026-07-29T07:25:02+08:00,424
2026-07-28T23:40:06+00:00,2026-07-29T07:40:06+08:00,2026-07-29T07:35:02+08:00,423
2026-07-28T23:50:08+00:00,2026-07-29T07:50:08+08:00,2026-07-29T07:45:02+08:00,423
2026-07-28T23:51:06+00:00,2026-07-29T07:51:06+08:00,2026-07-29T07:45:02+08:00,423
2026-07-29T00:00:02+00:00,2026-07-29T08:00:02+08:00,2026-07-29T07:55:02+08:00,422
2026-07-29T00:10:05+00:00,2026-07-29T08:10:05+08:00,2026-07-29T08:05:02+08:00,419
2026-07-29T00:20:02+00:00,2026-07-29T08:20:02+08:00,2026-07-29T08:15:02+08:00,418
2026-07-29T00:30:04+00:00,2026-07-29T08:30:04+08:00,2026-07-29T08:25:02+08:00,412
2026-07-29T00:40:06+00:00,2026-07-29T08:40:06+08:00,2026-07-29T08:35:02+08:00,411
2026-07-29T01:27:14+00:00,2026-07-29T09:27:14+08:00,2026-07-29T09:20:02+08:00,383
2026-07-29T01:30:08+00:00,2026-07-29T09:30:08+08:00,2026-07-29T09:25:02+08:00,383
2026-07-29T01:40:01+00:00,2026-07-29T09:40:01+08:00,2026-07-29T09:35:02+08:00,376
2026-07-29T01:50:03+00:00,2026-07-29T09:50:03+08:00,2026-07-29T09:45:02+08:00,373
2026-07-29T02:00:06+00:00,2026-07-29T10:00:06+08:00,2026-07-29T09:55:02+08:00,364
2026-07-29T02:10:08+00:00,2026-07-29T10:10:08+08:00,2026-07-29T10:05:02+08:00,361
2026-07-29T02:20:02+00:00,2026-07-29T10:20:02+08:00,2026-07-29T10:15:02+08:00,355
2026-07-29T04:43:14+00:00,2026-07-29T12:43:14+08:00,2026-07-29T12:35:02+08:00,298
2026-07-29T04:50:03+00:00,2026-07-29T12:50:03+08:00,2026-07-29T12:45:02+08:00,295
2026-07-29T05:00:02+00:00,2026-07-29T13:00:02+08:00,2026-07-29T12:55:02+08:00,286
2026-07-29T05:10:01+00:00,2026-07-29T13:10:01+08:00,2026-07-29T13:05:02+08:00,286
2026-07-29T05:20:01+00:00,2026-07-29T13:20:01+08:00,2026-07-29T13:15:02+08:00,280
2026-07-29T05:30:01+00:00,2026-07-29T13:30:01+08:00,2026-07-29T13:25:02+08:00,280
2026-07-29T05:40:10+00:00,2026-07-29T13:40:10+08:00,2026-07-29T13:35:02+08:00,277
2026-07-29T07:36:35+00:00,2026-07-29T15:36:35+08:00,2026-07-29T15:30:02+08:00,232
2026-07-29T07:40:10+00:00,2026-07-29T15:40:10+08:00,2026-07-29T15:35:02+08:00,232
2026-07-29T07:50:07+00:00,2026-07-29T15:50:07+08:00,2026-07-29T15:45:02+08:00,229
2026-07-29T08:00:05+00:00,2026-07-29T16:00:05+08:00,2026-07-29T15:55:02+08:00,220
2026-07-29T08:10:03+00:00,2026-07-29T16:10:03+08:00,2026-07-29T16:05:02+08:00,220
2026-07-29T08:20:10+00:00,2026-07-29T16:20:10+08:00,2026-07-29T16:15:02+08:00,214
2026-07-29T08:30:08+00:00,2026-07-29T16:30:08+08:00,2026-07-29T16:25:02+08:00,211
2026-07-29T10:28:35+00:00,2026-07-29T18:28:35+08:00,2026-07-29T18:25:02+08:00,154
2026-07-29T10:30:09+00:00,2026-07-29T18:30:09+08:00,2026-07-29T18:25:02+08:00,154
2026-07-29T10:40:10+00:00,2026-07-29T18:40:10+08:00,2026-07-29T18:35:02+08:00,147
2026-07-29T10:50:09+00:00,2026-07-29T18:50:09+08:00,2026-07-29T18:45:02+08:00,144
2026-07-29T11:00:08+00:00,2026-07-29T19:00:08+08:00,2026-07-29T18:55:02+08:00,135
2026-07-29T11:10:05+00:00,2026-07-29T19:10:05+08:00,2026-07-29T19:05:02+08:00,131
2026-07-29T11:20:03+00:00,2026-07-29T19:20:03+08:00,2026-07-29T19:15:02+08:00,122
2026-07-29T12:28:44+00:00,2026-07-29T20:28:44+08:00,2026-07-29T20:25:02+08:00,94
2026-07-29T12:30:01+00:00,2026-07-29T20:30:01+08:00,2026-07-29T20:25:02+08:00,94
2026-07-29T12:40:09+00:00,2026-07-29T20:40:09+08:00,2026-07-29T20:35:02+08:00,88
2026-07-29T12:50:09+00:00,2026-07-29T20:50:09+08:00,2026-07-29T20:45:02+08:00,85
2026-07-29T13:00:08+00:00,2026-07-29T21:00:08+08:00,2026-07-29T20:55:02+08:00,76
2026-07-29T13:10:07+00:00,2026-07-29T21:10:07+08:00,2026-07-29T21:05:02+08:00,76
2026-07-29T13:20:07+00:00,2026-07-29T21:20:07+08:00,2026-07-29T21:15:02+08:00,70
2026-07-29T14:41:16+00:00,2026-07-29T22:41:16+08:00,2026-07-29T22:35:02+08:00,43
2026-07-29T14:50:02+00:00,2026-07-29T22:50:02+08:00,2026-07-29T22:45:02+08:00,40
2026-07-29T15:00:01+00:00,2026-07-29T23:00:01+08:00,2026-07-29T22:55:02+08:00,34
2026-07-29T15:10:01+00:00,2026-07-29T23:10:01+08:00,2026-07-29T23:05:02+08:00,34
2026-07-29T15:20:01+00:00,2026-07-29T23:20:01+08:00,2026-07-29T23:15:02+08:00,31
2026-07-29T15:30:08+00:00,2026-07-29T23:30:08+08:00,2026-07-29T23:25:02+08:00,28
2026-07-29T16:15:13+00:00,2026-07-30T00:15:13+08:00,2026-07-29T23:50:02+08:00,448
2026-07-29T16:20:02+00:00,2026-07-30T00:20:02+08:00,2026-07-29T23:50:02+08:00,448
2026-07-29T16:30:08+00:00,2026-07-30T00:30:08+08:00,2026-07-29T23:50:02+08:00,448
2026-07-29T16:40:04+00:00,2026-07-30T00:40:04+08:00,2026-07-29T23:50:02+08:00,448
2026-07-29T16:50:10+00:00,2026-07-30T00:50:10+08:00,2026-07-29T23:50:02+08:00,448
2026-07-29T17:00:06+00:00,2026-07-30T01:00:06+08:00,2026-07-29T23:50:02+08:00,448
2026-07-29T17:45:04+00:00,2026-07-30T01:45:04+08:00,2026-07-29T23:50:02+08:00,448
2026-07-29T18:00:08+00:00,2026-07-30T02:00:08+08:00,2026-07-29T23:50:02+08:00,448
2026-07-29T18:20:05+00:00,2026-07-30T02:20:05+08:00,2026-07-29T23:50:02+08:00,448
2026-07-29T18:40:02+00:00,2026-07-30T02:40:02+08:00,2026-07-29T23:50:02+08:00,448
2026-07-29T18:55:04+00:00,2026-07-30T02:55:04+08:00,2026-07-29T23:50:02+08:00,448
2026-07-29T19:00:04+00:00,2026-07-30T03:00:04+08:00,2026-07-29T23:50:02+08:00,448
2026-07-29T19:20:06+00:00,2026-07-30T03:20:06+08:00,2026-07-29T23:50:02+08:00,448
2026-07-29T19:40:03+00:00,2026-07-30T03:40:03+08:00,2026-07-29T23:50:02+08:00,448
2026-07-29T20:07:06+00:00,2026-07-30T04:07:06+08:00,2026-07-29T23:50:02+08:00,448
2026-07-29T20:20:05+00:00,2026-07-30T04:20:05+08:00,2026-07-29T23:50:02+08:00,448
2026-07-29T20:40:02+00:00,2026-07-30T04:40:02+08:00,2026-07-29T23:50:02+08:00,448
2026-07-29T20:55:08+00:00,2026-07-30T04:55:08+08:00,2026-07-29T23:50:02+08:00,448
2026-07-29T20:56:05+00:00,2026-07-30T04:56:05+08:00,2026-07-29T23:50:02+08:00,448
2026-07-29T20:57:01+00:00,2026-07-30T04:57:01+08:00,2026-07-29T23:50:02+08:00,448
2026-07-29T20:58:08+00:00,2026-07-30T04:58:08+08:00,2026-07-29T23:50:02+08:00,448
2026-07-29T20:59:04+00:00,2026-07-30T04:59:04+08:00,2026-07-29T23:50:02+08:00,448
2026-07-29T21:00:10+00:00,2026-07-30T05:00:10+08:00,2026-07-29T23:50:02+08:00,448
2026-07-29T21:01:06+00:00,2026-07-30T05:01:06+08:00,2026-07-29T23:50:02+08:00,448
2026-07-29T21:02:02+00:00,2026-07-30T05:02:02+08:00,2026-07-29T23:50:02+08:00,448
2026-07-29T21:03:08+00:00,2026-07-30T05:03:08+08:00,2026-07-29T23:50:02+08:00,448
2026-07-29T21:04:05+00:00,2026-07-30T05:04:05+08:00,2026-07-30T05:00:01+08:00,448
2026-07-29T21:05:02+00:00,2026-07-30T05:05:02+08:00,2026-07-30T05:00:01+08:00,448
2026-07-29T21:24:32+00:00,2026-07-30T05:24:32+08:00,2026-07-30T05:20:02+08:00,448
2026-07-29T21:25:07+00:00,2026-07-30T05:25:07+08:00,2026-07-30T05:20:02+08:00,448
2026-07-29T21:26:02+00:00,2026-07-30T05:26:02+08:00,2026-07-30T05:20:02+08:00,448
2026-07-29T21:27:07+00:00,2026-07-30T05:27:07+08:00,2026-07-30T05:20:02+08:00,448
2026-07-29T21:28:03+00:00,2026-07-30T05:28:03+08:00,2026-07-30T05:20:02+08:00,448
2026-07-29T21:29:08+00:00,2026-07-30T05:29:08+08:00,2026-07-30T05:25:02+08:00,448
2026-07-29T21:30:03+00:00,2026-07-30T05:30:03+08:00,2026-07-30T05:25:02+08:00,448
2026-07-29T21:31:08+00:00,2026-07-30T05:31:08+08:00,2026-07-30T05:25:02+08:00,448
2026-07-29T21:32:03+00:00,2026-07-30T05:32:03+08:00,2026-07-30T05:25:02+08:00,448
2026-07-29T21:33:08+00:00,2026-07-30T05:33:08+08:00,2026-07-30T05:25:02+08:00,448
2026-07-29T21:34:03+00:00,2026-07-30T05:34:03+08:00,2026-07-30T05:30:02+08:00,448
2026-07-29T21:35:09+00:00,2026-07-30T05:35:09+08:00,2026-07-30T05:30:02+08:00,448
2026-07-29T21:36:04+00:00,2026-07-30T05:36:04+08:00,2026-07-30T05:30:02+08:00,448
2026-07-29T21:37:09+00:00,2026-07-30T05:37:09+08:00,2026-07-30T05:30:02+08:00,448
2026-07-29T21:38:05+00:00,2026-07-30T05:38:05+08:00,2026-07-30T05:30:02+08:00,448
2026-07-29T21:39:00+00:00,2026-07-30T05:39:00+08:00,2026-07-30T05:35:02+08:00,448
2026-07-29T21:40:08+00:00,2026-07-30T05:40:08+08:00,2026-07-30T05:35:02+08:00,448
2026-07-29T21:41:04+00:00,2026-07-30T05:41:04+08:00,2026-07-30T05:35:02+08:00,448
2026-07-29T21:42:10+00:00,2026-07-30T05:42:10+08:00,2026-07-30T05:35:02+08:00,448
2026-07-29T21:43:05+00:00,2026-07-30T05:43:05+08:00,2026-07-30T05:35:02+08:00,448
2026-07-29T21:44:10+00:00,2026-07-30T05:44:10+08:00,2026-07-30T05:40:02+08:00,448
2026-07-29T21:45:06+00:00,2026-07-30T05:45:06+08:00,2026-07-30T05:40:02+08:00,448
2026-07-29T21:46:01+00:00,2026-07-30T05:46:01+08:00,2026-07-30T05:40:02+08:00,448
2026-07-29T21:47:06+00:00,2026-07-30T05:47:06+08:00,2026-07-30T05:40:02+08:00,448
2026-07-29T21:48:01+00:00,2026-07-30T05:48:01+08:00,2026-07-30T05:40:02+08:00,448
2026-07-29T21:49:06+00:00,2026-07-30T05:49:06+08:00,2026-07-30T05:45:02+08:00,448
2026-07-29T21:50:01+00:00,2026-07-30T05:50:01+08:00,2026-07-30T05:45:02+08:00,448
2026-07-29T22:00:10+00:00,2026-07-30T06:00:10+08:00,2026-07-30T05:55:02+08:00,448
2026-07-29T22:10:09+00:00,2026-07-30T06:10:09+08:00,2026-07-30T06:05:02+08:00,448
2026-07-29T22:20:05+00:00,2026-07-30T06:20:05+08:00,2026-07-30T06:15:02+08:00,448
2026-07-29T22:27:00+00:00,2026-07-30T06:27:00+08:00,2026-07-30T06:20:02+08:00,448
2026-07-29T22:30:05+00:00,2026-07-30T06:30:05+08:00,2026-07-30T06:25:02+08:00,448
2026-07-29T22:40:03+00:00,2026-07-30T06:40:03+08:00,2026-07-30T06:35:02+08:00,448
2026-07-29T22:50:10+00:00,2026-07-30T06:50:10+08:00,2026-07-30T06:45:02+08:00,448
2026-07-29T23:00:07+00:00,2026-07-30T07:00:07+08:00,2026-07-30T06:55:02+08:00,448
2026-07-29T23:10:05+00:00,2026-07-30T07:10:05+08:00,2026-07-30T07:05:02+08:00,448
2026-07-29T23:20:02+00:00,2026-07-30T07:20:02+08:00,2026-07-30T07:15:02+08:00,448
2026-07-29T23:29:20+00:00,2026-07-30T07:29:20+08:00,2026-07-30T07:25:02+08:00,447
2026-07-29T23:30:15+00:00,2026-07-30T07:30:15+08:00,2026-07-30T07:25:02+08:00,447
2026-07-29T23:40:02+00:00,2026-07-30T07:40:02+08:00,2026-07-30T07:35:02+08:00,446
2026-07-29T23:50:10+00:00,2026-07-30T07:50:10+08:00,2026-07-30T07:45:02+08:00,446
2026-07-30T00:00:09+00:00,2026-07-30T08:00:09+08:00,2026-07-30T07:55:02+08:00,445
2026-07-30T00:10:07+00:00,2026-07-30T08:10:07+08:00,2026-07-30T08:05:02+08:00,442
2026-07-30T00:20:05+00:00,2026-07-30T08:20:05+08:00,2026-07-30T08:15:02+08:00,441
2026-07-30T00:54:17+00:00,2026-07-30T08:54:17+08:00,2026-07-30T08:50:02+08:00,424
2026-07-30T01:00:09+00:00,2026-07-30T09:00:09+08:00,2026-07-30T08:55:02+08:00,418
2026-07-30T01:10:02+00:00,2026-07-30T09:10:02+08:00,2026-07-30T09:05:02+08:00,415
2026-07-30T01:20:08+00:00,2026-07-30T09:20:08+08:00,2026-07-30T09:15:02+08:00,406
2026-07-30T01:30:09+00:00,2026-07-30T09:30:09+08:00,2026-07-30T09:25:02+08:00,406
2026-07-30T01:40:03+00:00,2026-07-30T09:40:03+08:00,2026-07-30T09:35:02+08:00,399
2026-07-30T01:50:05+00:00,2026-07-30T09:50:05+08:00,2026-07-30T09:45:02+08:00,396
2026-07-30T03:49:43+00:00,2026-07-30T11:49:43+08:00,2026-07-30T11:45:02+08:00,338
2026-07-30T03:50:36+00:00,2026-07-30T11:50:36+08:00,2026-07-30T11:45:02+08:00,338
2026-07-30T04:00:04+00:00,2026-07-30T12:00:04+08:00,2026-07-30T11:55:02+08:00,329
2026-07-30T04:10:01+00:00,2026-07-30T12:10:01+08:00,2026-07-30T12:05:02+08:00,326
2026-07-30T04:20:07+00:00,2026-07-30T12:20:07+08:00,2026-07-30T12:15:02+08:00,320
2026-07-30T04:30:04+00:00,2026-07-30T12:30:04+08:00,2026-07-30T12:25:02+08:00,317
2026-07-30T04:40:01+00:00,2026-07-30T12:40:01+08:00,2026-07-30T12:35:02+08:00,314
2026-07-30T06:18:13+00:00,2026-07-30T14:18:13+08:00,2026-07-30T14:10:02+08:00,275
2026-07-30T06:20:07+00:00,2026-07-30T14:20:07+08:00,2026-07-30T14:15:02+08:00,272
2026-07-30T06:30:01+00:00,2026-07-30T14:30:01+08:00,2026-07-30T14:25:02+08:00,269
2026-07-30T06:40:10+00:00,2026-07-30T14:40:10+08:00,2026-07-30T14:35:02+08:00,266
2026-07-30T06:50:03+00:00,2026-07-30T14:50:03+08:00,2026-07-30T14:45:02+08:00,263
2026-07-30T07:00:07+00:00,2026-07-30T15:00:07+08:00,2026-07-30T14:55:02+08:00,254
2026-07-30T07:10:09+00:00,2026-07-30T15:10:09+08:00,2026-07-30T15:05:02+08:00,254
2026-07-30T09:09:53+00:00,2026-07-30T17:09:53+08:00,2026-07-30T17:05:02+08:00,206
2026-07-30T09:10:34+00:00,2026-07-30T17:10:34+08:00,2026-07-30T17:05:02+08:00,206
2026-07-30T09:20:05+00:00,2026-07-30T17:20:05+08:00,2026-07-30T17:15:02+08:00,197
2026-07-30T09:30:09+00:00,2026-07-30T17:30:09+08:00,2026-07-30T17:25:02+08:00,194
2026-07-30T09:40:03+00:00,2026-07-30T17:40:03+08:00,2026-07-30T17:35:02+08:00,191
2026-07-30T09:50:06+00:00,2026-07-30T17:50:06+08:00,2026-07-30T17:45:02+08:00,188
2026-07-30T10:00:01+00:00,2026-07-30T18:00:01+08:00,2026-07-30T17:55:02+08:00,179
2026-07-30T11:26:49+00:00,2026-07-30T19:26:49+08:00,2026-07-30T19:20:02+08:00,132
2026-07-30T11:30:05+00:00,2026-07-30T19:30:05+08:00,2026-07-30T19:25:02+08:00,129
2026-07-30T11:40:03+00:00,2026-07-30T19:40:03+08:00,2026-07-30T19:35:02+08:00,122
2026-07-30T11:50:10+00:00,2026-07-30T19:50:10+08:00,2026-07-30T19:45:02+08:00,119
2026-07-30T12:00:07+00:00,2026-07-30T20:00:07+08:00,2026-07-30T19:55:02+08:00,109
2026-07-30T12:10:04+00:00,2026-07-30T20:10:04+08:00,2026-07-30T20:05:02+08:00,109
2026-07-30T13:03:09+00:00,2026-07-30T21:03:09+08:00,2026-07-30T20:55:02+08:00,82
2026-07-30T13:10:02+00:00,2026-07-30T21:10:02+08:00,2026-07-30T21:05:02+08:00,82
2026-07-30T13:20:09+00:00,2026-07-30T21:20:09+08:00,2026-07-30T21:15:02+08:00,76
2026-07-30T13:30:11+00:00,2026-07-30T21:30:11+08:00,2026-07-30T21:25:02+08:00,73
2026-07-30T13:40:03+00:00,2026-07-30T21:40:03+08:00,2026-07-30T21:35:02+08:00,67
2026-07-30T13:50:05+00:00,2026-07-30T21:50:05+08:00,2026-07-30T21:45:02+08:00,64
2026-07-30T14:00:07+00:00,2026-07-30T22:00:07+08:00,2026-07-30T21:55:02+08:00,55
2026-07-30T15:29:10+00:00,2026-07-30T23:29:10+08:00,2026-07-30T23:25:02+08:00,28
2026-07-30T15:30:13+00:00,2026-07-30T23:30:13+08:00,2026-07-30T23:25:02+08:00,28
2026-07-30T15:40:05+00:00,2026-07-30T23:40:05+08:00,2026-07-30T23:35:02+08:00,24
2026-07-30T15:50:08+00:00,2026-07-30T23:50:08+08:00,2026-07-30T23:45:02+08:00,21
2026-07-30T16:00:07+00:00,2026-07-31T00:00:07+08:00,2026-07-30T23:50:02+08:00,504
2026-07-30T16:10:05+00:00,2026-07-31T00:10:05+08:00,2026-07-30T23:50:02+08:00,504
2026-07-30T16:20:06+00:00,2026-07-31T00:20:06+08:00,2026-07-30T23:50:02+08:00,504
2026-07-30T17:00:04+00:00,2026-07-31T01:00:04+08:00,2026-07-30T23:50:02+08:00,504
2026-07-30T17:20:05+00:00,2026-07-31T01:20:05+08:00,2026-07-30T23:50:02+08:00,504
2026-07-30T17:40:02+00:00,2026-07-31T01:40:02+08:00,2026-07-30T23:50:02+08:00,504
2026-07-30T18:18:27+00:00,2026-07-31T02:18:27+08:00,2026-07-30T23:50:02+08:00,504
2026-07-30T18:20:04+00:00,2026-07-31T02:20:04+08:00,2026-07-30T23:50:02+08:00,504
2026-07-30T18:40:10+00:00,2026-07-31T02:40:10+08:00,2026-07-30T23:50:02+08:00,504
2026-07-30T19:00:11+00:00,2026-07-31T03:00:11+08:00,2026-07-30T23:50:02+08:00,504
2026-07-30T19:59:12+00:00,2026-07-31T03:59:12+08:00,2026-07-30T23:50:02+08:00,504
2026-07-30T20:00:01+00:00,2026-07-31T04:00:01+08:00,2026-07-30T23:50:02+08:00,504
2026-07-30T20:20:04+00:00,2026-07-31T04:20:04+08:00,2026-07-30T23:50:02+08:00,504
2026-07-30T20:40:01+00:00,2026-07-31T04:40:01+08:00,2026-07-30T23:50:02+08:00,504
2026-07-30T20:55:08+00:00,2026-07-31T04:55:08+08:00,2026-07-30T23:50:02+08:00,504
2026-07-30T20:56:04+00:00,2026-07-31T04:56:04+08:00,2026-07-30T23:50:02+08:00,504
2026-07-30T20:57:01+00:00,2026-07-31T04:57:01+08:00,2026-07-30T23:50:02+08:00,504
2026-07-30T21:10:17+00:00,2026-07-31T05:10:17+08:00,2026-07-31T05:05:02+08:00,504
2026-07-30T21:11:04+00:00,2026-07-31T05:11:04+08:00,2026-07-31T05:05:02+08:00,504
2026-07-30T21:12:10+00:00,2026-07-31T05:12:10+08:00,2026-07-31T05:05:02+08:00,504
2026-07-30T21:13:06+00:00,2026-07-31T05:13:06+08:00,2026-07-31T05:05:02+08:00,504
2026-07-30T21:14:02+00:00,2026-07-31T05:14:02+08:00,2026-07-31T05:10:02+08:00,504
2026-07-30T21:15:09+00:00,2026-07-31T05:15:09+08:00,2026-07-31T05:10:02+08:00,504
2026-07-30T21:16:05+00:00,2026-07-31T05:16:05+08:00,2026-07-31T05:10:02+08:00,504
2026-07-30T21:17:05+00:00,2026-07-31T05:17:05+08:00,2026-07-31T05:10:02+08:00,504
2026-07-30T21:18:02+00:00,2026-07-31T05:18:02+08:00,2026-07-31T05:10:02+08:00,504
2026-07-30T21:19:08+00:00,2026-07-31T05:19:08+08:00,2026-07-31T05:15:02+08:00,504
2026-07-30T21:20:06+00:00,2026-07-31T05:20:06+08:00,2026-07-31T05:15:02+08:00,504
2026-07-30T21:21:01+00:00,2026-07-31T05:21:01+08:00,2026-07-31T05:15:02+08:00,504
2026-07-30T21:22:08+00:00,2026-07-31T05:22:08+08:00,2026-07-31T05:15:02+08:00,504
2026-07-30T21:23:05+00:00,2026-07-31T05:23:05+08:00,2026-07-31T05:15:02+08:00,504
2026-07-30T21:24:01+00:00,2026-07-31T05:24:01+08:00,2026-07-31T05:20:02+08:00,504
2026-07-30T21:25:10+00:00,2026-07-31T05:25:10+08:00,2026-07-31T05:20:02+08:00,504
2026-07-30T21:26:06+00:00,2026-07-31T05:26:06+08:00,2026-07-31T05:20:02+08:00,504
2026-07-30T21:27:03+00:00,2026-07-31T05:27:03+08:00,2026-07-31T05:20:02+08:00,504
2026-07-30T21:28:09+00:00,2026-07-31T05:28:09+08:00,2026-07-31T05:20:02+08:00,504
2026-07-30T21:29:04+00:00,2026-07-31T05:29:04+08:00,2026-07-31T05:25:02+08:00,504
2026-07-30T21:30:01+00:00,2026-07-31T05:30:01+08:00,2026-07-31T05:25:02+08:00,504
2026-07-30T21:31:07+00:00,2026-07-31T05:31:07+08:00,2026-07-31T05:25:02+08:00,504
2026-07-30T21:32:03+00:00,2026-07-31T05:32:03+08:00,2026-07-31T05:25:02+08:00,504
2026-07-30T21:33:10+00:00,2026-07-31T05:33:10+08:00,2026-07-31T05:25:02+08:00,504
2026-07-30T21:34:06+00:00,2026-07-31T05:34:06+08:00,2026-07-31T05:30:02+08:00,504
2026-07-30T21:35:03+00:00,2026-07-31T05:35:03+08:00,2026-07-31T05:30:02+08:00,504
2026-07-30T21:36:10+00:00,2026-07-31T05:36:10+08:00,2026-07-31T05:30:02+08:00,504
2026-07-30T21:37:06+00:00,2026-07-31T05:37:06+08:00,2026-07-31T05:30:02+08:00,504
2026-07-30T21:38:02+00:00,2026-07-31T05:38:02+08:00,2026-07-31T05:30:02+08:00,504
2026-07-30T21:39:08+00:00,2026-07-31T05:39:08+08:00,2026-07-31T05:35:02+08:00,504
2026-07-30T21:40:05+00:00,2026-07-31T05:40:05+08:00,2026-07-31T05:35:02+08:00,504
2026-07-30T21:41:01+00:00,2026-07-31T05:41:01+08:00,2026-07-31T05:35:02+08:00,504
2026-07-30T21:42:07+00:00,2026-07-31T05:42:07+08:00,2026-07-31T05:35:02+08:00,504
2026-07-30T21:43:03+00:00,2026-07-31T05:43:03+08:00,2026-07-31T05:35:02+08:00,504
2026-07-30T21:44:08+00:00,2026-07-31T05:44:08+08:00,2026-07-31T05:40:02+08:00,504
2026-07-30T21:45:06+00:00,2026-07-31T05:45:06+08:00,2026-07-31T05:40:02+08:00,504
2026-07-30T21:46:02+00:00,2026-07-31T05:46:02+08:00,2026-07-31T05:40:02+08:00,504
2026-07-30T21:47:09+00:00,2026-07-31T05:47:09+08:00,2026-07-31T05:40:02+08:00,504
2026-07-30T21:48:07+00:00,2026-07-31T05:48:07+08:00,2026-07-31T05:40:02+08:00,504
2026-07-30T21:49:05+00:00,2026-07-31T05:49:05+08:00,2026-07-31T05:45:02+08:00,504
2026-07-30T21:50:01+00:00,2026-07-31T05:50:01+08:00,2026-07-31T05:45:02+08:00,504
2026-07-30T22:00:10+00:00,2026-07-31T06:00:10+08:00,2026-07-31T05:55:02+08:00,504
2026-07-30T22:32:48+00:00,2026-07-31T06:32:48+08:00,2026-07-31T06:25:02+08:00,504
2026-07-30T22:40:10+00:00,2026-07-31T06:40:10+08:00,2026-07-31T06:35:02+08:00,504
2026-07-30T22:50:10+00:00,2026-07-31T06:50:10+08:00,2026-07-31T06:45:02+08:00,504
2026-07-30T23:00:02+00:00,2026-07-31T07:00:02+08:00,2026-07-31T06:55:02+08:00,504
2026-07-30T23:10:07+00:00,2026-07-31T07:10:07+08:00,2026-07-31T07:05:02+08:00,504
2026-07-30T23:20:10+00:00,2026-07-31T07:20:10+08:00,2026-07-31T07:15:02+08:00,504
2026-07-30T23:30:09+00:00,2026-07-31T07:30:09+08:00,2026-07-31T07:25:02+08:00,503
2026-07-30T23:53:09+00:00,2026-07-31T07:53:09+08:00,2026-07-31T07:45:02+08:00,502
2026-07-31T00:00:04+00:00,2026-07-31T08:00:04+08:00,2026-07-31T07:55:02+08:00,501
2026-07-31T00:10:10+00:00,2026-07-31T08:10:10+08:00,2026-07-31T08:05:02+08:00,498
2026-07-31T00:20:07+00:00,2026-07-31T08:20:07+08:00,2026-07-31T08:15:02+08:00,497
2026-07-31T00:30:03+00:00,2026-07-31T08:30:03+08:00,2026-07-31T08:25:02+08:00,491
2026-07-31T00:40:07+00:00,2026-07-31T08:40:07+08:00,2026-07-31T08:35:02+08:00,490
2026-07-31T00:50:03+00:00,2026-07-31T08:50:03+08:00,2026-07-31T08:45:02+08:00,484
2026-07-31T01:46:54+00:00,2026-07-31T09:46:54+08:00,2026-07-31T09:40:02+08:00,455
2026-07-31T01:50:07+00:00,2026-07-31T09:50:07+08:00,2026-07-31T09:45:02+08:00,452
2026-07-31T02:00:01+00:00,2026-07-31T10:00:01+08:00,2026-07-31T09:55:02+08:00,443
2026-07-31T02:10:06+00:00,2026-07-31T10:10:06+08:00,2026-07-31T10:05:02+08:00,440
2026-07-31T02:20:10+00:00,2026-07-31T10:20:10+08:00,2026-07-31T10:15:02+08:00,431
2026-07-31T02:30:05+00:00,2026-07-31T10:30:05+08:00,2026-07-31T10:25:02+08:00,428
2026-07-31T02:40:09+00:00,2026-07-31T10:40:09+08:00,2026-07-31T10:35:02+08:00,425
2026-07-31T05:23:54+00:00,2026-07-31T13:23:54+08:00,2026-07-31T13:20:02+08:00,350
2026-07-31T05:30:08+00:00,2026-07-31T13:30:08+08:00,2026-07-31T13:25:02+08:00,347
2026-07-31T05:40:04+00:00,2026-07-31T13:40:04+08:00,2026-07-31T13:35:02+08:00,344
2026-07-31T05:50:09+00:00,2026-07-31T13:50:09+08:00,2026-07-31T13:45:02+08:00,341
2026-07-31T06:00:06+00:00,2026-07-31T14:00:06+08:00,2026-07-31T13:55:02+08:00,332
2026-07-31T06:10:01+00:00,2026-07-31T14:10:01+08:00,2026-07-31T14:05:02+08:00,332
2026-07-31T06:20:07+00:00,2026-07-31T14:20:07+08:00,2026-07-31T14:15:02+08:00,323
2026-07-31T08:13:35+00:00,2026-07-31T16:13:35+08:00,2026-07-31T16:10:02+08:00,266
2026-07-31T08:20:08+00:00,2026-07-31T16:20:08+08:00,2026-07-31T16:15:02+08:00,263
2026-07-31T08:30:02+00:00,2026-07-31T16:30:02+08:00,2026-07-31T16:25:02+08:00,260
2026-07-31T08:40:02+00:00,2026-07-31T16:40:02+08:00,2026-07-31T16:35:02+08:00,254
2026-07-31T08:50:01+00:00,2026-07-31T16:50:01+08:00,2026-07-31T16:45:02+08:00,251
2026-07-31T09:00:10+00:00,2026-07-31T17:00:10+08:00,2026-07-31T16:55:02+08:00,241
2026-07-31T09:10:09+00:00,2026-07-31T17:10:09+08:00,2026-07-31T17:05:02+08:00,241
2026-07-31T11:03:16+00:00,2026-07-31T19:03:16+08:00,2026-07-31T18:55:02+08:00,174
2026-07-31T11:10:06+00:00,2026-07-31T19:10:06+08:00,2026-07-31T19:05:02+08:00,173
2026-07-31T11:20:17+00:00,2026-07-31T19:20:17+08:00,2026-07-31T19:15:02+08:00,164
2026-07-31T11:30:07+00:00,2026-07-31T19:30:07+08:00,2026-07-31T19:25:02+08:00,161
2026-07-31T11:40:07+00:00,2026-07-31T19:40:07+08:00,2026-07-31T19:35:02+08:00,154
2026-07-31T11:50:08+00:00,2026-07-31T19:50:08+08:00,2026-07-31T19:45:02+08:00,151
2026-07-31T12:00:09+00:00,2026-07-31T20:00:09+08:00,2026-07-31T19:55:02+08:00,141
2026-07-31T13:11:10+00:00,2026-07-31T21:11:10+08:00,2026-07-31T21:05:02+08:00,106
2026-07-31T13:20:01+00:00,2026-07-31T21:20:01+08:00,2026-07-31T21:15:02+08:00,97
2026-07-31T13:30:09+00:00,2026-07-31T21:30:09+08:00,2026-07-31T21:25:02+08:00,94
2026-07-31T13:40:06+00:00,2026-07-31T21:40:06+08:00,2026-07-31T21:35:02+08:00,88
2026-07-31T13:50:04+00:00,2026-07-31T21:50:04+08:00,2026-07-31T21:45:02+08:00,85
2026-07-31T14:00:02+00:00,2026-07-31T22:00:02+08:00,2026-07-31T21:55:02+08:00,75
2026-07-31T15:34:28+00:00,2026-07-31T23:34:28+08:00,2026-07-31T23:30:02+08:00,29
2026-07-31T15:40:05+00:00,2026-07-31T23:40:05+08:00,2026-07-31T23:35:02+08:00,25
2026-07-31T15:50:02+00:00,2026-07-31T23:50:02+08:00,2026-07-31T23:45:02+08:00,21
2026-07-31T16:00:03+00:00,2026-08-01T00:00:03+08:00,2026-07-31T23:50:02+08:00,466
2026-07-31T16:10:09+00:00,2026-08-01T00:10:09+08:00,2026-07-31T23:50:02+08:00,466
2026-07-31T16:20:07+00:00,2026-08-01T00:20:07+08:00,2026-07-31T23:50:02+08:00,466
2026-07-31T16:30:03+00:00,2026-08-01T00:30:03+08:00,2026-07-31T23:50:02+08:00,466
2026-07-31T17:17:34+00:00,2026-08-01T01:17:34+08:00,2026-07-31T23:50:02+08:00,466
2026-07-31T17:20:01+00:00,2026-08-01T01:20:01+08:00,2026-07-31T23:50:02+08:00,466
2026-07-31T17:40:09+00:00,2026-08-01T01:40:09+08:00,2026-07-31T23:50:02+08:00,466
2026-07-31T18:00:06+00:00,2026-08-01T02:00:06+08:00,2026-07-31T23:50:02+08:00,466
2026-07-31T18:49:43+00:00,2026-08-01T02:49:43+08:00,2026-07-31T23:50:02+08:00,466
2026-07-31T19:00:09+00:00,2026-08-01T03:00:09+08:00,2026-07-31T23:50:02+08:00,466
2026-07-31T19:20:05+00:00,2026-08-01T03:20:05+08:00,2026-07-31T23:50:02+08:00,466
2026-07-31T19:40:01+00:00,2026-08-01T03:40:01+08:00,2026-07-31T23:50:02+08:00,466
2026-07-31T20:13:53+00:00,2026-08-01T04:13:53+08:00,2026-07-31T23:50:02+08:00,466
2026-07-31T20:20:08+00:00,2026-08-01T04:20:08+08:00,2026-07-31T23:50:02+08:00,466
2026-07-31T20:40:03+00:00,2026-08-01T04:40:03+08:00,2026-07-31T23:50:02+08:00,466
2026-07-31T20:55:09+00:00,2026-08-01T04:55:09+08:00,2026-07-31T23:50:02+08:00,466
2026-07-31T20:56:04+00:00,2026-08-01T04:56:04+08:00,2026-07-31T23:50:02+08:00,466
2026-07-31T20:57:09+00:00,2026-08-01T04:57:09+08:00,2026-07-31T23:50:02+08:00,466
2026-07-31T20:58:04+00:00,2026-08-01T04:58:04+08:00,2026-07-31T23:50:02+08:00,466
2026-07-31T20:59:09+00:00,2026-08-01T04:59:09+08:00,2026-07-31T23:50:02+08:00,466
2026-07-31T21:00:04+00:00,2026-08-01T05:00:04+08:00,2026-07-31T23:50:02+08:00,466
2026-07-31T21:01:09+00:00,2026-08-01T05:01:09+08:00,2026-07-31T23:50:02+08:00,466
2026-07-31T21:02:04+00:00,2026-08-01T05:02:04+08:00,2026-07-31T23:50:02+08:00,466
2026-07-31T21:03:09+00:00,2026-08-01T05:03:09+08:00,2026-07-31T23:50:02+08:00,466
2026-07-31T21:04:04+00:00,2026-08-01T05:04:04+08:00,,0
2026-07-31T21:05:09+00:00,2026-08-01T05:05:09+08:00,,0
2026-07-31T21:06:04+00:00,2026-08-01T05:06:04+08:00,,0
2026-07-31T21:07:09+00:00,2026-08-01T05:07:09+08:00,,0
2026-07-31T21:08:05+00:00,2026-08-01T05:08:05+08:00,,0
2026-07-31T21:09:01+00:00,2026-08-01T05:09:01+08:00,2026-08-01T05:05:02+08:00,466
2026-07-31T21:10:07+00:00,2026-08-01T05:10:07+08:00,2026-08-01T05:05:02+08:00,466
2026-07-31T21:11:02+00:00,2026-08-01T05:11:02+08:00,2026-08-01T05:05:02+08:00,466
2026-07-31T21:34:46+00:00,2026-08-01T05:34:46+08:00,2026-08-01T05:30:02+08:00,466
2026-07-31T21:35:26+00:00,2026-08-01T05:35:26+08:00,2026-08-01T05:30:02+08:00,466
2026-07-31T21:36:03+00:00,2026-08-01T05:36:03+08:00,2026-08-01T05:30:02+08:00,466
2026-07-31T21:37:09+00:00,2026-08-01T05:37:09+08:00,2026-08-01T05:30:02+08:00,466
2026-07-31T21:38:01+00:00,2026-08-01T05:38:01+08:00,2026-08-01T05:30:02+08:00,466
2026-07-31T21:39:06+00:00,2026-08-01T05:39:06+08:00,2026-08-01T05:35:02+08:00,466
2026-07-31T21:40:03+00:00,2026-08-01T05:40:03+08:00,2026-08-01T05:35:02+08:00,466
2026-07-31T21:41:11+00:00,2026-08-01T05:41:11+08:00,2026-08-01T05:35:02+08:00,466
2026-07-31T21:42:08+00:00,2026-08-01T05:42:08+08:00,2026-08-01T05:35:02+08:00,466
2026-07-31T21:43:04+00:00,2026-08-01T05:43:04+08:00,2026-08-01T05:35:02+08:00,466
2026-07-31T21:44:10+00:00,2026-08-01T05:44:10+08:00,2026-08-01T05:40:02+08:00,466
2026-07-31T21:45:07+00:00,2026-08-01T05:45:07+08:00,2026-08-01T05:40:02+08:00,466
2026-07-31T21:46:03+00:00,2026-08-01T05:46:03+08:00,2026-08-01T05:40:02+08:00,466
2026-07-31T21:47:09+00:00,2026-08-01T05:47:09+08:00,2026-08-01T05:40:02+08:00,466
2026-07-31T21:48:08+00:00,2026-08-01T05:48:08+08:00,2026-08-01T05:40:02+08:00,466
2026-07-31T21:49:05+00:00,2026-08-01T05:49:05+08:00,2026-08-01T05:45:02+08:00,466
2026-07-31T21:50:02+00:00,2026-08-01T05:50:02+08:00,2026-08-01T05:45:02+08:00,466
2026-07-31T22:00:07+00:00,2026-08-01T06:00:07+08:00,2026-08-01T05:55:02+08:00,466
2026-07-31T22:10:09+00:00,2026-08-01T06:10:09+08:00,2026-08-01T06:05:02+08:00,466
2026-07-31T22:20:04+00:00,2026-08-01T06:20:04+08:00,2026-08-01T06:15:02+08:00,466
2026-07-31T22:30:06+00:00,2026-08-01T06:30:06+08:00,2026-08-01T06:25:02+08:00,466
2026-07-31T22:50:23+00:00,2026-08-01T06:50:23+08:00,2026-08-01T06:45:02+08:00,466
2026-07-31T23:00:02+00:00,2026-08-01T07:00:02+08:00,2026-08-01T06:55:02+08:00,466
2026-07-31T23:10:02+00:00,2026-08-01T07:10:02+08:00,2026-08-01T07:05:02+08:00,466
2026-07-31T23:20:01+00:00,2026-08-01T07:20:01+08:00,2026-08-01T07:15:02+08:00,466
2026-07-31T23:30:01+00:00,2026-08-01T07:30:01+08:00,2026-08-01T07:25:02+08:00,465
2026-07-31T23:40:01+00:00,2026-08-01T07:40:01+08:00,2026-08-01T07:35:02+08:00,464
2026-07-31T23:52:38+00:00,2026-08-01T07:52:38+08:00,2026-08-01T07:45:02+08:00,464
2026-08-01T00:00:04+00:00,2026-08-01T08:00:04+08:00,2026-08-01T07:55:02+08:00,464
2026-08-01T00:10:07+00:00,2026-08-01T08:10:07+08:00,2026-08-01T08:05:02+08:00,461
2026-08-01T00:20:01+00:00,2026-08-01T08:20:01+08:00,2026-08-01T08:15:02+08:00,460
2026-08-01T00:30:04+00:00,2026-08-01T08:30:04+08:00,2026-08-01T08:25:02+08:00,454
2026-08-01T00:40:06+00:00,2026-08-01T08:40:06+08:00,2026-08-01T08:35:02+08:00,453
2026-08-01T00:50:09+00:00,2026-08-01T08:50:09+08:00,2026-08-01T08:45:02+08:00,447
2026-08-01T01:48:18+00:00,2026-08-01T09:48:18+08:00,2026-08-01T09:40:02+08:00,421
2026-08-01T01:50:03+00:00,2026-08-01T09:50:03+08:00,2026-08-01T09:45:02+08:00,418
2026-08-01T02:00:01+00:00,2026-08-01T10:00:01+08:00,2026-08-01T09:55:02+08:00,408
2026-08-01T02:10:09+00:00,2026-08-01T10:10:09+08:00,2026-08-01T10:05:02+08:00,405
2026-08-01T02:20:06+00:00,2026-08-01T10:20:06+08:00,2026-08-01T10:15:02+08:00,396
2026-08-01T02:30:03+00:00,2026-08-01T10:30:03+08:00,2026-08-01T10:25:02+08:00,393
2026-08-01T02:40:01+00:00,2026-08-01T10:40:01+08:00,2026-08-01T10:35:02+08:00,387
2026-08-01T05:16:57+00:00,2026-08-01T13:16:57+08:00,2026-08-01T13:10:02+08:00,298
2026-08-01T05:20:02+00:00,2026-08-01T13:20:02+08:00,2026-08-01T13:15:02+08:00,295
2026-08-01T05:30:04+00:00,2026-08-01T13:30:04+08:00,2026-08-01T13:25:02+08:00,292
2026-08-01T05:40:07+00:00,2026-08-01T13:40:07+08:00,2026-08-01T13:35:02+08:00,289
2026-08-01T05:50:08+00:00,2026-08-01T13:50:08+08:00,2026-08-01T13:45:02+08:00,286
2026-08-01T06:00:11+00:00,2026-08-01T14:00:11+08:00,2026-08-01T13:55:02+08:00,277
2026-08-01T06:10:03+00:00,2026-08-01T14:10:03+08:00,2026-08-01T14:05:02+08:00,274
2026-08-01T07:40:01+00:00,2026-08-01T15:40:01+08:00,2026-08-01T15:35:02+08:00,232
2026-08-01T07:50:10+00:00,2026-08-01T15:50:10+08:00,2026-08-01T15:45:02+08:00,229
2026-08-01T08:00:10+00:00,2026-08-01T16:00:10+08:00,2026-08-01T15:55:02+08:00,220
2026-08-01T08:10:08+00:00,2026-08-01T16:10:08+08:00,2026-08-01T16:05:02+08:00,217
2026-08-01T08:20:05+00:00,2026-08-01T16:20:05+08:00,2026-08-01T16:15:02+08:00,211
2026-08-01T08:30:03+00:00,2026-08-01T16:30:03+08:00,2026-08-01T16:25:02+08:00,208
2026-08-01T09:48:22+00:00,2026-08-01T17:48:22+08:00,2026-08-01T17:40:02+08:00,178
2026-08-01T09:50:05+00:00,2026-08-01T17:50:05+08:00,2026-08-01T17:45:02+08:00,175
2026-08-01T10:00:07+00:00,2026-08-01T18:00:07+08:00,2026-08-01T17:55:02+08:00,166
2026-08-01T10:10:09+00:00,2026-08-01T18:10:09+08:00,2026-08-01T18:05:02+08:00,160
2026-08-01T10:20:04+00:00,2026-08-01T18:20:04+08:00,2026-08-01T18:15:02+08:00,151
2026-08-01T10:30:05+00:00,2026-08-01T18:30:05+08:00,2026-08-01T18:25:02+08:00,148
2026-08-01T10:40:08+00:00,2026-08-01T18:40:08+08:00,2026-08-01T18:35:02+08:00,145
2026-08-01T11:09:26+00:00,2026-08-01T19:09:26+08:00,2026-08-01T19:05:02+08:00,133
2026-08-01T11:10:02+00:00,2026-08-01T19:10:02+08:00,2026-08-01T19:05:02+08:00,133
2026-08-01T11:20:12+00:00,2026-08-01T19:20:12+08:00,2026-08-01T19:15:02+08:00,127
2026-08-01T11:30:10+00:00,2026-08-01T19:30:10+08:00,2026-08-01T19:25:02+08:00,124
2026-08-01T11:40:08+00:00,2026-08-01T19:40:08+08:00,2026-08-01T19:35:02+08:00,121
2026-08-01T11:50:06+00:00,2026-08-01T19:50:06+08:00,2026-08-01T19:45:02+08:00,118
2026-08-01T12:00:04+00:00,2026-08-01T20:00:04+08:00,2026-08-01T19:55:02+08:00,109
2026-08-01T12:31:37+00:00,2026-08-01T20:31:37+08:00,2026-08-01T20:25:02+08:00,100
2026-08-01T12:40:02+00:00,2026-08-01T20:40:02+08:00,2026-08-01T20:35:02+08:00,94
2026-08-01T12:50:10+00:00,2026-08-01T20:50:10+08:00,2026-08-01T20:45:02+08:00,91
2026-08-01T13:00:07+00:00,2026-08-01T21:00:07+08:00,2026-08-01T20:55:02+08:00,82
2026-08-01T13:10:09+00:00,2026-08-01T21:10:09+08:00,2026-08-01T21:05:02+08:00,82
2026-08-01T13:20:06+00:00,2026-08-01T21:20:06+08:00,2026-08-01T21:15:02+08:00,76
2026-08-01T14:21:09+00:00,2026-08-01T22:21:09+08:00,2026-08-01T22:15:02+08:00,52
2026-08-01T14:30:02+00:00,2026-08-01T22:30:02+08:00,2026-08-01T22:25:02+08:00,49
2026-08-01T14:40:06+00:00,2026-08-01T22:40:06+08:00,2026-08-01T22:35:02+08:00,46
2026-08-01T14:50:11+00:00,2026-08-01T22:50:11+08:00,2026-08-01T22:45:02+08:00,43
2026-08-01T15:00:06+00:00,2026-08-01T23:00:06+08:00,2026-08-01T22:55:02+08:00,34
2026-08-01T15:10:07+00:00,2026-08-01T23:10:07+08:00,2026-08-01T23:05:02+08:00,34
2026-08-01T15:33:44+00:00,2026-08-01T23:33:44+08:00,2026-08-01T23:30:02+08:00,25
2026-08-01T15:40:06+00:00,2026-08-01T23:40:06+08:00,2026-08-01T23:35:02+08:00,24
2026-08-01T15:50:08+00:00,2026-08-01T23:50:08+08:00,2026-08-01T23:45:02+08:00,20
2026-08-01T16:00:05+00:00,2026-08-02T00:00:05+08:00,2026-08-01T23:50:02+08:00,505
2026-08-01T16:10:10+00:00,2026-08-02T00:10:10+08:00,2026-08-01T23:50:02+08:00,505
2026-08-01T16:20:08+00:00,2026-08-02T00:20:08+08:00,2026-08-01T23:50:02+08:00,505
2026-08-01T16:30:04+00:00,2026-08-02T00:30:04+08:00,2026-08-01T23:50:02+08:00,505
2026-08-01T16:46:12+00:00,2026-08-02T00:46:12+08:00,2026-08-01T23:50:02+08:00,505
2026-08-01T16:50:06+00:00,2026-08-02T00:50:06+08:00,2026-08-01T23:50:02+08:00,505
2026-08-01T17:00:02+00:00,2026-08-02T01:00:02+08:00,2026-08-01T23:50:02+08:00,505
2026-08-01T17:20:09+00:00,2026-08-02T01:20:09+08:00,2026-08-01T23:50:02+08:00,505
2026-08-01T17:40:04+00:00,2026-08-02T01:40:04+08:00,2026-08-01T23:50:02+08:00,505
2026-08-01T17:51:40+00:00,2026-08-02T01:51:40+08:00,2026-08-01T23:50:02+08:00,505
2026-08-01T18:00:09+00:00,2026-08-02T02:00:09+08:00,2026-08-01T23:50:02+08:00,505
2026-08-01T18:20:08+00:00,2026-08-02T02:20:08+08:00,2026-08-01T23:50:02+08:00,505
2026-08-01T18:40:04+00:00,2026-08-02T02:40:04+08:00,2026-08-01T23:50:02+08:00,505
2026-08-01T18:52:33+00:00,2026-08-02T02:52:33+08:00,2026-08-01T23:50:02+08:00,505
2026-08-01T19:00:08+00:00,2026-08-02T03:00:08+08:00,2026-08-01T23:50:02+08:00,505
2026-08-01T19:20:04+00:00,2026-08-02T03:20:04+08:00,2026-08-01T23:50:02+08:00,505
2026-08-01T19:40:09+00:00,2026-08-02T03:40:09+08:00,2026-08-01T23:50:02+08:00,505
2026-08-01T20:04:25+00:00,2026-08-02T04:04:25+08:00,2026-08-01T23:50:02+08:00,505
2026-08-01T20:20:03+00:00,2026-08-02T04:20:03+08:00,2026-08-01T23:50:02+08:00,505
2026-08-01T20:40:08+00:00,2026-08-02T04:40:08+08:00,2026-08-01T23:50:02+08:00,505
2026-08-01T20:55:04+00:00,2026-08-02T04:55:04+08:00,2026-08-01T23:50:02+08:00,505
2026-08-01T20:56:09+00:00,2026-08-02T04:56:09+08:00,2026-08-01T23:50:02+08:00,505
2026-08-01T20:57:04+00:00,2026-08-02T04:57:04+08:00,2026-08-01T23:50:02+08:00,505
2026-08-01T20:58:09+00:00,2026-08-02T04:58:09+08:00,2026-08-01T23:50:02+08:00,505
2026-08-01T20:59:04+00:00,2026-08-02T04:59:04+08:00,2026-08-01T23:50:02+08:00,505
2026-08-01T21:00:09+00:00,2026-08-02T05:00:09+08:00,2026-08-01T23:50:02+08:00,505
2026-08-01T21:01:04+00:00,2026-08-02T05:01:04+08:00,2026-08-01T23:50:02+08:00,505
2026-08-01T21:02:09+00:00,2026-08-02T05:02:09+08:00,2026-08-01T23:50:02+08:00,505
2026-08-01T21:14:06+00:00,2026-08-02T05:14:06+08:00,2026-08-02T05:10:02+08:00,505
2026-08-01T21:15:02+00:00,2026-08-02T05:15:02+08:00,2026-08-02T05:10:02+08:00,505
2026-08-01T21:16:07+00:00,2026-08-02T05:16:07+08:00,2026-08-02T05:10:02+08:00,505
2026-08-01T21:17:02+00:00,2026-08-02T05:17:02+08:00,2026-08-02T05:10:02+08:00,505
2026-08-01T21:18:07+00:00,2026-08-02T05:18:07+08:00,2026-08-02T05:10:02+08:00,505
2026-08-01T21:19:03+00:00,2026-08-02T05:19:03+08:00,2026-08-02T05:15:02+08:00,505
2026-08-01T21:20:09+00:00,2026-08-02T05:20:09+08:00,2026-08-02T05:15:02+08:00,505
2026-08-01T21:21:04+00:00,2026-08-02T05:21:04+08:00,2026-08-02T05:15:02+08:00,505
2026-08-01T21:22:10+00:00,2026-08-02T05:22:10+08:00,2026-08-02T05:15:02+08:00,505
2026-08-01T21:23:07+00:00,2026-08-02T05:23:07+08:00,2026-08-02T05:15:02+08:00,505
2026-08-01T21:24:02+00:00,2026-08-02T05:24:02+08:00,2026-08-02T05:20:02+08:00,505
2026-08-01T21:25:08+00:00,2026-08-02T05:25:08+08:00,2026-08-02T05:20:02+08:00,505
2026-08-01T21:26:04+00:00,2026-08-02T05:26:04+08:00,2026-08-02T05:20:02+08:00,505
2026-08-01T21:27:10+00:00,2026-08-02T05:27:10+08:00,2026-08-02T05:20:02+08:00,505
2026-08-01T21:28:05+00:00,2026-08-02T05:28:05+08:00,2026-08-02T05:20:02+08:00,505
2026-08-01T21:29:10+00:00,2026-08-02T05:29:10+08:00,2026-08-02T05:25:02+08:00,505
2026-08-01T21:30:07+00:00,2026-08-02T05:30:07+08:00,2026-08-02T05:25:02+08:00,505
2026-08-01T21:31:02+00:00,2026-08-02T05:31:02+08:00,2026-08-02T05:25:02+08:00,505
2026-08-01T21:32:07+00:00,2026-08-02T05:32:07+08:00,2026-08-02T05:25:02+08:00,505
2026-08-01T21:33:02+00:00,2026-08-02T05:33:02+08:00,2026-08-02T05:25:02+08:00,505
2026-08-01T21:34:08+00:00,2026-08-02T05:34:08+08:00,2026-08-02T05:30:02+08:00,505
2026-08-01T21:35:05+00:00,2026-08-02T05:35:05+08:00,2026-08-02T05:30:02+08:00,505
2026-08-01T21:36:02+00:00,2026-08-02T05:36:02+08:00,2026-08-02T05:30:02+08:00,505
2026-08-01T21:37:07+00:00,2026-08-02T05:37:07+08:00,2026-08-02T05:30:02+08:00,505
2026-08-01T21:38:01+00:00,2026-08-02T05:38:01+08:00,2026-08-02T05:30:02+08:00,505
2026-08-01T21:39:07+00:00,2026-08-02T05:39:07+08:00,2026-08-02T05:35:02+08:00,505
2026-08-01T21:40:04+00:00,2026-08-02T05:40:04+08:00,2026-08-02T05:35:02+08:00,505
2026-08-01T21:41:11+00:00,2026-08-02T05:41:11+08:00,2026-08-02T05:35:02+08:00,505
2026-08-01T21:42:06+00:00,2026-08-02T05:42:06+08:00,2026-08-02T05:35:02+08:00,505
2026-08-01T21:43:01+00:00,2026-08-02T05:43:01+08:00,2026-08-02T05:35:02+08:00,505
2026-08-01T21:44:07+00:00,2026-08-02T05:44:07+08:00,2026-08-02T05:40:02+08:00,505
2026-08-01T21:45:03+00:00,2026-08-02T05:45:03+08:00,2026-08-02T05:40:02+08:00,505
2026-08-01T21:46:09+00:00,2026-08-02T05:46:09+08:00,2026-08-02T05:40:02+08:00,505
2026-08-01T21:47:04+00:00,2026-08-02T05:47:04+08:00,2026-08-02T05:40:02+08:00,505
2026-08-01T21:48:08+00:00,2026-08-02T05:48:08+08:00,2026-08-02T05:40:02+08:00,505
2026-08-01T21:49:04+00:00,2026-08-02T05:49:04+08:00,2026-08-02T05:45:02+08:00,505
2026-08-01T21:50:00+00:00,2026-08-02T05:50:00+08:00,2026-08-02T05:45:02+08:00,505
2026-08-01T22:00:02+00:00,2026-08-02T06:00:02+08:00,2026-08-02T05:55:02+08:00,505
2026-08-01T22:10:09+00:00,2026-08-02T06:10:09+08:00,2026-08-02T06:05:02+08:00,505
2026-08-01T22:23:48+00:00,2026-08-02T06:23:48+08:00,2026-08-02T06:20:02+08:00,505
2026-08-01T22:30:09+00:00,2026-08-02T06:30:09+08:00,2026-08-02T06:25:02+08:00,505
2026-08-01T22:40:08+00:00,2026-08-02T06:40:08+08:00,2026-08-02T06:35:02+08:00,505
2026-08-01T22:50:07+00:00,2026-08-02T06:50:07+08:00,2026-08-02T06:45:02+08:00,505
2026-08-01T23:00:08+00:00,2026-08-02T07:00:08+08:00,2026-08-02T06:55:02+08:00,505
2026-08-01T23:10:08+00:00,2026-08-02T07:10:08+08:00,2026-08-02T07:05:02+08:00,505
2026-08-01T23:20:10+00:00,2026-08-02T07:20:10+08:00,2026-08-02T07:15:02+08:00,505
2026-08-01T23:27:19+00:00,2026-08-02T07:27:19+08:00,2026-08-02T07:20:02+08:00,505
2026-08-01T23:30:05+00:00,2026-08-02T07:30:05+08:00,2026-08-02T07:25:02+08:00,504
2026-08-01T23:40:02+00:00,2026-08-02T07:40:02+08:00,2026-08-02T07:35:02+08:00,503
2026-08-01T23:50:09+00:00,2026-08-02T07:50:09+08:00,2026-08-02T07:45:02+08:00,503
2026-08-02T00:00:07+00:00,2026-08-02T08:00:07+08:00,2026-08-02T07:55:02+08:00,503
2026-08-02T00:10:06+00:00,2026-08-02T08:10:06+08:00,2026-08-02T08:05:02+08:00,500
2026-08-02T00:20:05+00:00,2026-08-02T08:20:05+08:00,2026-08-02T08:15:02+08:00,499
2026-08-02T01:03:21+00:00,2026-08-02T09:03:21+08:00,2026-08-02T08:55:02+08:00,484
2026-08-02T01:10:10+00:00,2026-08-02T09:10:10+08:00,2026-08-02T09:05:02+08:00,484
2026-08-02T01:20:03+00:00,2026-08-02T09:20:03+08:00,2026-08-02T09:15:02+08:00,475
2026-08-02T01:30:04+00:00,2026-08-02T09:30:04+08:00,2026-08-02T09:25:02+08:00,475
2026-08-02T01:40:04+00:00,2026-08-02T09:40:04+08:00,2026-08-02T09:35:02+08:00,469
2026-08-02T01:50:03+00:00,2026-08-02T09:50:03+08:00,2026-08-02T09:45:02+08:00,466
2026-08-02T02:00:03+00:00,2026-08-02T10:00:03+08:00,2026-08-02T09:55:02+08:00,457
2026-08-02T04:47:20+00:00,2026-08-02T12:47:20+08:00,2026-08-02T12:40:02+08:00,388
2026-08-02T04:50:08+00:00,2026-08-02T12:50:08+08:00,2026-08-02T12:45:02+08:00,385
2026-08-02T05:00:08+00:00,2026-08-02T13:00:08+08:00,2026-08-02T12:55:02+08:00,376
2026-08-02T05:10:08+00:00,2026-08-02T13:10:08+08:00,2026-08-02T13:05:02+08:00,373
2026-08-02T05:20:03+00:00,2026-08-02T13:20:03+08:00,2026-08-02T13:15:02+08:00,367
2026-08-02T05:30:03+00:00,2026-08-02T13:30:03+08:00,2026-08-02T13:25:02+08:00,364
2026-08-02T05:40:03+00:00,2026-08-02T13:40:03+08:00,2026-08-02T13:35:02+08:00,361
2026-08-02T07:26:28+00:00,2026-08-02T15:26:28+08:00,2026-08-02T15:20:02+08:00,312
2026-08-02T07:30:04+00:00,2026-08-02T15:30:04+08:00,2026-08-02T15:25:02+08:00,309
2026-08-02T07:40:03+00:00,2026-08-02T15:40:03+08:00,2026-08-02T15:35:02+08:00,302
2026-08-02T07:50:10+00:00,2026-08-02T15:50:10+08:00,2026-08-02T15:45:02+08:00,299
2026-08-02T08:00:07+00:00,2026-08-02T16:00:07+08:00,2026-08-02T15:55:02+08:00,289
2026-08-02T08:10:04+00:00,2026-08-02T16:10:04+08:00,2026-08-02T16:05:02+08:00,289
2026-08-02T08:20:03+00:00,2026-08-02T16:20:03+08:00,2026-08-02T16:15:02+08:00,280
2026-08-02T09:30:33+00:00,2026-08-02T17:30:33+08:00,2026-08-02T17:25:02+08:00,242
2026-08-02T09:40:03+00:00,2026-08-02T17:40:03+08:00,2026-08-02T17:35:02+08:00,235
2026-08-02T09:50:03+00:00,2026-08-02T17:50:03+08:00,2026-08-02T17:45:02+08:00,232
2026-08-02T10:00:04+00:00,2026-08-02T18:00:04+08:00,2026-08-02T17:55:02+08:00,222
2026-08-02T10:10:04+00:00,2026-08-02T18:10:04+08:00,2026-08-02T18:05:02+08:00,219
2026-08-02T10:20:06+00:00,2026-08-02T18:20:06+08:00,2026-08-02T18:15:02+08:00,210
2026-08-02T11:10:08+00:00,2026-08-02T19:10:08+08:00,2026-08-02T19:05:02+08:00,187
2026-08-02T11:20:07+00:00,2026-08-02T19:20:07+08:00,2026-08-02T19:15:02+08:00,178
2026-08-02T11:30:03+00:00,2026-08-02T19:30:03+08:00,2026-08-02T19:25:02+08:00,175
2026-08-02T11:40:10+00:00,2026-08-02T19:40:10+08:00,2026-08-02T19:35:02+08:00,168
2026-08-02T11:50:07+00:00,2026-08-02T19:50:07+08:00,2026-08-02T19:45:02+08:00,165
2026-08-02T12:00:06+00:00,2026-08-02T20:00:06+08:00,2026-08-02T19:55:02+08:00,155
2026-08-02T12:32:54+00:00,2026-08-02T20:32:54+08:00,2026-08-02T20:25:02+08:00,140
2026-08-02T12:40:07+00:00,2026-08-02T20:40:07+08:00,2026-08-02T20:35:02+08:00,133
2026-08-02T12:50:06+00:00,2026-08-02T20:50:06+08:00,2026-08-02T20:45:02+08:00,130
2026-08-02T13:00:06+00:00,2026-08-02T21:00:06+08:00,2026-08-02T20:55:02+08:00,120
2026-08-02T13:10:06+00:00,2026-08-02T21:10:06+08:00,2026-08-02T21:05:02+08:00,117
2026-08-02T13:20:08+00:00,2026-08-02T21:20:08+08:00,2026-08-02T21:15:02+08:00,108
2026-08-02T13:30:07+00:00,2026-08-02T21:30:07+08:00,2026-08-02T21:25:02+08:00,105
2026-08-02T14:23:02+00:00,2026-08-02T22:23:02+08:00,2026-08-02T22:15:02+08:00,73
2026-08-02T14:30:09+00:00,2026-08-02T22:30:09+08:00,2026-08-02T22:25:02+08:00,70
2026-08-02T14:40:06+00:00,2026-08-02T22:40:06+08:00,2026-08-02T22:35:02+08:00,63
2026-08-02T14:50:00+00:00,2026-08-02T22:50:00+08:00,2026-08-02T22:45:02+08:00,60
2026-08-02T15:00:07+00:00,2026-08-02T23:00:07+08:00,2026-08-02T22:55:02+08:00,51
2026-08-02T15:10:04+00:00,2026-08-02T23:10:04+08:00,2026-08-02T23:05:02+08:00,45
2026-08-02T15:20:03+00:00,2026-08-02T23:20:03+08:00,2026-08-02T23:15:02+08:00,37
2026-08-02T15:34:36+00:00,2026-08-02T23:34:36+08:00,2026-08-02T23:30:02+08:00,28
2026-08-02T15:40:09+00:00,2026-08-02T23:40:09+08:00,2026-08-02T23:35:02+08:00,24
2026-08-02T15:50:05+00:00,2026-08-02T23:50:05+08:00,2026-08-02T23:45:02+08:00,20
2026-08-02T16:00:03+00:00,2026-08-03T00:00:03+08:00,2026-08-02T23:50:02+08:00,453
2026-08-02T16:10:09+00:00,2026-08-03T00:10:09+08:00,2026-08-02T23:50:02+08:00,453
2026-08-02T16:20:03+00:00,2026-08-03T00:20:03+08:00,2026-08-02T23:50:02+08:00,453
2026-08-02T16:30:09+00:00,2026-08-03T00:30:09+08:00,2026-08-02T23:50:02+08:00,453
2026-08-02T16:44:58+00:00,2026-08-03T00:44:58+08:00,2026-08-02T23:50:02+08:00,453
2026-08-02T16:50:02+00:00,2026-08-03T00:50:02+08:00,2026-08-02T23:50:02+08:00,453
2026-08-02T17:00:08+00:00,2026-08-03T01:00:08+08:00,2026-08-02T23:50:02+08:00,453
2026-08-02T17:20:06+00:00,2026-08-03T01:20:06+08:00,2026-08-02T23:50:02+08:00,453
2026-08-02T17:40:02+00:00,2026-08-03T01:40:02+08:00,2026-08-02T23:50:02+08:00,453
2026-08-02T17:52:35+00:00,2026-08-03T01:52:35+08:00,2026-08-02T23:50:02+08:00,453
2026-08-02T18:00:08+00:00,2026-08-03T02:00:08+08:00,2026-08-02T23:50:02+08:00,453
2026-08-02T18:20:03+00:00,2026-08-03T02:20:03+08:00,2026-08-02T23:50:02+08:00,453
2026-08-02T18:40:09+00:00,2026-08-03T02:40:09+08:00,2026-08-02T23:50:02+08:00,453
2026-08-02T18:53:05+00:00,2026-08-03T02:53:05+08:00,2026-08-02T23:50:02+08:00,453
2026-08-02T19:00:10+00:00,2026-08-03T03:00:10+08:00,2026-08-02T23:50:02+08:00,453
2026-08-02T19:20:06+00:00,2026-08-03T03:20:06+08:00,2026-08-02T23:50:02+08:00,453
2026-08-02T19:40:02+00:00,2026-08-03T03:40:02+08:00,2026-08-02T23:50:02+08:00,453
2026-08-02T20:04:53+00:00,2026-08-03T04:04:53+08:00,2026-08-02T23:50:02+08:00,453
2026-08-02T20:20:04+00:00,2026-08-03T04:20:04+08:00,2026-08-02T23:50:02+08:00,453
2026-08-02T20:40:11+00:00,2026-08-03T04:40:11+08:00,2026-08-02T23:50:02+08:00,453
2026-08-02T20:55:07+00:00,2026-08-03T04:55:07+08:00,2026-08-02T23:50:02+08:00,453
2026-08-02T20:56:03+00:00,2026-08-03T04:56:03+08:00,2026-08-02T23:50:02+08:00,453
2026-08-02T20:57:10+00:00,2026-08-03T04:57:10+08:00,2026-08-02T23:50:02+08:00,453
2026-08-02T20:58:06+00:00,2026-08-03T04:58:06+08:00,2026-08-02T23:50:02+08:00,453
2026-08-02T20:59:02+00:00,2026-08-03T04:59:02+08:00,2026-08-02T23:50:02+08:00,453
2026-08-02T21:00:08+00:00,2026-08-03T05:00:08+08:00,2026-08-02T23:50:02+08:00,453
2026-08-02T21:01:05+00:00,2026-08-03T05:01:05+08:00,2026-08-02T23:50:02+08:00,453
2026-08-02T21:02:01+00:00,2026-08-03T05:02:01+08:00,2026-08-02T23:50:02+08:00,453
2026-08-02T21:15:18+00:00,2026-08-03T05:15:18+08:00,2026-08-03T05:10:02+08:00,453
2026-08-02T21:16:04+00:00,2026-08-03T05:16:04+08:00,2026-08-03T05:10:02+08:00,453
2026-08-02T21:17:08+00:00,2026-08-03T05:17:08+08:00,2026-08-03T05:10:02+08:00,453
2026-08-02T21:18:04+00:00,2026-08-03T05:18:04+08:00,2026-08-03T05:10:02+08:00,453
2026-08-02T21:19:09+00:00,2026-08-03T05:19:09+08:00,2026-08-03T05:15:02+08:00,453
2026-08-02T21:20:04+00:00,2026-08-03T05:20:04+08:00,2026-08-03T05:15:02+08:00,453
2026-08-02T21:21:10+00:00,2026-08-03T05:21:10+08:00,2026-08-03T05:15:02+08:00,453
2026-08-02T21:22:04+00:00,2026-08-03T05:22:04+08:00,2026-08-03T05:15:02+08:00,453
2026-08-02T21:23:10+00:00,2026-08-03T05:23:10+08:00,2026-08-03T05:15:02+08:00,453
2026-08-02T21:24:05+00:00,2026-08-03T05:24:05+08:00,2026-08-03T05:20:02+08:00,453
2026-08-02T21:25:01+00:00,2026-08-03T05:25:01+08:00,2026-08-03T05:20:02+08:00,453
2026-08-02T21:26:07+00:00,2026-08-03T05:26:07+08:00,2026-08-03T05:20:02+08:00,453
2026-08-02T21:27:02+00:00,2026-08-03T05:27:02+08:00,2026-08-03T05:20:02+08:00,453
2026-08-02T21:28:08+00:00,2026-08-03T05:28:08+08:00,2026-08-03T05:20:02+08:00,453
2026-08-02T21:29:04+00:00,2026-08-03T05:29:04+08:00,2026-08-03T05:25:02+08:00,453
2026-08-02T21:30:10+00:00,2026-08-03T05:30:10+08:00,2026-08-03T05:25:02+08:00,453
2026-08-02T21:31:06+00:00,2026-08-03T05:31:06+08:00,2026-08-03T05:25:02+08:00,453
2026-08-02T21:32:01+00:00,2026-08-03T05:32:01+08:00,2026-08-03T05:25:02+08:00,453
2026-08-02T21:33:06+00:00,2026-08-03T05:33:06+08:00,2026-08-03T05:25:02+08:00,453
2026-08-02T21:34:02+00:00,2026-08-03T05:34:02+08:00,2026-08-03T05:30:02+08:00,453
2026-08-02T21:35:07+00:00,2026-08-03T05:35:07+08:00,2026-08-03T05:30:02+08:00,453
2026-08-02T21:36:03+00:00,2026-08-03T05:36:03+08:00,2026-08-03T05:30:02+08:00,453
2026-08-02T21:37:08+00:00,2026-08-03T05:37:08+08:00,2026-08-03T05:30:02+08:00,453
2026-08-02T21:38:02+00:00,2026-08-03T05:38:02+08:00,2026-08-03T05:30:02+08:00,453
2026-08-02T21:39:07+00:00,2026-08-03T05:39:07+08:00,2026-08-03T05:35:02+08:00,453
2026-08-02T21:40:02+00:00,2026-08-03T05:40:02+08:00,2026-08-03T05:35:02+08:00,453
2026-08-02T21:41:08+00:00,2026-08-03T05:41:08+08:00,2026-08-03T05:35:02+08:00,453
2026-08-02T21:42:02+00:00,2026-08-03T05:42:02+08:00,2026-08-03T05:35:02+08:00,453
2026-08-02T21:43:08+00:00,2026-08-03T05:43:08+08:00,2026-08-03T05:35:02+08:00,453
2026-08-02T21:44:03+00:00,2026-08-03T05:44:03+08:00,2026-08-03T05:40:02+08:00,453
2026-08-02T21:45:08+00:00,2026-08-03T05:45:08+08:00,2026-08-03T05:40:02+08:00,453
2026-08-02T21:46:03+00:00,2026-08-03T05:46:03+08:00,2026-08-03T05:40:02+08:00,453
2026-08-02T21:47:08+00:00,2026-08-03T05:47:08+08:00,2026-08-03T05:40:02+08:00,453
2026-08-02T21:48:05+00:00,2026-08-03T05:48:05+08:00,2026-08-03T05:40:02+08:00,453
2026-08-02T21:49:10+00:00,2026-08-03T05:49:10+08:00,2026-08-03T05:45:02+08:00,453
2026-08-02T21:50:06+00:00,2026-08-03T05:50:06+08:00,2026-08-03T05:45:02+08:00,453
2026-08-02T22:00:04+00:00,2026-08-03T06:00:04+08:00,2026-08-03T05:55:02+08:00,453
2026-08-02T22:10:03+00:00,2026-08-03T06:10:03+08:00,2026-08-03T06:05:02+08:00,453
2026-08-02T22:23:46+00:00,2026-08-03T06:23:46+08:00,2026-08-03T06:20:02+08:00,453
2026-08-02T22:30:10+00:00,2026-08-03T06:30:10+08:00,2026-08-03T06:25:02+08:00,453
2026-08-02T22:40:02+00:00,2026-08-03T06:40:02+08:00,2026-08-03T06:35:02+08:00,453
2026-08-02T22:50:03+00:00,2026-08-03T06:50:03+08:00,2026-08-03T06:45:02+08:00,453
2026-08-02T23:00:07+00:00,2026-08-03T07:00:07+08:00,2026-08-03T06:55:02+08:00,453
2026-08-02T23:10:02+00:00,2026-08-03T07:10:02+08:00,2026-08-03T07:05:02+08:00,453
2026-08-02T23:20:08+00:00,2026-08-03T07:20:08+08:00,2026-08-03T07:15:02+08:00,453
2026-08-02T23:25:54+00:00,2026-08-03T07:25:54+08:00,2026-08-03T07:20:02+08:00,453
2026-08-02T23:30:01+00:00,2026-08-03T07:30:01+08:00,2026-08-03T07:25:02+08:00,452
2026-08-02T23:40:09+00:00,2026-08-03T07:40:09+08:00,2026-08-03T07:35:02+08:00,451
2026-08-02T23:50:08+00:00,2026-08-03T07:50:08+08:00,2026-08-03T07:45:02+08:00,451
2026-08-03T00:00:08+00:00,2026-08-03T08:00:08+08:00,2026-08-03T07:55:02+08:00,450
2026-08-03T00:10:07+00:00,2026-08-03T08:10:07+08:00,2026-08-03T08:05:02+08:00,447
2026-08-03T00:20:08+00:00,2026-08-03T08:20:08+08:00,2026-08-03T08:15:02+08:00,446
2026-08-03T01:03:16+00:00,2026-08-03T09:03:16+08:00,2026-08-03T08:55:02+08:00,420
2026-08-03T01:10:09+00:00,2026-08-03T09:10:09+08:00,2026-08-03T09:05:02+08:00,417
2026-08-03T01:20:02+00:00,2026-08-03T09:20:02+08:00,2026-08-03T09:15:02+08:00,408
2026-08-03T01:30:04+00:00,2026-08-03T09:30:04+08:00,2026-08-03T09:25:02+08:00,408
2026-08-03T01:40:08+00:00,2026-08-03T09:40:08+08:00,2026-08-03T09:35:02+08:00,401
2026-08-03T01:50:09+00:00,2026-08-03T09:50:09+08:00,2026-08-03T09:45:02+08:00,398
2026-08-03T02:00:01+00:00,2026-08-03T10:00:01+08:00,2026-08-03T09:55:02+08:00,389
2026-08-03T04:56:16+00:00,2026-08-03T12:56:16+08:00,2026-08-03T12:50:02+08:00,305
2026-08-03T05:00:02+00:00,2026-08-03T13:00:02+08:00,2026-08-03T12:55:02+08:00,302
2026-08-03T05:10:09+00:00,2026-08-03T13:10:09+08:00,2026-08-03T13:05:02+08:00,299
2026-08-03T05:20:06+00:00,2026-08-03T13:20:06+08:00,2026-08-03T13:15:02+08:00,290
2026-08-03T05:30:04+00:00,2026-08-03T13:30:04+08:00,2026-08-03T13:25:02+08:00,287
2026-08-03T05:40:02+00:00,2026-08-03T13:40:02+08:00,2026-08-03T13:35:02+08:00,284
2026-08-03T05:50:10+00:00,2026-08-03T13:50:10+08:00,2026-08-03T13:45:02+08:00,281
2026-08-03T08:22:26+00:00,2026-08-03T16:22:26+08:00,2026-08-03T16:15:02+08:00,218
2026-08-03T08:30:03+00:00,2026-08-03T16:30:03+08:00,2026-08-03T16:25:02+08:00,215
2026-08-03T08:40:06+00:00,2026-08-03T16:40:06+08:00,2026-08-03T16:35:02+08:00,212
2026-08-03T08:50:04+00:00,2026-08-03T16:50:04+08:00,2026-08-03T16:45:02+08:00,209
2026-08-03T09:00:08+00:00,2026-08-03T17:00:08+08:00,2026-08-03T16:55:02+08:00,199
2026-08-03T09:10:10+00:00,2026-08-03T17:10:10+08:00,2026-08-03T17:05:02+08:00,199
2026-08-03T09:20:00+00:00,2026-08-03T17:20:00+08:00,2026-08-03T17:15:02+08:00,190
2026-08-03T11:52:46+00:00,2026-08-03T19:52:46+08:00,2026-08-03T19:45:02+08:00,116
2026-08-03T12:00:03+00:00,2026-08-03T20:00:03+08:00,2026-08-03T19:55:02+08:00,106
2026-08-03T12:10:10+00:00,2026-08-03T20:10:10+08:00,2026-08-03T20:05:02+08:00,106
2026-08-03T12:20:08+00:00,2026-08-03T20:20:08+08:00,2026-08-03T20:15:02+08:00,100
2026-08-03T12:30:06+00:00,2026-08-03T20:30:06+08:00,2026-08-03T20:25:02+08:00,97
2026-08-03T12:40:05+00:00,2026-08-03T20:40:05+08:00,2026-08-03T20:35:02+08:00,91
2026-08-03T12:50:07+00:00,2026-08-03T20:50:07+08:00,2026-08-03T20:45:02+08:00,88
2026-08-03T14:13:34+00:00,2026-08-03T22:13:34+08:00,2026-08-03T22:05:02+08:00,52
2026-08-03T14:20:10+00:00,2026-08-03T22:20:10+08:00,2026-08-03T22:15:02+08:00,46
2026-08-03T14:30:03+00:00,2026-08-03T22:30:03+08:00,2026-08-03T22:25:02+08:00,46
2026-08-03T14:40:07+00:00,2026-08-03T22:40:07+08:00,2026-08-03T22:35:02+08:00,43
2026-08-03T14:50:02+00:00,2026-08-03T22:50:02+08:00,2026-08-03T22:45:02+08:00,40
2026-08-03T15:00:03+00:00,2026-08-03T23:00:03+08:00,2026-08-03T22:55:02+08:00,34
2026-08-03T15:10:07+00:00,2026-08-03T23:10:07+08:00,2026-08-03T23:05:02+08:00,34
2026-08-03T16:44:28+00:00,2026-08-04T00:44:28+08:00,2026-08-03T23:50:02+08:00,425
2026-08-03T16:50:03+00:00,2026-08-04T00:50:03+08:00,2026-08-03T23:50:02+08:00,425
2026-08-03T17:00:11+00:00,2026-08-04T01:00:11+08:00,2026-08-03T23:50:02+08:00,425
2026-08-03T17:20:08+00:00,2026-08-04T01:20:08+08:00,2026-08-03T23:50:02+08:00,425
2026-08-03T17:40:04+00:00,2026-08-04T01:40:04+08:00,2026-08-03T23:50:02+08:00,425
2026-08-03T18:42:26+00:00,2026-08-04T02:42:26+08:00,2026-08-03T23:50:02+08:00,425
2026-08-03T19:00:01+00:00,2026-08-04T03:00:01+08:00,2026-08-03T23:50:02+08:00,425
2026-08-03T19:20:10+00:00,2026-08-04T03:20:10+08:00,2026-08-03T23:50:02+08:00,425
2026-08-03T19:40:06+00:00,2026-08-04T03:40:06+08:00,2026-08-03T23:50:02+08:00,425
2026-08-03T20:20:01+00:00,2026-08-04T04:20:01+08:00,2026-08-03T23:50:02+08:00,425
2026-08-03T20:20:35+00:00,2026-08-04T04:20:35+08:00,2026-08-03T23:50:02+08:00,425
2026-08-03T20:40:01+00:00,2026-08-04T04:40:01+08:00,2026-08-03T23:50:02+08:00,425
2026-08-03T20:55:07+00:00,2026-08-04T04:55:07+08:00,2026-08-03T23:50:02+08:00,425
2026-08-03T20:56:02+00:00,2026-08-04T04:56:02+08:00,2026-08-03T23:50:02+08:00,425
2026-08-03T20:57:08+00:00,2026-08-04T04:57:08+08:00,2026-08-03T23:50:02+08:00,425
2026-08-03T20:58:03+00:00,2026-08-04T04:58:03+08:00,2026-08-03T23:50:02+08:00,425
2026-08-03T20:59:09+00:00,2026-08-04T04:59:09+08:00,2026-08-03T23:50:02+08:00,425
2026-08-03T21:00:05+00:00,2026-08-04T05:00:05+08:00,2026-08-03T23:50:02+08:00,425
2026-08-03T21:01:00+00:00,2026-08-04T05:01:00+08:00,2026-08-03T23:50:02+08:00,425
2026-08-03T21:02:06+00:00,2026-08-04T05:02:06+08:00,2026-08-03T23:50:02+08:00,425
2026-08-03T21:03:01+00:00,2026-08-04T05:03:01+08:00,2026-08-03T23:50:02+08:00,425
2026-08-03T21:04:07+00:00,2026-08-04T05:04:07+08:00,,0
2026-08-03T21:05:03+00:00,2026-08-04T05:05:03+08:00,,0
2026-08-03T21:06:09+00:00,2026-08-04T05:06:09+08:00,,0
2026-08-03T21:07:04+00:00,2026-08-04T05:07:04+08:00,,0
2026-08-03T21:08:01+00:00,2026-08-04T05:08:01+08:00,,0
2026-08-03T21:09:06+00:00,2026-08-04T05:09:06+08:00,2026-08-04T05:05:02+08:00,425
2026-08-03T21:10:03+00:00,2026-08-04T05:10:03+08:00,2026-08-04T05:05:02+08:00,425
2026-08-03T21:11:08+00:00,2026-08-04T05:11:08+08:00,2026-08-04T05:05:02+08:00,425
2026-08-03T21:12:03+00:00,2026-08-04T05:12:03+08:00,2026-08-04T05:05:02+08:00,425
2026-08-03T21:13:09+00:00,2026-08-04T05:13:09+08:00,2026-08-04T05:05:02+08:00,425
2026-08-03T21:14:05+00:00,2026-08-04T05:14:05+08:00,2026-08-04T05:10:01+08:00,425
2026-08-03T21:15:01+00:00,2026-08-04T05:15:01+08:00,2026-08-04T05:10:01+08:00,425
2026-08-03T21:16:06+00:00,2026-08-04T05:16:06+08:00,2026-08-04T05:10:01+08:00,425
2026-08-03T21:17:02+00:00,2026-08-04T05:17:02+08:00,2026-08-04T05:10:01+08:00,425
2026-08-03T21:36:10+00:00,2026-08-04T05:36:10+08:00,2026-08-04T05:30:01+08:00,425
2026-08-03T21:37:04+00:00,2026-08-04T05:37:04+08:00,2026-08-04T05:30:01+08:00,425
2026-08-03T21:38:08+00:00,2026-08-04T05:38:08+08:00,2026-08-04T05:30:01+08:00,425
2026-08-03T21:39:03+00:00,2026-08-04T05:39:03+08:00,2026-08-04T05:35:02+08:00,425
2026-08-03T21:40:09+00:00,2026-08-04T05:40:09+08:00,2026-08-04T05:35:02+08:00,425
2026-08-03T21:41:04+00:00,2026-08-04T05:41:04+08:00,2026-08-04T05:35:02+08:00,425
2026-08-03T21:42:09+00:00,2026-08-04T05:42:09+08:00,2026-08-04T05:35:02+08:00,425
2026-08-03T21:43:04+00:00,2026-08-04T05:43:04+08:00,2026-08-04T05:35:02+08:00,425
2026-08-03T21:44:09+00:00,2026-08-04T05:44:09+08:00,2026-08-04T05:40:01+08:00,425
2026-08-03T21:45:04+00:00,2026-08-04T05:45:04+08:00,2026-08-04T05:40:01+08:00,425
2026-08-03T21:46:09+00:00,2026-08-04T05:46:09+08:00,2026-08-04T05:40:01+08:00,425
2026-08-03T21:47:04+00:00,2026-08-04T05:47:04+08:00,2026-08-04T05:40:01+08:00,425
2026-08-03T21:48:10+00:00,2026-08-04T05:48:10+08:00,2026-08-04T05:40:01+08:00,425
2026-08-03T21:49:04+00:00,2026-08-04T05:49:04+08:00,2026-08-04T05:45:02+08:00,425
2026-08-03T21:50:10+00:00,2026-08-04T05:50:10+08:00,2026-08-04T05:45:02+08:00,425
2026-08-03T22:00:06+00:00,2026-08-04T06:00:06+08:00,2026-08-04T05:55:02+08:00,425
2026-08-03T22:10:03+00:00,2026-08-04T06:10:03+08:00,2026-08-04T06:05:02+08:00,425
2026-08-03T22:20:09+00:00,2026-08-04T06:20:09+08:00,2026-08-04T06:15:02+08:00,425
2026-08-03T22:30:07+00:00,2026-08-04T06:30:07+08:00,2026-08-04T06:25:02+08:00,425
2026-08-03T22:51:02+00:00,2026-08-04T06:51:02+08:00,2026-08-04T06:45:02+08:00,425
2026-08-03T23:00:10+00:00,2026-08-04T07:00:10+08:00,2026-08-04T06:55:02+08:00,425
2026-08-03T23:10:09+00:00,2026-08-04T07:10:09+08:00,2026-08-04T07:05:02+08:00,425
2026-08-03T23:20:05+00:00,2026-08-04T07:20:05+08:00,2026-08-04T07:15:02+08:00,425
2026-08-03T23:30:04+00:00,2026-08-04T07:30:04+08:00,2026-08-04T07:25:02+08:00,424
2026-08-03T23:40:01+00:00,2026-08-04T07:40:01+08:00,2026-08-04T07:35:02+08:00,423
2026-08-03T23:59:06+00:00,2026-08-04T07:59:06+08:00,2026-08-04T07:55:02+08:00,422
2026-08-04T00:00:02+00:00,2026-08-04T08:00:02+08:00,2026-08-04T07:55:02+08:00,422
2026-08-04T00:10:01+00:00,2026-08-04T08:10:01+08:00,2026-08-04T08:05:02+08:00,419
2026-08-04T00:20:07+00:00,2026-08-04T08:20:07+08:00,2026-08-04T08:15:02+08:00,418
2026-08-04T00:30:07+00:00,2026-08-04T08:30:07+08:00,2026-08-04T08:25:02+08:00,412
2026-08-04T00:40:06+00:00,2026-08-04T08:40:06+08:00,2026-08-04T08:35:02+08:00,411
2026-08-04T00:50:06+00:00,2026-08-04T08:50:06+08:00,2026-08-04T08:45:02+08:00,405
2026-08-04T02:30:39+00:00,2026-08-04T10:30:39+08:00,2026-08-04T10:25:02+08:00,352
2026-08-04T02:40:07+00:00,2026-08-04T10:40:07+08:00,2026-08-04T10:35:02+08:00,349
2026-08-04T02:50:04+00:00,2026-08-04T10:50:04+08:00,2026-08-04T10:45:02+08:00,346
2026-08-04T03:00:01+00:00,2026-08-04T11:00:01+08:00,2026-08-04T10:55:02+08:00,337
2026-08-04T03:10:00+00:00,2026-08-04T11:10:00+08:00,2026-08-04T11:05:02+08:00,334
2026-08-04T03:20:09+00:00,2026-08-04T11:20:09+08:00,2026-08-04T11:15:02+08:00,328
2026-08-04T05:37:52+00:00,2026-08-04T13:37:52+08:00,2026-08-04T13:30:01+08:00,277
2026-08-04T05:40:10+00:00,2026-08-04T13:40:10+08:00,2026-08-04T13:35:02+08:00,277
2026-08-04T05:50:10+00:00,2026-08-04T13:50:10+08:00,2026-08-04T13:45:02+08:00,274
2026-08-04T06:00:10+00:00,2026-08-04T14:00:10+08:00,2026-08-04T13:55:02+08:00,268
2026-08-04T06:10:10+00:00,2026-08-04T14:10:10+08:00,2026-08-04T14:05:02+08:00,268
2026-08-04T06:20:09+00:00,2026-08-04T14:20:09+08:00,2026-08-04T14:15:02+08:00,262
2026-08-04T06:30:09+00:00,2026-08-04T14:30:09+08:00,2026-08-04T14:25:02+08:00,259
2026-08-04T08:16:46+00:00,2026-08-04T16:16:46+08:00,2026-08-04T16:10:01+08:00,217
2026-08-04T08:20:09+00:00,2026-08-04T16:20:09+08:00,2026-08-04T16:15:02+08:00,214
2026-08-04T08:30:01+00:00,2026-08-04T16:30:01+08:00,2026-08-04T16:25:02+08:00,211
2026-08-04T08:40:05+00:00,2026-08-04T16:40:05+08:00,2026-08-04T16:35:02+08:00,208
2026-08-04T08:50:07+00:00,2026-08-04T16:50:07+08:00,2026-08-04T16:45:02+08:00,205
2026-08-04T09:00:03+00:00,2026-08-04T17:00:03+08:00,2026-08-04T16:55:02+08:00,196
2026-08-04T09:10:04+00:00,2026-08-04T17:10:04+08:00,2026-08-04T17:05:02+08:00,196
2026-08-04T11:00:27+00:00,2026-08-04T19:00:27+08:00,2026-08-04T18:55:02+08:00,135
2026-08-04T11:10:09+00:00,2026-08-04T19:10:09+08:00,2026-08-04T19:05:02+08:00,131
2026-08-04T11:20:09+00:00,2026-08-04T19:20:09+08:00,2026-08-04T19:15:02+08:00,122
2026-08-04T11:30:10+00:00,2026-08-04T19:30:10+08:00,2026-08-04T19:25:02+08:00,119
2026-08-04T11:40:09+00:00,2026-08-04T19:40:09+08:00,2026-08-04T19:35:02+08:00,116
2026-08-04T11:50:09+00:00,2026-08-04T19:50:09+08:00,2026-08-04T19:45:02+08:00,113
2026-08-04T13:13:23+00:00,2026-08-04T21:13:23+08:00,2026-08-04T21:05:02+08:00,76
2026-08-04T13:20:01+00:00,2026-08-04T21:20:01+08:00,2026-08-04T21:15:02+08:00,70
2026-08-04T13:30:09+00:00,2026-08-04T21:30:09+08:00,2026-08-04T21:25:02+08:00,67
2026-08-04T13:40:07+00:00,2026-08-04T21:40:07+08:00,2026-08-04T21:35:02+08:00,61
2026-08-04T13:50:06+00:00,2026-08-04T21:50:06+08:00,2026-08-04T21:45:02+08:00,58
2026-08-04T14:00:04+00:00,2026-08-04T22:00:04+08:00,2026-08-04T21:55:02+08:00,52
2026-08-04T14:10:02+00:00,2026-08-04T22:10:02+08:00,2026-08-04T22:05:02+08:00,52
2026-08-04T15:42:21+00:00,2026-08-04T23:42:21+08:00,2026-08-04T23:35:02+08:00,24
2026-08-04T15:50:07+00:00,2026-08-04T23:50:07+08:00,2026-08-04T23:45:02+08:00,21
2026-08-04T16:00:06+00:00,2026-08-05T00:00:06+08:00,2026-08-04T23:50:01+08:00,425
2026-08-04T16:10:02+00:00,2026-08-05T00:10:02+08:00,2026-08-04T23:50:01+08:00,425
2026-08-04T16:20:07+00:00,2026-08-05T00:20:07+08:00,2026-08-04T23:50:01+08:00,425
2026-08-04T16:30:03+00:00,2026-08-05T00:30:03+08:00,2026-08-04T23:50:01+08:00,425
2026-08-04T16:40:09+00:00,2026-08-05T00:40:09+08:00,2026-08-04T23:50:01+08:00,425
2026-08-04T17:28:20+00:00,2026-08-05T01:28:20+08:00,2026-08-04T23:50:01+08:00,425
2026-08-04T17:40:11+00:00,2026-08-05T01:40:11+08:00,2026-08-04T23:50:01+08:00,425
2026-08-04T18:00:07+00:00,2026-08-05T02:00:07+08:00,2026-08-04T23:50:01+08:00,425
2026-08-04T18:20:08+00:00,2026-08-05T02:20:08+08:00,2026-08-04T23:50:01+08:00,425
2026-08-04T19:06:46+00:00,2026-08-05T03:06:46+08:00,2026-08-04T23:50:01+08:00,425
2026-08-04T19:20:05+00:00,2026-08-05T03:20:05+08:00,2026-08-04T23:50:01+08:00,425
2026-08-04T19:40:02+00:00,2026-08-05T03:40:02+08:00,2026-08-04T23:50:01+08:00,425
2026-08-04T20:00:09+00:00,2026-08-05T04:00:09+08:00,2026-08-04T23:50:01+08:00,425
2026-08-04T20:49:55+00:00,2026-08-05T04:49:55+08:00,2026-08-04T23:50:01+08:00,425
2026-08-04T20:55:10+00:00,2026-08-05T04:55:10+08:00,2026-08-04T23:50:01+08:00,425
2026-08-04T20:56:06+00:00,2026-08-05T04:56:06+08:00,2026-08-04T23:50:01+08:00,425
2026-08-04T20:57:01+00:00,2026-08-05T04:57:01+08:00,2026-08-04T23:50:01+08:00,425
2026-08-04T20:58:07+00:00,2026-08-05T04:58:07+08:00,2026-08-04T23:50:01+08:00,425
2026-08-04T20:59:03+00:00,2026-08-05T04:59:03+08:00,2026-08-04T23:50:01+08:00,425
2026-08-04T21:00:09+00:00,2026-08-05T05:00:09+08:00,2026-08-04T23:50:01+08:00,425
2026-08-04T21:01:04+00:00,2026-08-05T05:01:04+08:00,2026-08-04T23:50:01+08:00,425
2026-08-04T21:02:10+00:00,2026-08-05T05:02:10+08:00,2026-08-04T23:50:01+08:00,425
2026-08-04T21:03:06+00:00,2026-08-05T05:03:06+08:00,2026-08-04T23:50:01+08:00,425
2026-08-04T21:04:01+00:00,2026-08-05T05:04:01+08:00,,0
2026-08-04T21:05:07+00:00,2026-08-05T05:05:07+08:00,,0
2026-08-04T21:06:03+00:00,2026-08-05T05:06:03+08:00,,0
2026-08-04T21:07:08+00:00,2026-08-05T05:07:08+08:00,,0
2026-08-04T21:08:05+00:00,2026-08-05T05:08:05+08:00,,0
2026-08-04T21:09:01+00:00,2026-08-05T05:09:01+08:00,2026-08-05T05:05:02+08:00,425
2026-08-04T21:10:07+00:00,2026-08-05T05:10:07+08:00,2026-08-05T05:05:02+08:00,425
2026-08-04T21:11:02+00:00,2026-08-05T05:11:02+08:00,2026-08-05T05:05:02+08:00,425
2026-08-04T21:12:08+00:00,2026-08-05T05:12:08+08:00,2026-08-05T05:05:02+08:00,425
2026-08-04T21:13:05+00:00,2026-08-05T05:13:05+08:00,2026-08-05T05:05:02+08:00,425
2026-08-04T21:14:01+00:00,2026-08-05T05:14:01+08:00,2026-08-05T05:10:01+08:00,425
2026-08-04T21:15:07+00:00,2026-08-05T05:15:07+08:00,2026-08-05T05:10:01+08:00,425
2026-08-04T21:16:10+00:00,2026-08-05T05:16:10+08:00,2026-08-05T05:10:01+08:00,425
2026-08-04T21:17:04+00:00,2026-08-05T05:17:04+08:00,2026-08-05T05:10:01+08:00,425
2026-08-04T21:18:09+00:00,2026-08-05T05:18:09+08:00,2026-08-05T05:10:01+08:00,425
2026-08-04T21:19:06+00:00,2026-08-05T05:19:06+08:00,2026-08-05T05:15:02+08:00,425
2026-08-04T21:20:02+00:00,2026-08-05T05:20:02+08:00,2026-08-05T05:15:02+08:00,425
2026-08-04T21:21:07+00:00,2026-08-05T05:21:07+08:00,2026-08-05T05:15:02+08:00,425
2026-08-04T21:22:02+00:00,2026-08-05T05:22:02+08:00,2026-08-05T05:15:02+08:00,425
2026-08-04T21:23:07+00:00,2026-08-05T05:23:07+08:00,2026-08-05T05:15:02+08:00,425
2026-08-04T21:24:03+00:00,2026-08-05T05:24:03+08:00,2026-08-05T05:20:01+08:00,425
2026-08-04T21:25:09+00:00,2026-08-05T05:25:09+08:00,2026-08-05T05:20:01+08:00,425
2026-08-04T21:26:04+00:00,2026-08-05T05:26:04+08:00,2026-08-05T05:20:01+08:00,425
2026-08-04T21:27:09+00:00,2026-08-05T05:27:09+08:00,2026-08-05T05:20:01+08:00,425
2026-08-04T21:28:08+00:00,2026-08-05T05:28:08+08:00,2026-08-05T05:20:01+08:00,425
2026-08-04T21:29:05+00:00,2026-08-05T05:29:05+08:00,2026-08-05T05:25:02+08:00,425
2026-08-04T21:30:10+00:00,2026-08-05T05:30:10+08:00,2026-08-05T05:25:02+08:00,425
2026-08-04T21:31:05+00:00,2026-08-05T05:31:05+08:00,2026-08-05T05:25:02+08:00,425
2026-08-04T21:32:10+00:00,2026-08-05T05:32:10+08:00,2026-08-05T05:25:02+08:00,425
2026-08-04T21:33:07+00:00,2026-08-05T05:33:07+08:00,2026-08-05T05:25:02+08:00,425
2026-08-04T21:34:02+00:00,2026-08-05T05:34:02+08:00,2026-08-05T05:30:01+08:00,425
2026-08-04T21:35:08+00:00,2026-08-05T05:35:08+08:00,2026-08-05T05:30:01+08:00,425
2026-08-04T21:36:03+00:00,2026-08-05T05:36:03+08:00,2026-08-05T05:30:01+08:00,425
2026-08-04T21:37:08+00:00,2026-08-05T05:37:08+08:00,2026-08-05T05:30:01+08:00,425
2026-08-04T21:38:04+00:00,2026-08-05T05:38:04+08:00,2026-08-05T05:30:01+08:00,425
2026-08-04T21:39:09+00:00,2026-08-05T05:39:09+08:00,2026-08-05T05:35:02+08:00,425
2026-08-04T21:40:04+00:00,2026-08-05T05:40:04+08:00,2026-08-05T05:35:02+08:00,425
2026-08-04T21:41:09+00:00,2026-08-05T05:41:09+08:00,2026-08-05T05:35:02+08:00,425
2026-08-04T21:42:05+00:00,2026-08-05T05:42:05+08:00,2026-08-05T05:35:02+08:00,425
2026-08-04T21:43:10+00:00,2026-08-05T05:43:10+08:00,2026-08-05T05:35:02+08:00,425
2026-08-04T21:44:05+00:00,2026-08-05T05:44:05+08:00,2026-08-05T05:40:01+08:00,425
2026-08-04T21:45:01+00:00,2026-08-05T05:45:01+08:00,2026-08-05T05:40:01+08:00,425
2026-08-04T21:46:06+00:00,2026-08-05T05:46:06+08:00,2026-08-05T05:40:01+08:00,425
2026-08-04T21:47:01+00:00,2026-08-05T05:47:01+08:00,2026-08-05T05:40:01+08:00,425
2026-08-04T22:02:42+00:00,2026-08-05T06:02:42+08:00,2026-08-05T05:55:02+08:00,425
2026-08-04T22:10:04+00:00,2026-08-05T06:10:04+08:00,2026-08-05T06:05:02+08:00,425
2026-08-04T22:20:10+00:00,2026-08-05T06:20:10+08:00,2026-08-05T06:15:02+08:00,425
2026-08-04T22:30:01+00:00,2026-08-05T06:30:01+08:00,2026-08-05T06:25:02+08:00,425
2026-08-04T22:40:02+00:00,2026-08-05T06:40:02+08:00,2026-08-05T06:35:02+08:00,425
2026-08-04T22:50:03+00:00,2026-08-05T06:50:03+08:00,2026-08-05T06:45:02+08:00,425
2026-08-04T23:00:06+00:00,2026-08-05T07:00:06+08:00,2026-08-05T06:55:02+08:00,425
2026-08-04T23:29:55+00:00,2026-08-05T07:29:55+08:00,2026-08-05T07:25:02+08:00,424
2026-08-04T23:30:52+00:00,2026-08-05T07:30:52+08:00,2026-08-05T07:25:02+08:00,424
2026-08-04T23:40:10+00:00,2026-08-05T07:40:10+08:00,2026-08-05T07:35:02+08:00,423
2026-08-04T23:50:10+00:00,2026-08-05T07:50:10+08:00,2026-08-05T07:45:02+08:00,423
2026-08-05T00:00:02+00:00,2026-08-05T08:00:02+08:00,2026-08-05T07:55:02+08:00,422
2026-08-05T00:10:01+00:00,2026-08-05T08:10:01+08:00,2026-08-05T08:05:02+08:00,419
2026-08-05T00:20:02+00:00,2026-08-05T08:20:02+08:00,2026-08-05T08:15:02+08:00,418
2026-08-05T00:55:29+00:00,2026-08-05T08:55:29+08:00,2026-08-05T08:50:01+08:00,401
2026-08-05T01:00:03+00:00,2026-08-05T09:00:03+08:00,2026-08-05T08:55:02+08:00,395
2026-08-05T01:10:05+00:00,2026-08-05T09:10:05+08:00,2026-08-05T09:05:02+08:00,392
2026-08-05T01:20:09+00:00,2026-08-05T09:20:09+08:00,2026-08-05T09:15:02+08:00,383
2026-08-05T01:30:03+00:00,2026-08-05T09:30:03+08:00,2026-08-05T09:25:02+08:00,383
2026-08-05T01:40:05+00:00,2026-08-05T09:40:05+08:00,2026-08-05T09:35:02+08:00,376
2026-08-05T01:50:09+00:00,2026-08-05T09:50:09+08:00,2026-08-05T09:45:02+08:00,373
2026-08-05T03:52:57+00:00,2026-08-05T11:52:57+08:00,2026-08-05T11:45:02+08:00,319
2026-08-05T04:00:08+00:00,2026-08-05T12:00:08+08:00,2026-08-05T11:55:02+08:00,310
2026-08-05T04:10:08+00:00,2026-08-05T12:10:08+08:00,2026-08-05T12:05:02+08:00,310
2026-08-05T04:20:07+00:00,2026-08-05T12:20:07+08:00,2026-08-05T12:15:02+08:00,304
2026-08-05T04:30:06+00:00,2026-08-05T12:30:06+08:00,2026-08-05T12:25:02+08:00,301
2026-08-05T04:40:05+00:00,2026-08-05T12:40:05+08:00,2026-08-05T12:35:02+08:00,298
2026-08-05T04:50:03+00:00,2026-08-05T12:50:03+08:00,2026-08-05T12:45:02+08:00,295
2026-08-05T06:18:49+00:00,2026-08-05T14:18:49+08:00,2026-08-05T14:15:02+08:00,262
2026-08-05T06:20:01+00:00,2026-08-05T14:20:01+08:00,2026-08-05T14:15:02+08:00,262
2026-08-05T06:30:03+00:00,2026-08-05T14:30:03+08:00,2026-08-05T14:25:02+08:00,259
2026-08-05T06:40:04+00:00,2026-08-05T14:40:04+08:00,2026-08-05T14:35:02+08:00,256
2026-08-05T06:50:09+00:00,2026-08-05T14:50:09+08:00,2026-08-05T14:45:02+08:00,253
2026-08-05T07:00:02+00:00,2026-08-05T15:00:02+08:00,2026-08-05T14:55:02+08:00,244
2026-08-05T07:10:08+00:00,2026-08-05T15:10:08+08:00,2026-08-05T15:05:02+08:00,244
2026-08-05T09:16:35+00:00,2026-08-05T17:16:35+08:00,2026-08-05T17:10:01+08:00,190
2026-08-05T09:20:01+00:00,2026-08-05T17:20:01+08:00,2026-08-05T17:15:02+08:00,187
2026-08-05T09:30:09+00:00,2026-08-05T17:30:09+08:00,2026-08-05T17:25:02+08:00,184
2026-08-05T09:40:07+00:00,2026-08-05T17:40:07+08:00,2026-08-05T17:35:02+08:00,181
2026-08-05T09:50:05+00:00,2026-08-05T17:50:05+08:00,2026-08-05T17:45:02+08:00,178
2026-08-05T10:00:03+00:00,2026-08-05T18:00:03+08:00,2026-08-05T17:55:02+08:00,169
2026-08-05T10:10:01+00:00,2026-08-05T18:10:01+08:00,2026-08-05T18:05:02+08:00,166
2026-08-05T11:34:40+00:00,2026-08-05T19:34:40+08:00,2026-08-05T19:30:01+08:00,116
2026-08-05T11:40:07+00:00,2026-08-05T19:40:07+08:00,2026-08-05T19:35:02+08:00,116
2026-08-05T11:50:05+00:00,2026-08-05T19:50:05+08:00,2026-08-05T19:45:02+08:00,113
2026-08-05T12:00:05+00:00,2026-08-05T20:00:05+08:00,2026-08-05T19:55:02+08:00,103
2026-08-05T12:10:03+00:00,2026-08-05T20:10:03+08:00,2026-08-05T20:05:02+08:00,103
2026-08-05T12:20:10+00:00,2026-08-05T20:20:10+08:00,2026-08-05T20:15:02+08:00,97
2026-08-05T12:30:07+00:00,2026-08-05T20:30:07+08:00,2026-08-05T20:25:02+08:00,94
2026-08-05T13:40:21+00:00,2026-08-05T21:40:21+08:00,2026-08-05T21:35:02+08:00,61
2026-08-05T13:50:01+00:00,2026-08-05T21:50:01+08:00,2026-08-05T21:45:02+08:00,58
2026-08-05T14:00:01+00:00,2026-08-05T22:00:01+08:00,2026-08-05T21:55:02+08:00,52
2026-08-05T14:10:01+00:00,2026-08-05T22:10:01+08:00,2026-08-05T22:05:02+08:00,52
2026-08-05T14:20:10+00:00,2026-08-05T22:20:10+08:00,2026-08-05T22:15:02+08:00,46
2026-08-05T14:30:09+00:00,2026-08-05T22:30:09+08:00,2026-08-05T22:25:02+08:00,46
2026-08-05T15:53:30+00:00,2026-08-05T23:53:30+08:00,2026-08-05T23:45:02+08:00,21
2026-08-05T16:00:12+00:00,2026-08-06T00:00:12+08:00,2026-08-05T23:50:01+08:00,448
2026-08-05T16:10:03+00:00,2026-08-06T00:10:03+08:00,2026-08-05T23:50:01+08:00,448
2026-08-05T16:20:04+00:00,2026-08-06T00:20:04+08:00,2026-08-05T23:50:01+08:00,448
2026-08-05T16:30:01+00:00,2026-08-06T00:30:01+08:00,2026-08-05T23:50:01+08:00,448
2026-08-05T16:40:07+00:00,2026-08-06T00:40:07+08:00,2026-08-05T23:50:01+08:00,448
2026-08-05T16:50:04+00:00,2026-08-06T00:50:04+08:00,2026-08-05T23:50:01+08:00,448
2026-08-05T17:18:11+00:00,2026-08-06T01:18:11+08:00,2026-08-05T23:50:01+08:00,448
2026-08-05T17:20:06+00:00,2026-08-06T01:20:06+08:00,2026-08-05T23:50:01+08:00,448
2026-08-05T17:40:02+00:00,2026-08-06T01:40:02+08:00,2026-08-05T23:50:01+08:00,448
2026-08-05T18:00:10+00:00,2026-08-06T02:00:10+08:00,2026-08-05T23:50:01+08:00,448
2026-08-05T18:58:52+00:00,2026-08-06T02:58:52+08:00,2026-08-05T23:50:01+08:00,448
2026-08-05T19:00:08+00:00,2026-08-06T03:00:08+08:00,2026-08-05T23:50:01+08:00,448
2026-08-05T19:20:03+00:00,2026-08-06T03:20:03+08:00,2026-08-05T23:50:01+08:00,448
2026-08-05T19:40:09+00:00,2026-08-06T03:40:09+08:00,2026-08-05T23:50:01+08:00,448
2026-08-05T20:25:55+00:00,2026-08-06T04:25:55+08:00,2026-08-05T23:50:01+08:00,448
2026-08-05T20:40:06+00:00,2026-08-06T04:40:06+08:00,2026-08-05T23:50:01+08:00,448
2026-08-05T20:55:02+00:00,2026-08-06T04:55:02+08:00,2026-08-05T23:50:01+08:00,448
2026-08-05T20:56:11+00:00,2026-08-06T04:56:11+08:00,2026-08-05T23:50:01+08:00,448
2026-08-05T20:57:08+00:00,2026-08-06T04:57:08+08:00,2026-08-05T23:50:01+08:00,448
2026-08-05T20:58:06+00:00,2026-08-06T04:58:06+08:00,2026-08-05T23:50:01+08:00,448
2026-08-05T20:59:02+00:00,2026-08-06T04:59:02+08:00,2026-08-05T23:50:01+08:00,448
2026-08-05T21:00:09+00:00,2026-08-06T05:00:09+08:00,2026-08-05T23:50:01+08:00,448
2026-08-05T21:01:06+00:00,2026-08-06T05:01:06+08:00,2026-08-05T23:50:01+08:00,448
2026-08-05T21:02:02+00:00,2026-08-06T05:02:02+08:00,2026-08-05T23:50:01+08:00,448
2026-08-05T21:03:09+00:00,2026-08-06T05:03:09+08:00,2026-08-05T23:50:01+08:00,448
2026-08-05T21:04:06+00:00,2026-08-06T05:04:06+08:00,,0
2026-08-05T21:05:03+00:00,2026-08-06T05:05:03+08:00,,0
2026-08-05T21:06:10+00:00,2026-08-06T05:06:10+08:00,,0
2026-08-05T21:07:06+00:00,2026-08-06T05:07:06+08:00,,0
2026-08-05T21:08:10+00:00,2026-08-06T05:08:10+08:00,,0
2026-08-05T21:09:06+00:00,2026-08-06T05:09:06+08:00,2026-08-06T05:05:02+08:00,448
2026-08-05T21:10:04+00:00,2026-08-06T05:10:04+08:00,2026-08-06T05:05:02+08:00,448
2026-08-05T21:11:02+00:00,2026-08-06T05:11:02+08:00,2026-08-06T05:05:02+08:00,448
2026-08-05T21:12:08+00:00,2026-08-06T05:12:08+08:00,2026-08-06T05:05:02+08:00,448
2026-08-05T21:13:05+00:00,2026-08-06T05:13:05+08:00,2026-08-06T05:05:02+08:00,448
2026-08-05T21:14:03+00:00,2026-08-06T05:14:03+08:00,2026-08-06T05:10:01+08:00,448
2026-08-05T21:15:02+00:00,2026-08-06T05:15:02+08:00,2026-08-06T05:10:01+08:00,448
2026-08-05T21:16:01+00:00,2026-08-06T05:16:01+08:00,2026-08-06T05:10:01+08:00,448
2026-08-05T21:17:08+00:00,2026-08-06T05:17:08+08:00,2026-08-06T05:10:01+08:00,448
2026-08-05T21:18:10+00:00,2026-08-06T05:18:10+08:00,2026-08-06T05:10:01+08:00,448
2026-08-05T21:19:07+00:00,2026-08-06T05:19:07+08:00,2026-08-06T05:15:02+08:00,448
2026-08-05T21:20:05+00:00,2026-08-06T05:20:05+08:00,2026-08-06T05:15:02+08:00,448
2026-08-05T21:21:01+00:00,2026-08-06T05:21:01+08:00,2026-08-06T05:15:02+08:00,448
2026-08-05T21:22:07+00:00,2026-08-06T05:22:07+08:00,2026-08-06T05:15:02+08:00,448
2026-08-05T21:23:04+00:00,2026-08-06T05:23:04+08:00,2026-08-06T05:15:02+08:00,448
2026-08-05T21:41:01+00:00,2026-08-06T05:41:01+08:00,2026-08-06T05:35:02+08:00,448
2026-08-05T21:42:09+00:00,2026-08-06T05:42:09+08:00,2026-08-06T05:35:02+08:00,448
2026-08-05T21:43:05+00:00,2026-08-06T05:43:05+08:00,2026-08-06T05:35:02+08:00,448
2026-08-05T21:44:01+00:00,2026-08-06T05:44:01+08:00,2026-08-06T05:40:01+08:00,448
2026-08-05T21:45:08+00:00,2026-08-06T05:45:08+08:00,2026-08-06T05:40:01+08:00,448
2026-08-05T21:46:04+00:00,2026-08-06T05:46:04+08:00,2026-08-06T05:40:01+08:00,448
2026-08-05T21:47:10+00:00,2026-08-06T05:47:10+08:00,2026-08-06T05:40:01+08:00,448
2026-08-05T21:48:10+00:00,2026-08-06T05:48:10+08:00,2026-08-06T05:40:01+08:00,448
2026-08-05T21:49:05+00:00,2026-08-06T05:49:05+08:00,2026-08-06T05:45:02+08:00,448
2026-08-05T21:50:02+00:00,2026-08-06T05:50:02+08:00,2026-08-06T05:45:02+08:00,448
2026-08-05T22:00:04+00:00,2026-08-06T06:00:04+08:00,2026-08-06T05:55:02+08:00,448
2026-08-05T22:10:06+00:00,2026-08-06T06:10:06+08:00,2026-08-06T06:05:02+08:00,448
2026-08-05T22:20:08+00:00,2026-08-06T06:20:08+08:00,2026-08-06T06:15:02+08:00,448
2026-08-05T22:30:01+00:00,2026-08-06T06:30:01+08:00,2026-08-06T06:25:02+08:00,448
2026-08-05T22:47:53+00:00,2026-08-06T06:47:53+08:00,2026-08-06T06:40:01+08:00,448
2026-08-05T22:50:07+00:00,2026-08-06T06:50:07+08:00,2026-08-06T06:45:02+08:00,448
2026-08-05T23:00:05+00:00,2026-08-06T07:00:05+08:00,2026-08-06T06:55:02+08:00,448
2026-08-05T23:10:07+00:00,2026-08-06T07:10:07+08:00,2026-08-06T07:05:02+08:00,448
2026-08-05T23:20:05+00:00,2026-08-06T07:20:05+08:00,2026-08-06T07:15:02+08:00,448
2026-08-05T23:30:02+00:00,2026-08-06T07:30:02+08:00,2026-08-06T07:25:02+08:00,447
2026-08-05T23:40:09+00:00,2026-08-06T07:40:09+08:00,2026-08-06T07:35:02+08:00,446
2026-08-05T23:47:09+00:00,2026-08-06T07:47:09+08:00,2026-08-06T07:40:01+08:00,446
2026-08-05T23:50:04+00:00,2026-08-06T07:50:04+08:00,2026-08-06T07:45:02+08:00,446
2026-08-06T00:00:04+00:00,2026-08-06T08:00:04+08:00,2026-08-06T07:55:02+08:00,445
2026-08-06T00:10:02+00:00,2026-08-06T08:10:02+08:00,2026-08-06T08:05:02+08:00,442
2026-08-06T00:20:09+00:00,2026-08-06T08:20:09+08:00,2026-08-06T08:15:02+08:00,441
2026-08-06T00:30:08+00:00,2026-08-06T08:30:08+08:00,2026-08-06T08:25:02+08:00,435
2026-08-06T00:40:06+00:00,2026-08-06T08:40:06+08:00,2026-08-06T08:35:02+08:00,434
2026-08-06T01:25:20+00:00,2026-08-06T09:25:20+08:00,2026-08-06T09:20:01+08:00,406
2026-08-06T01:30:06+00:00,2026-08-06T09:30:06+08:00,2026-08-06T09:25:02+08:00,406
2026-08-06T01:40:08+00:00,2026-08-06T09:40:08+08:00,2026-08-06T09:35:02+08:00,399
2026-08-06T01:50:11+00:00,2026-08-06T09:50:11+08:00,2026-08-06T09:45:02+08:00,396
2026-08-06T02:00:03+00:00,2026-08-06T10:00:03+08:00,2026-08-06T09:55:02+08:00,386
2026-08-06T02:10:06+00:00,2026-08-06T10:10:06+08:00,2026-08-06T10:05:02+08:00,383
2026-08-06T02:20:10+00:00,2026-08-06T10:20:10+08:00,2026-08-06T10:15:02+08:00,374
2026-08-06T04:37:40+00:00,2026-08-06T12:37:40+08:00,2026-08-06T12:30:01+08:00,314
2026-08-06T04:40:04+00:00,2026-08-06T12:40:04+08:00,2026-08-06T12:35:02+08:00,314
2026-08-06T04:50:04+00:00,2026-08-06T12:50:04+08:00,2026-08-06T12:45:02+08:00,311
2026-08-06T05:00:09+00:00,2026-08-06T13:00:09+08:00,2026-08-06T12:55:02+08:00,302
2026-08-06T05:10:03+00:00,2026-08-06T13:10:03+08:00,2026-08-06T13:05:02+08:00,302
2026-08-06T05:20:07+00:00,2026-08-06T13:20:07+08:00,2026-08-06T13:15:02+08:00,296
2026-08-06T05:30:03+00:00,2026-08-06T13:30:03+08:00,2026-08-06T13:25:02+08:00,293
2026-08-06T07:32:03+00:00,2026-08-06T15:32:03+08:00,2026-08-06T15:25:02+08:00,245
2026-08-06T07:40:09+00:00,2026-08-06T15:40:09+08:00,2026-08-06T15:35:02+08:00,242
2026-08-06T07:50:01+00:00,2026-08-06T15:50:01+08:00,2026-08-06T15:45:02+08:00,239
2026-08-06T08:00:02+00:00,2026-08-06T16:00:02+08:00,2026-08-06T15:55:02+08:00,230
2026-08-06T08:10:05+00:00,2026-08-06T16:10:05+08:00,2026-08-06T16:05:02+08:00,230
2026-08-06T08:20:09+00:00,2026-08-06T16:20:09+08:00,2026-08-06T16:15:02+08:00,224
2026-08-06T08:30:02+00:00,2026-08-06T16:30:02+08:00,2026-08-06T16:25:02+08:00,221
2026-08-06T10:26:08+00:00,2026-08-06T18:26:08+08:00,2026-08-06T18:20:01+08:00,167
2026-08-06T10:30:02+00:00,2026-08-06T18:30:02+08:00,2026-08-06T18:25:02+08:00,164
2026-08-06T10:40:10+00:00,2026-08-06T18:40:10+08:00,2026-08-06T18:35:02+08:00,157
2026-08-06T10:50:08+00:00,2026-08-06T18:50:08+08:00,2026-08-06T18:45:02+08:00,154
2026-08-06T11:00:07+00:00,2026-08-06T19:00:07+08:00,2026-08-06T18:55:02+08:00,145
2026-08-06T11:10:05+00:00,2026-08-06T19:10:05+08:00,2026-08-06T19:05:02+08:00,141
2026-08-06T11:20:04+00:00,2026-08-06T19:20:04+08:00,2026-08-06T19:15:02+08:00,132
2026-08-06T12:24:07+00:00,2026-08-06T20:24:07+08:00,2026-08-06T20:20:01+08:00,103
2026-08-06T12:30:03+00:00,2026-08-06T20:30:03+08:00,2026-08-06T20:25:02+08:00,100
2026-08-06T12:40:05+00:00,2026-08-06T20:40:05+08:00,2026-08-06T20:35:02+08:00,94
2026-08-06T12:50:08+00:00,2026-08-06T20:50:08+08:00,2026-08-06T20:45:02+08:00,91
2026-08-06T13:00:01+00:00,2026-08-06T21:00:01+08:00,2026-08-06T20:55:02+08:00,82
2026-08-06T13:10:05+00:00,2026-08-06T21:10:05+08:00,2026-08-06T21:05:02+08:00,82
2026-08-06T13:20:02+00:00,2026-08-06T21:20:02+08:00,2026-08-06T21:15:02+08:00,76
2026-08-06T14:42:47+00:00,2026-08-06T22:42:47+08:00,2026-08-06T22:35:02+08:00,43
2026-08-06T14:50:10+00:00,2026-08-06T22:50:10+08:00,2026-08-06T22:45:02+08:00,40
2026-08-06T15:00:08+00:00,2026-08-06T23:00:08+08:00,2026-08-06T22:55:02+08:00,34
2026-08-06T15:10:05+00:00,2026-08-06T23:10:05+08:00,2026-08-06T23:05:02+08:00,34
2026-08-06T15:20:02+00:00,2026-08-06T23:20:02+08:00,2026-08-06T23:15:02+08:00,31
2026-08-06T15:30:09+00:00,2026-08-06T23:30:09+08:00,2026-08-06T23:25:02+08:00,28
2026-08-06T15:40:07+00:00,2026-08-06T23:40:07+08:00,2026-08-06T23:35:02+08:00,24
2026-08-07T00:21:02+00:00,2026-08-07T08:21:02+08:00,2026-08-07T08:15:02+08:00,507
2026-08-07T00:30:09+00:00,2026-08-07T08:30:09+08:00,2026-08-07T08:25:02+08:00,501
2026-08-07T00:40:04+00:00,2026-08-07T08:40:04+08:00,2026-08-07T08:35:02+08:00,500
2026-08-07T00:50:01+00:00,2026-08-07T08:50:01+08:00,2026-08-07T08:45:02+08:00,494
2026-08-07T01:00:09+00:00,2026-08-07T09:00:09+08:00,2026-08-07T08:55:02+08:00,484
2026-08-07T01:10:06+00:00,2026-08-07T09:10:06+08:00,2026-08-07T09:05:02+08:00,481
2026-08-07T03:23:24+00:00,2026-08-07T11:23:24+08:00,2026-08-07T11:15:02+08:00,411
2026-08-07T03:30:03+00:00,2026-08-07T11:30:03+08:00,2026-08-07T11:25:02+08:00,408
2026-08-07T03:40:03+00:00,2026-08-07T11:40:03+08:00,2026-08-07T11:35:02+08:00,405
2026-08-07T03:50:02+00:00,2026-08-07T11:50:02+08:00,2026-08-07T11:45:02+08:00,402
2026-08-07T04:00:09+00:00,2026-08-07T12:00:09+08:00,2026-08-07T11:55:02+08:00,393
2026-08-07T04:10:08+00:00,2026-08-07T12:10:08+08:00,2026-08-07T12:05:02+08:00,390
2026-08-07T04:20:09+00:00,2026-08-07T12:20:09+08:00,2026-08-07T12:15:02+08:00,384
2026-08-07T05:09:47+00:00,2026-08-07T13:09:47+08:00,2026-08-07T13:05:02+08:00,363
2026-08-07T05:10:22+00:00,2026-08-07T13:10:22+08:00,2026-08-07T13:05:02+08:00,363
2026-08-07T05:20:09+00:00,2026-08-07T13:20:09+08:00,2026-08-07T13:15:02+08:00,357
2026-08-07T05:30:05+00:00,2026-08-07T13:30:05+08:00,2026-08-07T13:25:02+08:00,354
2026-08-07T05:40:06+00:00,2026-08-07T13:40:06+08:00,2026-08-07T13:35:02+08:00,351
2026-08-07T05:50:02+00:00,2026-08-07T13:50:02+08:00,2026-08-07T13:45:02+08:00,348
2026-08-07T06:00:10+00:00,2026-08-07T14:00:10+08:00,2026-08-07T13:55:02+08:00,339
2026-08-07T06:40:21+00:00,2026-08-07T14:40:21+08:00,2026-08-07T14:35:02+08:00,321
2026-08-07T06:50:06+00:00,2026-08-07T14:50:06+08:00,2026-08-07T14:45:02+08:00,318
2026-08-07T07:00:03+00:00,2026-08-07T15:00:03+08:00,2026-08-07T14:55:02+08:00,309
2026-08-07T07:10:08+00:00,2026-08-07T15:10:08+08:00,2026-08-07T15:05:02+08:00,309
2026-08-07T07:20:04+00:00,2026-08-07T15:20:04+08:00,2026-08-07T15:15:02+08:00,300
2026-08-07T07:30:01+00:00,2026-08-07T15:30:01+08:00,2026-08-07T15:25:02+08:00,297
2026-08-07T08:05:32+00:00,2026-08-07T16:05:32+08:00,2026-08-07T16:00:01+08:00,278
2026-08-07T08:10:09+00:00,2026-08-07T16:10:09+08:00,2026-08-07T16:05:02+08:00,278
2026-08-07T08:20:06+00:00,2026-08-07T16:20:06+08:00,2026-08-07T16:15:02+08:00,269
2026-08-07T08:30:05+00:00,2026-08-07T16:30:05+08:00,2026-08-07T16:25:02+08:00,266
2026-08-07T08:40:02+00:00,2026-08-07T16:40:02+08:00,2026-08-07T16:35:02+08:00,260
2026-08-07T08:50:09+00:00,2026-08-07T16:50:09+08:00,2026-08-07T16:45:02+08:00,257
2026-08-07T09:00:06+00:00,2026-08-07T17:00:06+08:00,2026-08-07T16:55:02+08:00,247
2026-08-07T09:29:07+00:00,2026-08-07T17:29:07+08:00,2026-08-07T17:25:02+08:00,235
2026-08-07T09:30:10+00:00,2026-08-07T17:30:10+08:00,2026-08-07T17:25:02+08:00,235
2026-08-07T09:40:05+00:00,2026-08-07T17:40:05+08:00,2026-08-07T17:35:02+08:00,228
2026-08-07T09:50:10+00:00,2026-08-07T17:50:10+08:00,2026-08-07T17:45:02+08:00,225
2026-08-07T10:00:08+00:00,2026-08-07T18:00:08+08:00,2026-08-07T17:55:02+08:00,215
2026-08-07T10:10:04+00:00,2026-08-07T18:10:04+08:00,2026-08-07T18:05:02+08:00,212
2026-08-07T10:20:10+00:00,2026-08-07T18:20:10+08:00,2026-08-07T18:15:02+08:00,203
2026-08-07T10:27:50+00:00,2026-08-07T18:27:50+08:00,2026-08-07T18:20:01+08:00,203
2026-08-07T10:30:11+00:00,2026-08-07T18:30:11+08:00,2026-08-07T18:25:02+08:00,200
2026-08-07T10:40:01+00:00,2026-08-07T18:40:01+08:00,2026-08-07T18:35:02+08:00,193
2026-08-07T10:50:03+00:00,2026-08-07T18:50:03+08:00,2026-08-07T18:45:02+08:00,190
2026-08-07T11:00:04+00:00,2026-08-07T19:00:04+08:00,2026-08-07T18:55:02+08:00,180
2026-08-07T11:10:04+00:00,2026-08-07T19:10:04+08:00,2026-08-07T19:05:02+08:00,176
2026-08-07T11:20:11+00:00,2026-08-07T19:20:11+08:00,2026-08-07T19:15:02+08:00,167
2026-08-07T11:26:07+00:00,2026-08-07T19:26:07+08:00,2026-08-07T19:20:01+08:00,167
2026-08-07T11:30:07+00:00,2026-08-07T19:30:07+08:00,2026-08-07T19:25:02+08:00,164
2026-08-07T11:40:07+00:00,2026-08-07T19:40:07+08:00,2026-08-07T19:35:02+08:00,157
2026-08-07T11:50:06+00:00,2026-08-07T19:50:06+08:00,2026-08-07T19:45:02+08:00,154
2026-08-07T12:00:07+00:00,2026-08-07T20:00:07+08:00,2026-08-07T19:55:02+08:00,144
2026-08-07T12:10:08+00:00,2026-08-07T20:10:08+08:00,2026-08-07T20:05:02+08:00,144
2026-08-07T12:20:11+00:00,2026-08-07T20:20:11+08:00,2026-08-07T20:15:02+08:00,135
2026-08-07T12:24:25+00:00,2026-08-07T20:24:25+08:00,2026-08-07T20:20:01+08:00,135
2026-08-07T12:30:07+00:00,2026-08-07T20:30:07+08:00,2026-08-07T20:25:02+08:00,132
2026-08-07T12:40:06+00:00,2026-08-07T20:40:06+08:00,2026-08-07T20:35:02+08:00,125
2026-08-07T12:50:07+00:00,2026-08-07T20:50:07+08:00,2026-08-07T20:45:02+08:00,122
2026-08-07T13:00:09+00:00,2026-08-07T21:00:09+08:00,2026-08-07T20:55:02+08:00,112
2026-08-07T13:10:09+00:00,2026-08-07T21:10:09+08:00,2026-08-07T21:05:02+08:00,109
2026-08-07T13:20:02+00:00,2026-08-07T21:20:02+08:00,2026-08-07T21:15:02+08:00,100
2026-08-07T13:45:45+00:00,2026-08-07T21:45:45+08:00,2026-08-07T21:40:01+08:00,91
2026-08-07T13:50:04+00:00,2026-08-07T21:50:04+08:00,2026-08-07T21:45:02+08:00,88
2026-08-07T14:00:04+00:00,2026-08-07T22:00:04+08:00,2026-08-07T21:55:02+08:00,78
2026-08-07T14:10:04+00:00,2026-08-07T22:10:04+08:00,2026-08-07T22:05:02+08:00,72
2026-08-07T14:20:07+00:00,2026-08-07T22:20:07+08:00,2026-08-07T22:15:02+08:00,63
2026-08-07T14:30:07+00:00,2026-08-07T22:30:07+08:00,2026-08-07T22:25:02+08:00,60
2026-08-07T14:40:08+00:00,2026-08-07T22:40:08+08:00,2026-08-07T22:35:02+08:00,54
2026-08-07T14:44:28+00:00,2026-08-07T22:44:28+08:00,2026-08-07T22:40:01+08:00,54
2026-08-07T14:50:05+00:00,2026-08-07T22:50:05+08:00,2026-08-07T22:45:02+08:00,51
2026-08-07T15:00:02+00:00,2026-08-07T23:00:02+08:00,2026-08-07T22:55:02+08:00,42
2026-08-07T15:10:08+00:00,2026-08-07T23:10:08+08:00,2026-08-07T23:05:02+08:00,42
2026-08-07T15:20:07+00:00,2026-08-07T23:20:07+08:00,2026-08-07T23:15:02+08:00,38
2026-08-07T15:30:03+00:00,2026-08-07T23:30:03+08:00,2026-08-07T23:25:02+08:00,32
2026-08-07T15:40:09+00:00,2026-08-07T23:40:09+08:00,2026-08-07T23:35:02+08:00,25
2026-08-07T15:43:07+00:00,2026-08-07T23:43:07+08:00,2026-08-07T23:35:02+08:00,25
2026-08-07T15:50:01+00:00,2026-08-07T23:50:01+08:00,2026-08-07T23:45:02+08:00,21
2026-08-07T16:00:09+00:00,2026-08-08T00:00:09+08:00,2026-08-07T23:50:01+08:00,466
2026-08-07T16:10:04+00:00,2026-08-08T00:10:04+08:00,2026-08-07T23:50:01+08:00,466
2026-08-07T16:20:09+00:00,2026-08-08T00:20:09+08:00,2026-08-07T23:50:01+08:00,466
2026-08-07T16:30:05+00:00,2026-08-08T00:30:05+08:00,2026-08-07T23:50:01+08:00,466
2026-08-07T16:40:01+00:00,2026-08-08T00:40:01+08:00,2026-08-07T23:50:01+08:00,466
2026-08-07T16:41:30+00:00,2026-08-08T00:41:30+08:00,2026-08-07T23:50:01+08:00,466
2026-08-07T16:50:09+00:00,2026-08-08T00:50:09+08:00,2026-08-07T23:50:01+08:00,466
2026-08-07T17:00:05+00:00,2026-08-08T01:00:05+08:00,2026-08-07T23:50:01+08:00,466
2026-08-07T17:20:02+00:00,2026-08-08T01:20:02+08:00,2026-08-07T23:50:01+08:00,466
2026-08-07T17:39:55+00:00,2026-08-08T01:39:55+08:00,2026-08-07T23:50:01+08:00,466
2026-08-07T17:40:29+00:00,2026-08-08T01:40:29+08:00,2026-08-07T23:50:01+08:00,466
2026-08-07T18:00:04+00:00,2026-08-08T02:00:04+08:00,2026-08-07T23:50:01+08:00,466
2026-08-07T18:20:10+00:00,2026-08-08T02:20:10+08:00,2026-08-07T23:50:01+08:00,466
2026-08-07T18:38:21+00:00,2026-08-08T02:38:21+08:00,2026-08-07T23:50:01+08:00,466
2026-08-07T18:40:01+00:00,2026-08-08T02:40:01+08:00,2026-08-07T23:50:01+08:00,466
2026-08-07T19:00:08+00:00,2026-08-08T03:00:08+08:00,2026-08-07T23:50:01+08:00,466
2026-08-07T19:20:07+00:00,2026-08-08T03:20:07+08:00,2026-08-07T23:50:01+08:00,466
2026-08-07T19:43:18+00:00,2026-08-08T03:43:18+08:00,2026-08-07T23:50:01+08:00,466
2026-08-07T20:00:03+00:00,2026-08-08T04:00:03+08:00,2026-08-07T23:50:01+08:00,466
2026-08-07T20:20:02+00:00,2026-08-08T04:20:02+08:00,2026-08-07T23:50:01+08:00,466
2026-08-07T20:40:08+00:00,2026-08-08T04:40:08+08:00,2026-08-07T23:50:01+08:00,466
2026-08-07T20:41:37+00:00,2026-08-08T04:41:37+08:00,2026-08-07T23:50:01+08:00,466
2026-08-07T20:55:02+00:00,2026-08-08T04:55:02+08:00,2026-08-07T23:50:01+08:00,466
2026-08-07T20:56:08+00:00,2026-08-08T04:56:08+08:00,2026-08-07T23:50:01+08:00,466
2026-08-07T20:57:04+00:00,2026-08-08T04:57:04+08:00,2026-08-07T23:50:01+08:00,466
2026-08-07T20:58:10+00:00,2026-08-08T04:58:10+08:00,2026-08-07T23:50:01+08:00,466
2026-08-07T20:59:05+00:00,2026-08-08T04:59:05+08:00,2026-08-07T23:50:01+08:00,466
2026-08-07T21:00:10+00:00,2026-08-08T05:00:10+08:00,2026-08-07T23:50:01+08:00,466
2026-08-07T21:01:06+00:00,2026-08-08T05:01:06+08:00,2026-08-07T23:50:01+08:00,466
2026-08-07T21:02:01+00:00,2026-08-08T05:02:01+08:00,2026-08-07T23:50:01+08:00,466
2026-08-07T21:03:08+00:00,2026-08-08T05:03:08+08:00,2026-08-07T23:50:01+08:00,466
2026-08-07T21:04:03+00:00,2026-08-08T05:04:03+08:00,2026-08-08T05:00:00+08:00,466
2026-08-07T21:05:10+00:00,2026-08-08T05:05:10+08:00,2026-08-08T05:00:00+08:00,466
2026-08-07T21:06:06+00:00,2026-08-08T05:06:06+08:00,2026-08-08T05:00:00+08:00,466
2026-08-07T21:07:02+00:00,2026-08-08T05:07:02+08:00,2026-08-08T05:00:00+08:00,466
2026-08-07T21:08:07+00:00,2026-08-08T05:08:07+08:00,2026-08-08T05:00:00+08:00,466
2026-08-07T21:09:02+00:00,2026-08-08T05:09:02+08:00,2026-08-08T05:05:01+08:00,466
2026-08-07T21:10:09+00:00,2026-08-08T05:10:09+08:00,2026-08-08T05:05:01+08:00,466
2026-08-07T21:11:04+00:00,2026-08-08T05:11:04+08:00,2026-08-08T05:05:01+08:00,466
2026-08-07T21:12:08+00:00,2026-08-08T05:12:08+08:00,2026-08-08T05:05:01+08:00,466
2026-08-07T21:13:04+00:00,2026-08-08T05:13:04+08:00,2026-08-08T05:05:01+08:00,466
2026-08-07T21:14:09+00:00,2026-08-08T05:14:09+08:00,2026-08-08T05:10:01+08:00,466
2026-08-07T21:15:04+00:00,2026-08-08T05:15:04+08:00,2026-08-08T05:10:01+08:00,466
2026-08-07T21:16:10+00:00,2026-08-08T05:16:10+08:00,2026-08-08T05:10:01+08:00,466
2026-08-07T21:17:06+00:00,2026-08-08T05:17:06+08:00,2026-08-08T05:10:01+08:00,466
2026-08-07T21:18:00+00:00,2026-08-08T05:18:00+08:00,2026-08-08T05:10:01+08:00,466
2026-08-07T21:19:07+00:00,2026-08-08T05:19:07+08:00,2026-08-08T05:15:01+08:00,466
2026-08-07T21:20:03+00:00,2026-08-08T05:20:03+08:00,2026-08-08T05:15:01+08:00,466
2026-08-07T21:21:08+00:00,2026-08-08T05:21:08+08:00,2026-08-08T05:15:01+08:00,466
2026-08-07T21:22:04+00:00,2026-08-08T05:22:04+08:00,2026-08-08T05:15:01+08:00,466
2026-08-07T21:23:09+00:00,2026-08-08T05:23:09+08:00,2026-08-08T05:15:01+08:00,466
2026-08-07T21:24:04+00:00,2026-08-08T05:24:04+08:00,2026-08-08T05:20:01+08:00,466
2026-08-07T21:25:10+00:00,2026-08-08T05:25:10+08:00,2026-08-08T05:20:01+08:00,466
2026-08-07T21:26:07+00:00,2026-08-08T05:26:07+08:00,2026-08-08T05:20:01+08:00,466
2026-08-07T21:27:03+00:00,2026-08-08T05:27:03+08:00,2026-08-08T05:20:01+08:00,466
2026-08-07T21:28:07+00:00,2026-08-08T05:28:07+08:00,2026-08-08T05:20:01+08:00,466
2026-08-07T21:29:01+00:00,2026-08-08T05:29:01+08:00,2026-08-08T05:25:01+08:00,466
2026-08-07T21:30:07+00:00,2026-08-08T05:30:07+08:00,2026-08-08T05:25:01+08:00,466
2026-08-07T21:31:02+00:00,2026-08-08T05:31:02+08:00,2026-08-08T05:25:01+08:00,466
2026-08-07T21:32:07+00:00,2026-08-08T05:32:07+08:00,2026-08-08T05:25:01+08:00,466
2026-08-07T21:33:03+00:00,2026-08-08T05:33:03+08:00,2026-08-08T05:25:01+08:00,466
2026-08-07T21:34:08+00:00,2026-08-08T05:34:08+08:00,2026-08-08T05:30:01+08:00,466
2026-08-07T21:35:04+00:00,2026-08-08T05:35:04+08:00,2026-08-08T05:30:01+08:00,466
2026-08-07T21:36:10+00:00,2026-08-08T05:36:10+08:00,2026-08-08T05:30:01+08:00,466
2026-08-07T21:37:05+00:00,2026-08-08T05:37:05+08:00,2026-08-08T05:30:01+08:00,466
2026-08-07T21:38:09+00:00,2026-08-08T05:38:09+08:00,2026-08-08T05:30:01+08:00,466
2026-08-07T21:39:05+00:00,2026-08-08T05:39:05+08:00,2026-08-08T05:35:01+08:00,466
2026-08-07T21:39:55+00:00,2026-08-08T05:39:55+08:00,2026-08-08T05:35:01+08:00,466
2026-08-07T21:40:51+00:00,2026-08-08T05:40:51+08:00,2026-08-08T05:35:01+08:00,466
2026-08-07T21:41:06+00:00,2026-08-08T05:41:06+08:00,2026-08-08T05:35:01+08:00,466
2026-08-07T21:42:01+00:00,2026-08-08T05:42:01+08:00,2026-08-08T05:35:01+08:00,466
2026-08-07T21:43:07+00:00,2026-08-08T05:43:07+08:00,2026-08-08T05:35:01+08:00,466
2026-08-07T21:44:02+00:00,2026-08-08T05:44:02+08:00,2026-08-08T05:40:01+08:00,466
2026-08-07T21:45:08+00:00,2026-08-08T05:45:08+08:00,2026-08-08T05:40:01+08:00,466
2026-08-07T21:46:04+00:00,2026-08-08T05:46:04+08:00,2026-08-08T05:40:01+08:00,466
2026-08-07T21:47:09+00:00,2026-08-08T05:47:09+08:00,2026-08-08T05:40:01+08:00,466
2026-08-07T21:48:04+00:00,2026-08-08T05:48:04+08:00,2026-08-08T05:40:01+08:00,466
2026-08-07T21:49:09+00:00,2026-08-08T05:49:09+08:00,2026-08-08T05:45:01+08:00,466
2026-08-07T21:50:05+00:00,2026-08-08T05:50:05+08:00,2026-08-08T05:45:01+08:00,466
2026-08-07T22:00:03+00:00,2026-08-08T06:00:03+08:00,2026-08-08T05:55:01+08:00,466
2026-08-07T22:10:01+00:00,2026-08-08T06:10:01+08:00,2026-08-08T06:05:01+08:00,466
2026-08-07T22:20:09+00:00,2026-08-08T06:20:09+08:00,2026-08-08T06:15:01+08:00,466
2026-08-07T22:30:06+00:00,2026-08-08T06:30:06+08:00,2026-08-08T06:25:01+08:00,466
2026-08-07T22:38:25+00:00,2026-08-08T06:38:25+08:00,2026-08-08T06:30:01+08:00,466
2026-08-07T22:40:03+00:00,2026-08-08T06:40:03+08:00,2026-08-08T06:35:01+08:00,466
2026-08-07T22:50:02+00:00,2026-08-08T06:50:02+08:00,2026-08-08T06:45:01+08:00,466
2026-08-07T23:00:03+00:00,2026-08-08T07:00:03+08:00,2026-08-08T06:55:01+08:00,466
2026-08-07T23:10:02+00:00,2026-08-08T07:10:02+08:00,2026-08-08T07:05:01+08:00,466
2026-08-07T23:20:04+00:00,2026-08-08T07:20:04+08:00,2026-08-08T07:15:01+08:00,466
2026-08-07T23:30:03+00:00,2026-08-08T07:30:03+08:00,2026-08-08T07:25:01+08:00,465
2026-08-07T23:36:50+00:00,2026-08-08T07:36:50+08:00,2026-08-08T07:30:01+08:00,465
2026-08-07T23:40:07+00:00,2026-08-08T07:40:07+08:00,2026-08-08T07:35:01+08:00,464
2026-08-07T23:50:09+00:00,2026-08-08T07:50:09+08:00,2026-08-08T07:45:01+08:00,464
2026-08-08T00:00:03+00:00,2026-08-08T08:00:03+08:00,2026-08-08T07:55:01+08:00,464
2026-08-08T00:10:05+00:00,2026-08-08T08:10:05+08:00,2026-08-08T08:05:01+08:00,461
2026-08-08T00:20:10+00:00,2026-08-08T08:20:10+08:00,2026-08-08T08:15:01+08:00,460
2026-08-08T00:30:02+00:00,2026-08-08T08:30:02+08:00,2026-08-08T08:25:01+08:00,454
2026-08-08T00:35:01+00:00,2026-08-08T08:35:01+08:00,2026-08-08T08:30:01+08:00,454
2026-08-08T00:40:09+00:00,2026-08-08T08:40:09+08:00,2026-08-08T08:35:01+08:00,453
2026-08-08T00:50:07+00:00,2026-08-08T08:50:07+08:00,2026-08-08T08:45:01+08:00,447
2026-08-08T01:00:05+00:00,2026-08-08T09:00:05+08:00,2026-08-08T08:55:01+08:00,440
2026-08-08T01:10:03+00:00,2026-08-08T09:10:03+08:00,2026-08-08T09:05:01+08:00,440
2026-08-08T01:20:10+00:00,2026-08-08T09:20:10+08:00,2026-08-08T09:15:01+08:00,431
2026-08-08T01:30:08+00:00,2026-08-08T09:30:08+08:00,2026-08-08T09:25:01+08:00,428
2026-08-08T01:33:17+00:00,2026-08-08T09:33:17+08:00,2026-08-08T09:25:01+08:00,428
2026-08-08T01:40:06+00:00,2026-08-08T09:40:06+08:00,2026-08-08T09:35:01+08:00,421
2026-08-08T01:50:04+00:00,2026-08-08T09:50:04+08:00,2026-08-08T09:45:01+08:00,418
2026-08-08T02:00:02+00:00,2026-08-08T10:00:02+08:00,2026-08-08T09:55:01+08:00,408
2026-08-08T02:10:10+00:00,2026-08-08T10:10:10+08:00,2026-08-08T10:05:01+08:00,405
2026-08-08T02:20:09+00:00,2026-08-08T10:20:09+08:00,2026-08-08T10:15:01+08:00,396
2026-08-08T02:30:06+00:00,2026-08-08T10:30:06+08:00,2026-08-08T10:25:01+08:00,393
2026-08-08T02:48:46+00:00,2026-08-08T10:48:46+08:00,2026-08-08T10:45:01+08:00,384
2026-08-08T02:50:02+00:00,2026-08-08T10:50:02+08:00,2026-08-08T10:45:01+08:00,384
2026-08-08T03:00:10+00:00,2026-08-08T11:00:10+08:00,2026-08-08T10:55:01+08:00,374
2026-08-08T03:10:10+00:00,2026-08-08T11:10:10+08:00,2026-08-08T11:05:01+08:00,371
2026-08-08T03:20:10+00:00,2026-08-08T11:20:10+08:00,2026-08-08T11:15:01+08:00,362
2026-08-08T03:30:09+00:00,2026-08-08T11:30:09+08:00,2026-08-08T11:25:01+08:00,359
2026-08-08T03:40:09+00:00,2026-08-08T11:40:09+08:00,2026-08-08T11:35:01+08:00,352
2026-08-08T04:03:38+00:00,2026-08-08T12:03:38+08:00,2026-08-08T12:00:01+08:00,340
2026-08-08T04:10:10+00:00,2026-08-08T12:10:10+08:00,2026-08-08T12:05:01+08:00,337
2026-08-08T04:20:09+00:00,2026-08-08T12:20:09+08:00,2026-08-08T12:15:01+08:00,328
2026-08-08T04:30:10+00:00,2026-08-08T12:30:10+08:00,2026-08-08T12:25:01+08:00,325
2026-08-08T04:40:09+00:00,2026-08-08T12:40:09+08:00,2026-08-08T12:35:01+08:00,319
2026-08-08T04:50:08+00:00,2026-08-08T12:50:08+08:00,2026-08-08T12:45:01+08:00,316
2026-08-08T05:00:10+00:00,2026-08-08T13:00:10+08:00,2026-08-08T12:55:01+08:00,307
2026-08-08T05:13:25+00:00,2026-08-08T13:13:25+08:00,2026-08-08T13:05:01+08:00,304
2026-08-08T05:20:04+00:00,2026-08-08T13:20:04+08:00,2026-08-08T13:15:01+08:00,295
2026-08-08T05:30:06+00:00,2026-08-08T13:30:06+08:00,2026-08-08T13:25:01+08:00,292
2026-08-08T05:40:04+00:00,2026-08-08T13:40:04+08:00,2026-08-08T13:35:01+08:00,289
2026-08-08T05:50:03+00:00,2026-08-08T13:50:03+08:00,2026-08-08T13:45:01+08:00,286
2026-08-08T06:00:04+00:00,2026-08-08T14:00:04+08:00,2026-08-08T13:55:01+08:00,277
2026-08-08T06:10:05+00:00,2026-08-08T14:10:05+08:00,2026-08-08T14:05:01+08:00,274
2026-08-08T06:11:44+00:00,2026-08-08T14:11:44+08:00,2026-08-08T14:05:01+08:00,274
2026-08-08T06:20:02+00:00,2026-08-08T14:20:02+08:00,2026-08-08T14:15:01+08:00,268
2026-08-08T06:30:04+00:00,2026-08-08T14:30:04+08:00,2026-08-08T14:25:01+08:00,265
2026-08-08T06:40:06+00:00,2026-08-08T14:40:06+08:00,2026-08-08T14:35:01+08:00,259
2026-08-08T06:50:10+00:00,2026-08-08T14:50:10+08:00,2026-08-08T14:45:01+08:00,256
2026-08-08T07:00:04+00:00,2026-08-08T15:00:04+08:00,2026-08-08T14:55:01+08:00,247
2026-08-08T07:26:34+00:00,2026-08-08T15:26:34+08:00,2026-08-08T15:20:01+08:00,238
2026-08-08T07:30:05+00:00,2026-08-08T15:30:05+08:00,2026-08-08T15:25:01+08:00,235
2026-08-08T07:40:07+00:00,2026-08-08T15:40:07+08:00,2026-08-08T15:35:01+08:00,232
2026-08-08T07:50:01+00:00,2026-08-08T15:50:01+08:00,2026-08-08T15:45:01+08:00,229
2026-08-08T08:00:04+00:00,2026-08-08T16:00:04+08:00,2026-08-08T15:55:01+08:00,220
2026-08-08T08:10:07+00:00,2026-08-08T16:10:07+08:00,2026-08-08T16:05:01+08:00,217
2026-08-08T08:20:03+00:00,2026-08-08T16:20:03+08:00,2026-08-08T16:15:01+08:00,211
2026-08-08T08:24:51+00:00,2026-08-08T16:24:51+08:00,2026-08-08T16:20:01+08:00,211
2026-08-08T08:30:02+00:00,2026-08-08T16:30:02+08:00,2026-08-08T16:25:01+08:00,208
2026-08-08T08:40:00+00:00,2026-08-08T16:40:00+08:00,2026-08-08T16:35:01+08:00,202
2026-08-08T08:50:00+00:00,2026-08-08T16:50:00+08:00,2026-08-08T16:45:01+08:00,199
2026-08-08T09:00:02+00:00,2026-08-08T17:00:02+08:00,2026-08-08T16:55:01+08:00,190
2026-08-08T09:10:04+00:00,2026-08-08T17:10:04+08:00,2026-08-08T17:05:01+08:00,190
2026-08-08T09:20:04+00:00,2026-08-08T17:20:04+08:00,2026-08-08T17:15:01+08:00,184
2026-08-08T09:23:12+00:00,2026-08-08T17:23:12+08:00,2026-08-08T17:15:01+08:00,184
2026-08-08T09:30:06+00:00,2026-08-08T17:30:06+08:00,2026-08-08T17:25:01+08:00,181
2026-08-08T09:40:08+00:00,2026-08-08T17:40:08+08:00,2026-08-08T17:35:01+08:00,178
2026-08-08T09:50:10+00:00,2026-08-08T17:50:10+08:00,2026-08-08T17:45:01+08:00,175
2026-08-08T10:00:03+00:00,2026-08-08T18:00:03+08:00,2026-08-08T17:55:01+08:00,166
2026-08-08T10:10:05+00:00,2026-08-08T18:10:05+08:00,2026-08-08T18:05:01+08:00,160
2026-08-08T10:20:08+00:00,2026-08-08T18:20:08+08:00,2026-08-08T18:15:01+08:00,151
2026-08-08T10:21:28+00:00,2026-08-08T18:21:28+08:00,2026-08-08T18:15:01+08:00,151
2026-08-08T10:30:03+00:00,2026-08-08T18:30:03+08:00,2026-08-08T18:25:01+08:00,148
2026-08-08T10:40:05+00:00,2026-08-08T18:40:05+08:00,2026-08-08T18:35:01+08:00,145
2026-08-08T10:50:09+00:00,2026-08-08T18:50:09+08:00,2026-08-08T18:45:01+08:00,142
2026-08-08T11:00:03+00:00,2026-08-08T19:00:03+08:00,2026-08-08T18:55:01+08:00,133
2026-08-08T11:10:05+00:00,2026-08-08T19:10:05+08:00,2026-08-08T19:05:01+08:00,133
2026-08-08T11:19:41+00:00,2026-08-08T19:19:41+08:00,2026-08-08T19:15:01+08:00,127
2026-08-08T11:20:37+00:00,2026-08-08T19:20:37+08:00,2026-08-08T19:15:01+08:00,127
2026-08-08T11:30:03+00:00,2026-08-08T19:30:03+08:00,2026-08-08T19:25:01+08:00,124
2026-08-08T11:40:03+00:00,2026-08-08T19:40:03+08:00,2026-08-08T19:35:01+08:00,121
2026-08-08T11:50:10+00:00,2026-08-08T19:50:10+08:00,2026-08-08T19:45:01+08:00,118
2026-08-08T12:00:09+00:00,2026-08-08T20:00:09+08:00,2026-08-08T19:55:01+08:00,109
2026-08-08T12:10:09+00:00,2026-08-08T20:10:09+08:00,2026-08-08T20:05:01+08:00,109
2026-08-08T12:18:04+00:00,2026-08-08T20:18:04+08:00,2026-08-08T20:10:01+08:00,106
2026-08-08T12:20:10+00:00,2026-08-08T20:20:10+08:00,2026-08-08T20:15:01+08:00,103
2026-08-08T12:30:05+00:00,2026-08-08T20:30:05+08:00,2026-08-08T20:25:01+08:00,100
2026-08-08T12:40:10+00:00,2026-08-08T20:40:10+08:00,2026-08-08T20:35:01+08:00,94
2026-08-08T12:50:04+00:00,2026-08-08T20:50:04+08:00,2026-08-08T20:45:01+08:00,91
2026-08-08T13:00:09+00:00,2026-08-08T21:00:09+08:00,2026-08-08T20:55:01+08:00,82
2026-08-08T13:10:03+00:00,2026-08-08T21:10:03+08:00,2026-08-08T21:05:01+08:00,82
2026-08-08T13:16:22+00:00,2026-08-08T21:16:22+08:00,2026-08-08T21:10:01+08:00,79
2026-08-08T13:20:10+00:00,2026-08-08T21:20:10+08:00,2026-08-08T21:15:01+08:00,76
2026-08-08T13:30:08+00:00,2026-08-08T21:30:08+08:00,2026-08-08T21:25:01+08:00,73
2026-08-08T13:40:05+00:00,2026-08-08T21:40:05+08:00,2026-08-08T21:35:01+08:00,70
2026-08-08T13:50:03+00:00,2026-08-08T21:50:03+08:00,2026-08-08T21:45:01+08:00,67
2026-08-08T14:00:01+00:00,2026-08-08T22:00:01+08:00,2026-08-08T21:55:01+08:00,58
2026-08-08T14:10:09+00:00,2026-08-08T22:10:09+08:00,2026-08-08T22:05:01+08:00,58
2026-08-08T14:14:44+00:00,2026-08-08T22:14:44+08:00,2026-08-08T22:10:01+08:00,55
2026-08-08T14:20:03+00:00,2026-08-08T22:20:03+08:00,2026-08-08T22:15:01+08:00,52
2026-08-08T14:30:01+00:00,2026-08-08T22:30:01+08:00,2026-08-08T22:25:01+08:00,49
2026-08-08T14:40:09+00:00,2026-08-08T22:40:09+08:00,2026-08-08T22:35:01+08:00,46
2026-08-08T14:50:05+00:00,2026-08-08T22:50:05+08:00,2026-08-08T22:45:01+08:00,43
2026-08-08T15:00:02+00:00,2026-08-08T23:00:02+08:00,2026-08-08T22:55:01+08:00,34
2026-08-08T15:10:08+00:00,2026-08-08T23:10:08+08:00,2026-08-08T23:05:01+08:00,34
2026-08-08T15:13:15+00:00,2026-08-08T23:13:15+08:00,2026-08-08T23:05:01+08:00,34
2026-08-08T15:20:04+00:00,2026-08-08T23:20:04+08:00,2026-08-08T23:15:01+08:00,31
2026-08-08T15:30:02+00:00,2026-08-08T23:30:02+08:00,2026-08-08T23:25:01+08:00,28
2026-08-08T15:40:09+00:00,2026-08-08T23:40:09+08:00,2026-08-08T23:35:01+08:00,24
2026-08-08T15:50:06+00:00,2026-08-08T23:50:06+08:00,2026-08-08T23:45:01+08:00,20
2026-08-08T16:00:04+00:00,2026-08-09T00:00:04+08:00,2026-08-08T23:50:01+08:00,508
2026-08-08T16:10:10+00:00,2026-08-09T00:10:10+08:00,2026-08-08T23:50:01+08:00,508
2026-08-08T16:11:28+00:00,2026-08-09T00:11:28+08:00,2026-08-08T23:50:01+08:00,508
2026-08-08T16:20:08+00:00,2026-08-09T00:20:08+08:00,2026-08-08T23:50:01+08:00,508
2026-08-08T16:30:04+00:00,2026-08-09T00:30:04+08:00,2026-08-08T23:50:01+08:00,508
2026-08-08T16:40:10+00:00,2026-08-09T00:40:10+08:00,2026-08-08T23:50:01+08:00,508
2026-08-08T16:50:07+00:00,2026-08-09T00:50:07+08:00,2026-08-08T23:50:01+08:00,508
2026-08-08T17:00:03+00:00,2026-08-09T01:00:03+08:00,2026-08-08T23:50:01+08:00,508
2026-08-08T17:09:41+00:00,2026-08-09T01:09:41+08:00,2026-08-08T23:50:01+08:00,508
2026-08-08T17:20:09+00:00,2026-08-09T01:20:09+08:00,2026-08-08T23:50:01+08:00,508
2026-08-08T17:40:05+00:00,2026-08-09T01:40:05+08:00,2026-08-08T23:50:01+08:00,508
2026-08-08T18:00:11+00:00,2026-08-09T02:00:11+08:00,2026-08-08T23:50:01+08:00,508
2026-08-08T18:07:59+00:00,2026-08-09T02:07:59+08:00,2026-08-08T23:50:01+08:00,508
2026-08-08T18:20:11+00:00,2026-08-09T02:20:11+08:00,2026-08-08T23:50:01+08:00,508
2026-08-08T18:40:07+00:00,2026-08-09T02:40:07+08:00,2026-08-08T23:50:01+08:00,508
2026-08-08T19:00:03+00:00,2026-08-09T03:00:03+08:00,2026-08-08T23:50:01+08:00,508
2026-08-08T19:06:12+00:00,2026-08-09T03:06:12+08:00,2026-08-08T23:50:01+08:00,508
2026-08-08T19:20:10+00:00,2026-08-09T03:20:10+08:00,2026-08-08T23:50:01+08:00,508
2026-08-08T19:40:06+00:00,2026-08-09T03:40:06+08:00,2026-08-08T23:50:01+08:00,508
2026-08-08T20:00:02+00:00,2026-08-09T04:00:02+08:00,2026-08-08T23:50:01+08:00,508
2026-08-08T20:04:30+00:00,2026-08-09T04:04:30+08:00,2026-08-08T23:50:01+08:00,508
2026-08-08T20:20:09+00:00,2026-08-09T04:20:09+08:00,2026-08-08T23:50:01+08:00,508
2026-08-08T20:40:05+00:00,2026-08-09T04:40:05+08:00,2026-08-08T23:50:01+08:00,508
2026-08-08T20:55:01+00:00,2026-08-09T04:55:01+08:00,2026-08-08T23:50:01+08:00,508
2026-08-08T20:56:07+00:00,2026-08-09T04:56:07+08:00,2026-08-08T23:50:01+08:00,508
2026-08-08T20:57:02+00:00,2026-08-09T04:57:02+08:00,2026-08-08T23:50:01+08:00,508
2026-08-08T20:58:09+00:00,2026-08-09T04:58:09+08:00,2026-08-08T23:50:01+08:00,508
2026-08-08T20:59:04+00:00,2026-08-09T04:59:04+08:00,2026-08-08T23:50:01+08:00,508
2026-08-08T21:00:10+00:00,2026-08-09T05:00:10+08:00,2026-08-08T23:50:01+08:00,508
2026-08-08T21:01:06+00:00,2026-08-09T05:01:06+08:00,2026-08-08T23:50:01+08:00,508
2026-08-08T21:02:02+00:00,2026-08-09T05:02:02+08:00,2026-08-08T23:50:01+08:00,508
2026-08-08T21:02:51+00:00,2026-08-09T05:02:51+08:00,2026-08-08T23:50:01+08:00,508
2026-08-08T21:03:09+00:00,2026-08-09T05:03:09+08:00,2026-08-08T23:50:01+08:00,508
2026-08-08T21:04:04+00:00,2026-08-09T05:04:04+08:00,2026-08-09T05:00:00+08:00,508
2026-08-08T21:05:01+00:00,2026-08-09T05:05:01+08:00,2026-08-09T05:00:00+08:00,508
2026-08-08T21:06:07+00:00,2026-08-09T05:06:07+08:00,2026-08-09T05:00:00+08:00,508
2026-08-08T21:07:02+00:00,2026-08-09T05:07:02+08:00,2026-08-09T05:00:00+08:00,508
2026-08-08T21:08:06+00:00,2026-08-09T05:08:06+08:00,2026-08-09T05:00:00+08:00,508
2026-08-08T21:09:02+00:00,2026-08-09T05:09:02+08:00,2026-08-09T05:05:01+08:00,508
2026-08-08T21:10:08+00:00,2026-08-09T05:10:08+08:00,2026-08-09T05:05:01+08:00,508
2026-08-08T21:11:03+00:00,2026-08-09T05:11:03+08:00,2026-08-09T05:05:01+08:00,508
2026-08-08T21:12:09+00:00,2026-08-09T05:12:09+08:00,2026-08-09T05:05:01+08:00,508
2026-08-08T21:13:05+00:00,2026-08-09T05:13:05+08:00,2026-08-09T05:05:01+08:00,508
2026-08-08T21:14:01+00:00,2026-08-09T05:14:01+08:00,2026-08-09T05:10:01+08:00,508
2026-08-08T21:15:07+00:00,2026-08-09T05:15:07+08:00,2026-08-09T05:10:01+08:00,508
2026-08-08T21:16:02+00:00,2026-08-09T05:16:02+08:00,2026-08-09T05:10:01+08:00,508
2026-08-08T21:17:07+00:00,2026-08-09T05:17:07+08:00,2026-08-09T05:10:01+08:00,508
2026-08-08T21:18:09+00:00,2026-08-09T05:18:09+08:00,2026-08-09T05:10:01+08:00,508
2026-08-08T21:19:06+00:00,2026-08-09T05:19:06+08:00,2026-08-09T05:15:01+08:00,508
2026-08-08T21:20:02+00:00,2026-08-09T05:20:02+08:00,2026-08-09T05:15:01+08:00,508
2026-08-08T21:21:07+00:00,2026-08-09T05:21:07+08:00,2026-08-09T05:15:01+08:00,508
2026-08-08T21:22:03+00:00,2026-08-09T05:22:03+08:00,2026-08-09T05:15:01+08:00,508
2026-08-08T21:23:08+00:00,2026-08-09T05:23:08+08:00,2026-08-09T05:15:01+08:00,508
2026-08-08T21:24:04+00:00,2026-08-09T05:24:04+08:00,2026-08-09T05:20:01+08:00,508
2026-08-08T21:25:10+00:00,2026-08-09T05:25:10+08:00,2026-08-09T05:20:01+08:00,508
2026-08-08T21:26:06+00:00,2026-08-09T05:26:06+08:00,2026-08-09T05:20:01+08:00,508
2026-08-08T21:27:01+00:00,2026-08-09T05:27:01+08:00,2026-08-09T05:20:01+08:00,508
2026-08-08T21:28:04+00:00,2026-08-09T05:28:04+08:00,2026-08-09T05:20:01+08:00,508
2026-08-08T21:29:09+00:00,2026-08-09T05:29:09+08:00,2026-08-09T05:25:01+08:00,508
2026-08-08T21:30:04+00:00,2026-08-09T05:30:04+08:00,2026-08-09T05:25:01+08:00,508
2026-08-08T21:31:10+00:00,2026-08-09T05:31:10+08:00,2026-08-09T05:25:01+08:00,508
2026-08-08T21:32:06+00:00,2026-08-09T05:32:06+08:00,2026-08-09T05:25:01+08:00,508
2026-08-08T21:33:01+00:00,2026-08-09T05:33:01+08:00,2026-08-09T05:25:01+08:00,508
2026-08-08T21:34:08+00:00,2026-08-09T05:34:08+08:00,2026-08-09T05:30:01+08:00,508
2026-08-08T21:35:03+00:00,2026-08-09T05:35:03+08:00,2026-08-09T05:30:01+08:00,508
2026-08-08T21:36:09+00:00,2026-08-09T05:36:09+08:00,2026-08-09T05:30:01+08:00,508
2026-08-08T21:37:04+00:00,2026-08-09T05:37:04+08:00,2026-08-09T05:30:01+08:00,508
2026-08-08T21:38:06+00:00,2026-08-09T05:38:06+08:00,2026-08-09T05:30:01+08:00,508
2026-08-08T21:39:02+00:00,2026-08-09T05:39:02+08:00,2026-08-09T05:35:01+08:00,508
2026-08-08T21:40:08+00:00,2026-08-09T05:40:08+08:00,2026-08-09T05:35:01+08:00,508
2026-08-08T21:41:04+00:00,2026-08-09T05:41:04+08:00,2026-08-09T05:35:01+08:00,508
2026-08-08T21:42:10+00:00,2026-08-09T05:42:10+08:00,2026-08-09T05:35:01+08:00,508
2026-08-08T21:43:06+00:00,2026-08-09T05:43:06+08:00,2026-08-09T05:35:01+08:00,508
2026-08-08T21:44:02+00:00,2026-08-09T05:44:02+08:00,2026-08-09T05:40:01+08:00,508
2026-08-08T21:45:09+00:00,2026-08-09T05:45:09+08:00,2026-08-09T05:40:01+08:00,508
2026-08-08T21:46:05+00:00,2026-08-09T05:46:05+08:00,2026-08-09T05:40:01+08:00,508
2026-08-08T21:47:10+00:00,2026-08-09T05:47:10+08:00,2026-08-09T05:40:01+08:00,508
2026-08-08T21:48:03+00:00,2026-08-09T05:48:03+08:00,2026-08-09T05:40:01+08:00,508
2026-08-08T21:49:08+00:00,2026-08-09T05:49:08+08:00,2026-08-09T05:45:01+08:00,508
2026-08-08T21:50:04+00:00,2026-08-09T05:50:04+08:00,2026-08-09T05:45:01+08:00,508
2026-08-08T22:00:10+00:00,2026-08-09T06:00:10+08:00,2026-08-09T05:55:01+08:00,508
2026-08-08T22:01:10+00:00,2026-08-09T06:01:10+08:00,2026-08-09T05:55:01+08:00,508
2026-08-08T22:10:05+00:00,2026-08-09T06:10:05+08:00,2026-08-09T06:05:01+08:00,508
2026-08-08T22:20:01+00:00,2026-08-09T06:20:01+08:00,2026-08-09T06:15:01+08:00,508
2026-08-08T22:30:09+00:00,2026-08-09T06:30:09+08:00,2026-08-09T06:25:01+08:00,508
2026-08-08T22:40:06+00:00,2026-08-09T06:40:06+08:00,2026-08-09T06:35:01+08:00,508
2026-08-08T22:50:03+00:00,2026-08-09T06:50:03+08:00,2026-08-09T06:45:01+08:00,508
2026-08-08T22:59:20+00:00,2026-08-09T06:59:20+08:00,2026-08-09T06:55:01+08:00,508
2026-08-08T23:00:23+00:00,2026-08-09T07:00:23+08:00,2026-08-09T06:55:01+08:00,508
2026-08-08T23:10:02+00:00,2026-08-09T07:10:02+08:00,2026-08-09T07:05:01+08:00,508
2026-08-08T23:20:07+00:00,2026-08-09T07:20:07+08:00,2026-08-09T07:15:01+08:00,508
2026-08-08T23:30:06+00:00,2026-08-09T07:30:06+08:00,2026-08-09T07:25:01+08:00,507
2026-08-08T23:40:06+00:00,2026-08-09T07:40:06+08:00,2026-08-09T07:35:01+08:00,506
2026-08-08T23:50:08+00:00,2026-08-09T07:50:08+08:00,2026-08-09T07:45:01+08:00,506
2026-08-08T23:57:50+00:00,2026-08-09T07:57:50+08:00,2026-08-09T07:50:01+08:00,506
2026-08-09T00:00:05+00:00,2026-08-09T08:00:05+08:00,2026-08-09T07:55:01+08:00,506
2026-08-09T00:10:02+00:00,2026-08-09T08:10:02+08:00,2026-08-09T08:05:01+08:00,503
2026-08-09T00:20:10+00:00,2026-08-09T08:20:10+08:00,2026-08-09T08:15:01+08:00,502
2026-08-09T00:30:08+00:00,2026-08-09T08:30:08+08:00,2026-08-09T08:25:01+08:00,499
2026-08-09T00:40:05+00:00,2026-08-09T08:40:05+08:00,2026-08-09T08:35:01+08:00,499
2026-08-09T00:50:02+00:00,2026-08-09T08:50:02+08:00,2026-08-09T08:45:01+08:00,493
2026-08-09T00:56:12+00:00,2026-08-09T08:56:12+08:00,2026-08-09T08:50:01+08:00,490
2026-08-09T01:00:06+00:00,2026-08-09T09:00:06+08:00,2026-08-09T08:55:01+08:00,487
2026-08-09T01:10:01+00:00,2026-08-09T09:10:01+08:00,2026-08-09T09:05:01+08:00,487
2026-08-09T01:20:08+00:00,2026-08-09T09:20:08+08:00,2026-08-09T09:15:01+08:00,478
2026-08-09T01:30:04+00:00,2026-08-09T09:30:04+08:00,2026-08-09T09:25:01+08:00,478
2026-08-09T01:40:02+00:00,2026-08-09T09:40:02+08:00,2026-08-09T09:35:01+08:00,472
2026-08-09T01:50:09+00:00,2026-08-09T09:50:09+08:00,2026-08-09T09:45:01+08:00,469
2026-08-09T02:56:44+00:00,2026-08-09T10:56:44+08:00,2026-08-09T10:50:01+08:00,436
2026-08-09T03:00:04+00:00,2026-08-09T11:00:04+08:00,2026-08-09T10:55:01+08:00,433
2026-08-09T03:10:10+00:00,2026-08-09T11:10:10+08:00,2026-08-09T11:05:01+08:00,433
2026-08-09T03:20:07+00:00,2026-08-09T11:20:07+08:00,2026-08-09T11:15:01+08:00,424
2026-08-09T03:30:04+00:00,2026-08-09T11:30:04+08:00,2026-08-09T11:25:01+08:00,421
2026-08-09T03:40:10+00:00,2026-08-09T11:40:10+08:00,2026-08-09T11:35:01+08:00,415
2026-08-09T03:50:09+00:00,2026-08-09T11:50:09+08:00,2026-08-09T11:45:01+08:00,412
2026-08-09T04:13:09+00:00,2026-08-09T12:13:09+08:00,2026-08-09T12:05:01+08:00,403
2026-08-09T04:20:03+00:00,2026-08-09T12:20:03+08:00,2026-08-09T12:15:01+08:00,397
2026-08-09T04:30:03+00:00,2026-08-09T12:30:03+08:00,2026-08-09T12:25:01+08:00,394
2026-08-09T04:40:05+00:00,2026-08-09T12:40:05+08:00,2026-08-09T12:35:01+08:00,391
2026-08-09T04:50:05+00:00,2026-08-09T12:50:05+08:00,2026-08-09T12:45:01+08:00,388
2026-08-09T05:00:05+00:00,2026-08-09T13:00:05+08:00,2026-08-09T12:55:01+08:00,379
2026-08-09T05:10:06+00:00,2026-08-09T13:10:06+08:00,2026-08-09T13:05:01+08:00,376
2026-08-09T05:27:42+00:00,2026-08-09T13:27:42+08:00,2026-08-09T13:20:01+08:00,370
2026-08-09T05:30:05+00:00,2026-08-09T13:30:05+08:00,2026-08-09T13:25:01+08:00,367
2026-08-09T05:40:00+00:00,2026-08-09T13:40:00+08:00,2026-08-09T13:35:01+08:00,364
2026-08-09T05:50:06+00:00,2026-08-09T13:50:06+08:00,2026-08-09T13:45:01+08:00,361
2026-08-09T06:00:02+00:00,2026-08-09T14:00:02+08:00,2026-08-09T13:55:01+08:00,352
2026-08-09T06:10:07+00:00,2026-08-09T14:10:07+08:00,2026-08-09T14:05:01+08:00,352
2026-08-09T06:20:03+00:00,2026-08-09T14:20:03+08:00,2026-08-09T14:15:01+08:00,343
2026-08-09T06:26:10+00:00,2026-08-09T14:26:10+08:00,2026-08-09T14:20:01+08:00,343
2026-08-09T06:30:08+00:00,2026-08-09T14:30:08+08:00,2026-08-09T14:25:01+08:00,340
2026-08-09T06:40:03+00:00,2026-08-09T14:40:03+08:00,2026-08-09T14:35:01+08:00,336
2026-08-09T06:50:07+00:00,2026-08-09T14:50:07+08:00,2026-08-09T14:45:01+08:00,333
2026-08-09T07:00:03+00:00,2026-08-09T15:00:03+08:00,2026-08-09T14:55:01+08:00,324
2026-08-09T07:10:09+00:00,2026-08-09T15:10:09+08:00,2026-08-09T15:05:01+08:00,324
2026-08-09T07:20:04+00:00,2026-08-09T15:20:04+08:00,2026-08-09T15:15:01+08:00,315
2026-08-09T07:29:10+00:00,2026-08-09T15:29:10+08:00,2026-08-09T15:25:01+08:00,312
2026-08-09T07:30:10+00:00,2026-08-09T15:30:10+08:00,2026-08-09T15:25:01+08:00,312
2026-08-09T07:40:08+00:00,2026-08-09T15:40:08+08:00,2026-08-09T15:35:01+08:00,305
2026-08-09T07:50:09+00:00,2026-08-09T15:50:09+08:00,2026-08-09T15:45:01+08:00,302
2026-08-09T08:00:08+00:00,2026-08-09T16:00:08+08:00,2026-08-09T15:55:01+08:00,292
2026-08-09T08:10:08+00:00,2026-08-09T16:10:08+08:00,2026-08-09T16:05:01+08:00,292
2026-08-09T08:20:01+00:00,2026-08-09T16:20:01+08:00,2026-08-09T16:15:01+08:00,283
2026-08-09T08:27:53+00:00,2026-08-09T16:27:53+08:00,2026-08-09T16:20:01+08:00,283
2026-08-09T08:30:02+00:00,2026-08-09T16:30:02+08:00,2026-08-09T16:25:01+08:00,280
2026-08-09T08:40:09+00:00,2026-08-09T16:40:09+08:00,2026-08-09T16:35:01+08:00,273
2026-08-09T08:50:07+00:00,2026-08-09T16:50:07+08:00,2026-08-09T16:45:01+08:00,270
2026-08-09T09:00:04+00:00,2026-08-09T17:00:04+08:00,2026-08-09T16:55:01+08:00,260
2026-08-09T09:10:02+00:00,2026-08-09T17:10:02+08:00,2026-08-09T17:05:01+08:00,257
2026-08-09T09:20:02+00:00,2026-08-09T17:20:02+08:00,2026-08-09T17:15:01+08:00,248
2026-08-09T09:26:09+00:00,2026-08-09T17:26:09+08:00,2026-08-09T17:20:01+08:00,248
2026-08-09T09:30:03+00:00,2026-08-09T17:30:03+08:00,2026-08-09T17:25:01+08:00,245
2026-08-09T09:40:02+00:00,2026-08-09T17:40:02+08:00,2026-08-09T17:35:01+08:00,238
2026-08-09T09:50:01+00:00,2026-08-09T17:50:01+08:00,2026-08-09T17:45:01+08:00,235
2026-08-09T10:00:01+00:00,2026-08-09T18:00:01+08:00,2026-08-09T17:55:01+08:00,225
2026-08-09T10:10:10+00:00,2026-08-09T18:10:10+08:00,2026-08-09T18:05:01+08:00,219
2026-08-09T10:20:02+00:00,2026-08-09T18:20:02+08:00,2026-08-09T18:15:01+08:00,210
2026-08-09T10:24:29+00:00,2026-08-09T18:24:29+08:00,2026-08-09T18:20:02+08:00,210
2026-08-09T10:30:07+00:00,2026-08-09T18:30:07+08:00,2026-08-09T18:25:01+08:00,207
2026-08-09T10:40:04+00:00,2026-08-09T18:40:04+08:00,2026-08-09T18:35:01+08:00,200
2026-08-09T10:50:02+00:00,2026-08-09T18:50:02+08:00,2026-08-09T18:45:01+08:00,197
2026-08-09T11:00:09+00:00,2026-08-09T19:00:09+08:00,2026-08-09T18:55:01+08:00,187
2026-08-09T11:10:06+00:00,2026-08-09T19:10:06+08:00,2026-08-09T19:05:01+08:00,187
2026-08-09T11:20:02+00:00,2026-08-09T19:20:02+08:00,2026-08-09T19:15:01+08:00,178
2026-08-09T11:22:51+00:00,2026-08-09T19:22:51+08:00,2026-08-09T19:15:01+08:00,178
2026-08-09T11:30:01+00:00,2026-08-09T19:30:01+08:00,2026-08-09T19:25:01+08:00,175
2026-08-09T11:40:09+00:00,2026-08-09T19:40:09+08:00,2026-08-09T19:35:01+08:00,168
2026-08-09T11:50:06+00:00,2026-08-09T19:50:06+08:00,2026-08-09T19:45:01+08:00,165
2026-08-09T12:00:04+00:00,2026-08-09T20:00:04+08:00,2026-08-09T19:55:01+08:00,155
2026-08-09T12:10:02+00:00,2026-08-09T20:10:02+08:00,2026-08-09T20:05:01+08:00,152
2026-08-09T12:20:02+00:00,2026-08-09T20:20:02+08:00,2026-08-09T20:15:01+08:00,143
2026-08-09T12:21:12+00:00,2026-08-09T20:21:12+08:00,2026-08-09T20:15:01+08:00,143
2026-08-09T12:30:03+00:00,2026-08-09T20:30:03+08:00,2026-08-09T20:25:01+08:00,140
2026-08-09T12:40:10+00:00,2026-08-09T20:40:10+08:00,2026-08-09T20:35:01+08:00,133
2026-08-09T12:50:07+00:00,2026-08-09T20:50:07+08:00,2026-08-09T20:45:01+08:00,130
2026-08-09T13:00:05+00:00,2026-08-09T21:00:05+08:00,2026-08-09T20:55:01+08:00,120
2026-08-09T13:10:03+00:00,2026-08-09T21:10:03+08:00,2026-08-09T21:05:01+08:00,117
2026-08-09T13:19:33+00:00,2026-08-09T21:19:33+08:00,2026-08-09T21:15:01+08:00,108
2026-08-09T13:20:31+00:00,2026-08-09T21:20:31+08:00,2026-08-09T21:15:01+08:00,108
2026-08-09T13:30:09+00:00,2026-08-09T21:30:09+08:00,2026-08-09T21:25:01+08:00,105
2026-08-09T13:40:06+00:00,2026-08-09T21:40:06+08:00,2026-08-09T21:35:01+08:00,98
2026-08-09T13:50:06+00:00,2026-08-09T21:50:06+08:00,2026-08-09T21:45:01+08:00,95
2026-08-09T14:00:03+00:00,2026-08-09T22:00:03+08:00,2026-08-09T21:55:01+08:00,85
2026-08-09T14:10:11+00:00,2026-08-09T22:10:11+08:00,2026-08-09T22:05:01+08:00,82
2026-08-09T14:17:51+00:00,2026-08-09T22:17:51+08:00,2026-08-09T22:10:01+08:00,76
2026-08-09T14:20:01+00:00,2026-08-09T22:20:01+08:00,2026-08-09T22:15:01+08:00,73
2026-08-09T14:30:08+00:00,2026-08-09T22:30:08+08:00,2026-08-09T22:25:01+08:00,70
2026-08-09T14:40:06+00:00,2026-08-09T22:40:06+08:00,2026-08-09T22:35:01+08:00,63
2026-08-09T14:50:03+00:00,2026-08-09T22:50:03+08:00,2026-08-09T22:45:01+08:00,60
2026-08-09T15:00:09+00:00,2026-08-09T23:00:09+08:00,2026-08-09T22:55:01+08:00,51
2026-08-09T15:10:07+00:00,2026-08-09T23:10:07+08:00,2026-08-09T23:05:01+08:00,45
2026-08-09T15:16:03+00:00,2026-08-09T23:16:03+08:00,2026-08-09T23:10:01+08:00,42
2026-08-09T15:20:01+00:00,2026-08-09T23:20:01+08:00,2026-08-09T23:15:01+08:00,37
2026-08-09T15:30:08+00:00,2026-08-09T23:30:08+08:00,2026-08-09T23:25:01+08:00,31
2026-08-09T15:40:05+00:00,2026-08-09T23:40:05+08:00,2026-08-09T23:35:01+08:00,24
2026-08-09T15:50:01+00:00,2026-08-09T23:50:01+08:00,2026-08-09T23:45:01+08:00,20
2026-08-09T16:00:01+00:00,2026-08-10T00:00:01+08:00,2026-08-09T23:50:01+08:00,453
2026-08-09T16:10:09+00:00,2026-08-10T00:10:09+08:00,2026-08-09T23:50:01+08:00,453
2026-08-09T16:14:16+00:00,2026-08-10T00:14:16+08:00,2026-08-09T23:50:01+08:00,453
2026-08-09T16:20:03+00:00,2026-08-10T00:20:03+08:00,2026-08-09T23:50:01+08:00,453
2026-08-09T16:30:08+00:00,2026-08-10T00:30:08+08:00,2026-08-09T23:50:01+08:00,453
2026-08-09T16:40:04+00:00,2026-08-10T00:40:04+08:00,2026-08-09T23:50:01+08:00,453
2026-08-09T16:50:10+00:00,2026-08-10T00:50:10+08:00,2026-08-09T23:50:01+08:00,453
2026-08-09T17:00:06+00:00,2026-08-10T01:00:06+08:00,2026-08-09T23:50:01+08:00,453
2026-08-09T17:12:33+00:00,2026-08-10T01:12:33+08:00,2026-08-09T23:50:01+08:00,453
2026-08-09T17:20:01+00:00,2026-08-10T01:20:01+08:00,2026-08-09T23:50:01+08:00,453
2026-08-09T17:40:07+00:00,2026-08-10T01:40:07+08:00,2026-08-09T23:50:01+08:00,453
2026-08-09T18:00:03+00:00,2026-08-10T02:00:03+08:00,2026-08-09T23:50:01+08:00,453
2026-08-09T18:10:53+00:00,2026-08-10T02:10:53+08:00,2026-08-09T23:50:01+08:00,453
2026-08-09T18:20:02+00:00,2026-08-10T02:20:02+08:00,2026-08-09T23:50:01+08:00,453
2026-08-09T18:40:08+00:00,2026-08-10T02:40:08+08:00,2026-08-09T23:50:01+08:00,453
2026-08-09T19:00:05+00:00,2026-08-10T03:00:05+08:00,2026-08-09T23:50:01+08:00,453
2026-08-09T19:09:14+00:00,2026-08-10T03:09:14+08:00,2026-08-09T23:50:01+08:00,453
2026-08-09T19:20:11+00:00,2026-08-10T03:20:11+08:00,2026-08-09T23:50:01+08:00,453
2026-08-09T19:40:06+00:00,2026-08-10T03:40:06+08:00,2026-08-09T23:50:01+08:00,453
2026-08-09T20:00:02+00:00,2026-08-10T04:00:02+08:00,2026-08-09T23:50:01+08:00,453
2026-08-09T20:07:30+00:00,2026-08-10T04:07:30+08:00,2026-08-09T23:50:01+08:00,453
2026-08-09T20:20:10+00:00,2026-08-10T04:20:10+08:00,2026-08-09T23:50:01+08:00,453
2026-08-09T20:40:07+00:00,2026-08-10T04:40:07+08:00,2026-08-09T23:50:01+08:00,453
2026-08-09T20:55:03+00:00,2026-08-10T04:55:03+08:00,2026-08-09T23:50:01+08:00,453
2026-08-09T20:56:09+00:00,2026-08-10T04:56:09+08:00,2026-08-09T23:50:01+08:00,453
2026-08-09T20:57:05+00:00,2026-08-10T04:57:05+08:00,2026-08-09T23:50:01+08:00,453
2026-08-09T20:58:01+00:00,2026-08-10T04:58:01+08:00,2026-08-09T23:50:01+08:00,453
2026-08-09T20:59:08+00:00,2026-08-10T04:59:08+08:00,2026-08-09T23:50:01+08:00,453
2026-08-09T21:00:04+00:00,2026-08-10T05:00:04+08:00,2026-08-09T23:50:01+08:00,453
2026-08-09T21:01:10+00:00,2026-08-10T05:01:10+08:00,2026-08-09T23:50:01+08:00,453
2026-08-09T21:02:06+00:00,2026-08-10T05:02:06+08:00,2026-08-09T23:50:01+08:00,453
2026-08-09T21:03:01+00:00,2026-08-10T05:03:01+08:00,2026-08-09T23:50:01+08:00,453
2026-08-09T21:04:06+00:00,2026-08-10T05:04:06+08:00,,0
2026-08-09T21:05:01+00:00,2026-08-10T05:05:01+08:00,,0
2026-08-09T22:04:05+00:00,2026-08-10T06:04:05+08:00,2026-08-10T06:00:01+08:00,453
2026-08-09T22:10:09+00:00,2026-08-10T06:10:09+08:00,2026-08-10T06:05:01+08:00,453
2026-08-09T22:20:07+00:00,2026-08-10T06:20:07+08:00,2026-08-10T06:15:01+08:00,453
2026-08-09T22:30:09+00:00,2026-08-10T06:30:09+08:00,2026-08-10T06:25:01+08:00,453
